contigName	contigLen	totalAvgDepth	SRR24442552_sub_sorted.bam	SRR24442552_sub_sorted.bam-var
k141_6249	315	2.47273	2.47273	0.250776
k141_0	413	1.52852	1.52852	0.372276
k141_2083	343	1.56995	1.56995	0.246384
k141_1	453	4.34323	4.34323	0.636766
k141_4166	852	4.90598	4.90598	1.55177
k141_2	423	4.23443	4.23443	1.14337
k141_3	345	2.93846	2.93846	0.387945
k141_4	391	2.3112	2.3112	0.456916
k141_5	794	3.31832	3.31832	1.38063
k141_2084	1621	4.27396	4.27396	2.40448
k141_6	395	2.73061	2.73061	0.550084
k141_2085	403	3.13043	3.13043	0.590062
k141_7	347	4.49239	4.49239	1.51653
k141_2086	307	2.2293	2.2293	0.229136
k141_2087	519	3.11653	3.11653	0.402145
k141_8	1068	5.30065	5.30065	5.71757
k141_2088	683	2.11445	2.11445	0.409809
k141_9	332	2.31868	2.31868	0.693462
k141_4167	3816	4.1994	4.1994	3.02896
k141_2089	628	3.46862	3.46862	1.41096
k141_2090	360	2.64762	2.64762	0.430258
k141_10	753	3.00829	3.00829	1.33713
k141_2091	333	1.59563	1.59563	0.242179
k141_2092	337	2.02674	2.02674	0.789604
k141_2093	381	2.58442	2.58442	0.426538
k141_4168	1125	4.67487	4.67487	4.25662
k141_4169	458	3.64286	3.64286	0.790601
k141_6250	5637	5.30727	5.30727	4.28216
k141_11	1466	4.84043	4.84043	3.39505
k141_6251	520	3.54595	3.54595	0.573762
k141_12	357	3.00966	3.00966	1.72806
k141_6252	331	1.1768	1.1768	0.146348
k141_13	409	4.31274	4.31274	1.81267
k141_14	306	3.41667	3.41667	0.360753
k141_4170	1298	3.68031	3.68031	2.79831
k141_4171	319	2.10651	2.10651	0.238589
k141_6253	787	2.06279	2.06279	0.329383
k141_4172	346	3.27041	3.27041	0.762402
k141_15	685	3.28598	3.28598	0.687725
k141_4173	343	4.0829	4.0829	1.58684
k141_6254	562	5.49272	5.49272	1.89046
k141_16	404	2.26772	2.26772	0.394448
k141_6255	407	2.94163	2.94163	2.00049
k141_4174	662	3.70117	3.70117	1.26277
k141_17	380	1.86957	1.86957	0.113917
k141_4175	369	5.18265	5.18265	1.40685
k141_18	372	2.45495	2.45495	0.249093
k141_6256	670	2.10192	2.10192	0.403852
k141_2094	3438	5.34367	5.34367	3.94146
k141_2095	401	1.67331	1.67331	0.444845
k141_4176	1026	2.88699	2.88699	1.14035
k141_2096	490	1.6	1.6	0.95457
k141_4177	439	1.62284	1.62284	0.235727
k141_19	1169	4.03042	4.03042	2.10615
k141_4178	516	1.98907	1.98907	0.372484
k141_2097	569	2.79952	2.79952	0.710909
k141_2098	308	2.99367	2.99367	0.286585
k141_6257	2377	4.57881	4.57881	5.37958
k141_6258	465	1.44127	1.44127	0.247336
k141_4179	1600	4.60414	4.60414	4.23657
k141_2099	1686	5.26237	5.26237	8.86328
k141_20	2354	3.46869	3.46869	1.95771
k141_2100	332	2.35165	2.35165	0.450246
k141_21	379	0.707424	0.707424	0.207883
k141_4180	1384	4.79822	4.79822	3.99252
k141_4181	497	4.72911	4.72911	1.34837
k141_22	1167	3.9174	3.9174	3.6349
k141_4182	306	1.26282	1.26282	0.194996
k141_23	453	2.91089	2.91089	0.929119
k141_6259	2856	5.29084	5.29084	4.45404
k141_4183	408	1.46512	1.46512	0.46765
k141_4184	407	2.74708	2.74708	1.27563
k141_6260	719	4.77856	4.77856	2.98258
k141_4185	371	2.61991	2.61991	0.345783
k141_6261	521	1.89218	1.89218	0.799157
k141_24	1238	4.00551	4.00551	3.20144
k141_4186	399	4.22088	4.22088	0.850206
k141_25	441	1.5567	1.5567	0.247636
k141_6262	754	5.08113	5.08113	3.33172
k141_6263	315	4.01212	4.01212	0.597414
k141_4187	1646	5.53008	5.53008	2.94757
k141_26	1751	5.81074	5.81074	3.92104
k141_6264	1428	5.72926	5.72926	7.46935
k141_2101	6505	4.75578	4.75578	4.32621
k141_2102	397	1.53036	1.53036	0.250091
k141_4188	2617	4.49007	4.49007	4.47958
k141_6265	2517	4.63329	4.63329	2.824
k141_4189	334	1.57065	1.57065	0.246348
k141_4190	464	4.02229	4.02229	1.04423
k141_6266	746	3.15101	3.15101	0.726738
k141_4191	454	3.50329	3.50329	1.54455
k141_2103	1648	3.21162	3.21162	2.11351
k141_4192	374	3.06696	3.06696	3.08518
k141_27	3758	4.46341	4.46341	3.38603
k141_2104	522	3.38172	3.38172	0.942846
k141_2105	807	4.14764	4.14764	0.958347
k141_6267	1482	2.99324	2.99324	1.1998
k141_4193	1381	4.88546	4.88546	2.76979
k141_4194	308	2.68987	2.68987	0.470087
k141_2106	861	2.20113	2.20113	1.2116
k141_28	1840	4.27811	4.27811	2.47323
k141_29	405	4.67059	4.67059	0.702083
k141_6268	2150	4.127	4.127	1.69871
k141_6269	308	0.481013	0.481013	0.25123
k141_4195	3085	5.12777	5.12777	3.83945
k141_4196	684	3.75843	3.75843	3.08786
k141_4197	403	1.60474	1.60474	0.263787
k141_30	3165	5.49718	5.49718	6.95556
k141_31	350	4.265	4.265	1.08018
k141_4198	1079	5.48224	5.48224	3.74783
k141_6270	3223	5.55223	5.55223	4.97767
k141_4199	960	5.9358	5.9358	6.22331
k141_2107	5570	4.0428	4.0428	2.12812
k141_6271	452	3.7947	3.7947	0.615518
k141_4200	304	1.45455	1.45455	0.249554
k141_32	1742	5.82977	5.82977	2.97855
k141_2108	373	1.46188	1.46188	0.249667
k141_2109	389	1.70293	1.70293	0.276925
k141_6272	749	3.50417	3.50417	0.638363
k141_6273	453	1.76238	1.76238	0.387057
k141_33	1479	4.3386	4.3386	1.59611
k141_6274	921	4.91051	4.91051	1.19328
k141_34	423	3.44322	3.44322	1.64474
k141_4201	2061	3.12088	3.12088	1.56496
k141_6275	620	4.41702	4.41702	4.20525
k141_4202	3319	4.81256	4.81256	5.11823
k141_35	3958	4.69958	4.69958	2.93783
k141_2110	5803	4.73819	4.73819	3.60233
k141_4203	1373	5.75961	5.75961	2.84068
k141_2111	1005	4.9462	4.9462	4.5943
k141_2112	1565	6.11802	6.11802	4.47192
k141_6276	6325	4.27466	4.27466	3.26082
k141_2113	432	1.92199	1.92199	0.257237
k141_6277	408	2.46124	2.46124	0.49071
k141_2114	1192	4.76583	4.76583	2.87499
k141_4204	3618	3.77624	3.77624	2.25222
k141_2115	326	4.17045	4.17045	1.55935
k141_2116	538	2.06443	2.06443	0.809791
k141_6278	1592	4.18863	4.18863	3.56328
k141_2117	442	3.16096	3.16096	0.829675
k141_6279	719	3.70475	3.70475	1.54647
k141_36	5897	5.06595	5.06595	4.9617
k141_4205	1511	4.95077	4.95077	5.03951
k141_2118	914	4.2212	4.2212	1.95494
k141_37	327	0.774011	0.774011	0.175912
k141_4206	671	2.38964	2.38964	0.480582
k141_2119	1174	5.25098	5.25098	5.57624
k141_38	1365	5.57613	5.57613	3.19665
k141_6280	1963	4.41368	4.41368	7.97779
k141_4207	1202	4.43441	4.43441	1.94146
k141_39	511	2.65651	2.65651	0.587242
k141_40	321	1.76608	1.76608	0.180255
k141_41	576	3.32629	3.32629	0.709754
k141_4208	822	3.66964	3.66964	1.22304
k141_4209	391	2.14108	2.14108	0.821682
k141_6281	1645	5.25351	5.25351	2.50128
k141_42	824	4.38427	4.38427	2.73325
k141_6282	360	2.07143	2.07143	0.171907
k141_2120	2238	5.69157	5.69157	3.13623
k141_2121	524	3.29679	3.29679	1.06718
k141_4210	1112	5.26299	5.26299	6.33344
k141_4211	310	1.73125	1.73125	0.19776
k141_4212	366	1.82407	1.82407	0.638673
k141_2122	2217	5.11853	5.11853	3.81995
k141_6283	2794	4.26362	4.26362	2.86389
k141_6284	522	3.79839	3.79839	0.700484
k141_43	3323	5.53356	5.53356	7.09583
k141_6285	372	2.94144	2.94144	0.227325
k141_6286	320	5.24706	5.24706	1.40606
k141_6287	403	2.20949	2.20949	0.54721
k141_2123	1775	3.92738	3.92738	2.30262
k141_2124	554	1.75	1.75	0.808313
k141_6288	1976	3.22782	3.22782	1.59301
k141_44	2763	5.43398	5.43398	4.28097
k141_45	353	3.33498	3.33498	0.273375
k141_4213	5453	5.26966	5.26966	3.68537
k141_46	624	3.81224	3.81224	2.15706
k141_4214	769	2.32633	2.32633	0.786542
k141_4215	392	2.28512	2.28512	0.279363
k141_47	976	4.97821	4.97821	1.4056
k141_48	414	6.86742	6.86742	2.21429
k141_4216	958	3.95792	3.95792	1.12834
k141_4217	451	6.30897	6.30897	5.20088
k141_4218	822	2.72917	2.72917	1.08004
k141_6289	3571	5.07132	5.07132	3.81118
k141_49	1685	4.75896	4.75896	2.52074
k141_6290	391	2.06224	2.06224	0.450278
k141_6291	346	2.44898	2.44898	0.433282
k141_50	484	1.50898	1.50898	0.25067
k141_6292	375	2.55556	2.55556	0.248016
k141_2125	6071	6.62033	6.62033	12.0902
k141_4219	1476	5.42383	5.42383	3.18177
k141_2126	363	3.38028	3.38028	2.18017
k141_51	1166	3.86319	3.86319	3.80294
k141_4220	550	1.4625	1.4625	0.665259
k141_4221	387	1.44304	1.44304	0.247801
k141_2127	669	2.32177	2.32177	1.97155
k141_52	662	3.80078	3.80078	1.43185
k141_4222	304	1.79221	1.79221	0.16569
k141_53	549	1.13534	1.13534	0.398722
k141_4223	466	1.67722	1.67722	0.562145
k141_54	344	2.26289	2.26289	0.205144
k141_2128	900	3.424	3.424	1.58234
k141_2129	340	1.53158	1.53158	0.25032
k141_6293	2770	4.49389	4.49389	4.68004
k141_6294	622	7.24153	7.24153	5.98825
k141_4224	1461	4.76583	4.76583	2.72298
k141_2130	1115	4.26736	4.26736	3.36206
k141_6295	324	1.64368	1.64368	0.230682
k141_4225	326	1.55682	1.55682	0.248182
k141_4226	348	1.5303	1.5303	0.250346
k141_4227	486	4.05952	4.05952	0.772564
k141_6296	1761	4.75109	4.75109	3.05538
k141_6297	388	3.92437	3.92437	1.3951
k141_6298	499	2.83095	2.83095	0.65812
k141_4228	2942	4.61318	4.61318	3.57303
k141_6299	1307	5.31806	5.31806	3.01814
k141_6300	366	1.91204	1.91204	0.303854
k141_55	5253	4.73819	4.73819	2.619
k141_4229	1051	4.30078	4.30078	1.58832
k141_56	535	2.84156	2.84156	1.29515
k141_4230	355	2.77073	2.77073	0.32463
k141_4231	470	1.69062	1.69062	0.571698
k141_6301	1528	3.06604	3.06604	2.1518
k141_57	1024	5.00229	5.00229	2.03437
k141_6302	1048	4.21047	4.21047	3.76058
k141_6303	427	3.93863	3.93863	1.11578
k141_4232	1556	5.42816	5.42816	3.58733
k141_58	1405	4.17052	4.17052	3.74283
k141_6304	821	6.14456	6.14456	1.48801
k141_59	424	2.85766	2.85766	1.70495
k141_60	341	2.12042	2.12042	0.34858
k141_6305	727	4.19931	4.19931	4.51054
k141_4234	806	4.06098	4.06098	1.10162
k141_6306	710	5.94286	5.94286	2.90907
k141_61	904	5.45225	5.45225	4.56677
k141_6307	904	5.82891	5.82891	3.11677
k141_2131	9566	5.21187	5.21187	4.9581
k141_2132	510	3.4	3.4	0.435657
k141_6308	1094	3.43432	3.43432	1.5609
k141_6309	386	0.961864	0.961864	0.241092
k141_6310	892	4.66442	4.66442	3.01408
k141_62	3395	13.5723	13.5723	50.1578
k141_2133	1755	4.63178	4.63178	2.07692
k141_4235	4007	4.04952	4.04952	3.24212
k141_63	662	3.90234	3.90234	1.91998
k141_64	344	4.06701	4.06701	1.48253
k141_4236	408	3.77519	3.77519	0.579615
k141_2134	791	4.28705	4.28705	2.17685
k141_65	458	6.02273	6.02273	1.96364
k141_6311	2593	5.04503	5.04503	3.12249
k141_4237	1109	3.8707	3.8707	1.61373
k141_66	1533	4.718	4.718	3.18383
k141_2135	2129	4.47398	4.47398	2.09172
k141_2136	746	3.13758	3.13758	2.26002
k141_67	1812	18.6835	18.6835	16.9942
k141_4238	1971	4.57331	4.57331	2.22829
k141_6312	2859	5.13178	5.13178	3.20383
k141_2137	1965	4.30193	4.30193	5.9132
k141_6313	2109	5.51353	5.51353	3.99966
k141_6314	324	2.4023	2.4023	0.241845
k141_2138	438	2.92708	2.92708	0.855291
k141_4239	2740	5.15212	5.15212	4.28737
k141_4240	309	1.42767	1.42767	0.271634
k141_4241	337	3.47594	3.47594	2.12173
k141_6315	1429	4.89679	4.89679	5.21468
k141_2139	1146	4.0743	4.0743	4.35229
k141_4242	384	1.81197	1.81197	0.196252
k141_6316	603	1.83002	1.83002	0.32281
k141_6317	827	2.2452	2.2452	0.788899
k141_2140	1431	4.25605	4.25605	5.50468
k141_2141	511	2.1662	2.1662	0.494523
k141_6318	897	2.88889	2.88889	1.16591
k141_4243	1781	4.34212	4.34212	2.94545
k141_6319	478	3.96646	3.96646	0.472876
k141_4244	343	1.94819	1.94819	0.372302
k141_6320	550	2.2375	2.2375	1.75047
k141_6321	479	2.21581	2.21581	0.395358
k141_4245	866	2.25838	2.25838	1.07301
k141_4246	455	3.61311	3.61311	0.645881
k141_68	7921	4.44357	4.44357	3.34132
k141_69	340	4.52632	4.52632	1.35116
k141_6322	1191	3.90778	3.90778	1.59535
k141_4247	584	3.18203	3.18203	0.689655
k141_2142	2130	4.69798	4.69798	4.31706
k141_2143	488	2.58284	2.58284	1.43674
k141_6323	1115	4.93679	4.93679	2.84558
k141_2144	496	2.57803	2.57803	0.696791
k141_4248	1095	5.73122	5.73122	7.54208
k141_70	1426	3.97022	3.97022	2.05402
k141_6324	552	1.92289	1.92289	0.595035
k141_2145	468	2.57547	2.57547	1.39334
k141_4249	392	2.15702	2.15702	0.323789
k141_6325	349	4.53769	4.53769	3.36095
k141_4250	1114	3.83402	3.83402	1.08146
k141_71	1818	4.81715	4.81715	3.3433
k141_4251	545	2.33924	2.33924	0.539444
k141_4252	642	3.11382	3.11382	2.25993
k141_6326	3391	4.98766	4.98766	3.0486
k141_6327	448	1.8255	1.8255	0.326351
k141_2146	3350	5.21375	5.21375	3.49106
k141_72	2568	4.57403	4.57403	3.84579
k141_4253	1637	4.25689	4.25689	1.87474
k141_2147	615	2.8129	2.8129	1.45415
k141_4254	1109	2.20438	2.20438	0.615806
k141_4255	388	4.21429	4.21429	1.89903
k141_73	1919	4.32391	4.32391	2.22363
k141_4256	470	1.35	1.35	0.228213
k141_2148	1999	5.15846	5.15846	5.19396
k141_4257	1233	4.76085	4.76085	3.0287
k141_6328	4756	4.55884	4.55884	3.64026
k141_74	2960	3.93808	3.93808	2.54512
k141_75	322	2.22093	2.22093	0.173127
k141_76	316	2.93976	2.93976	0.432712
k141_4258	1647	4.66132	4.66132	2.84579
k141_77	315	3.52121	3.52121	0.751071
k141_2149	2619	5.02633	5.02633	4.43497
k141_2150	317	7.08383	7.08383	2.10136
k141_2151	205	0	0	0
k141_6329	1990	4.68696	4.68696	2.26299
k141_2152	310	2.25625	2.25625	0.342727
k141_4259	1071	4.37568	4.37568	5.45656
k141_4260	379	3.06987	3.06987	1.36352
k141_2153	537	3.3385	3.3385	1.25559
k141_4261	414	2.7197	2.7197	0.514288
k141_2154	377	1.29956	1.29956	0.281548
k141_4262	724	3.87631	3.87631	1.87123
k141_4263	305	4.31613	4.31613	0.67214
k141_4264	393	1.67901	1.67901	0.375881
k141_4265	559	1.66015	1.66015	0.362157
k141_2155	1483	5.03226	5.03226	4.97867
k141_4266	301	2.11921	2.11921	0.225695
k141_6330	2809	4.88041	4.88041	5.66227
k141_4267	331	1.85083	1.85083	0.127624
k141_2156	437	2.43206	2.43206	1.37911
k141_4268	347	1.52792	1.52792	0.250492
k141_6331	633	2.56729	2.56729	1.61529
k141_4269	1436	4.03033	4.03033	2.90882
k141_4270	320	2.39412	2.39412	0.240201
k141_4271	355	2.08293	2.08293	0.154854
k141_2157	2765	4.52772	4.52772	2.65405
k141_2158	503	2.57507	2.57507	1.25075
k141_4272	694	3.58824	3.58824	1.04193
k141_4273	352	2.74257	2.74257	0.440866
k141_78	8054	4.95939	4.95939	4.63671
k141_6332	4348	4.79466	4.79466	3.44028
k141_4274	1061	3.72558	3.72558	0.920217
k141_79	1018	6.5023	6.5023	3.18223
k141_4275	1290	4.93684	4.93684	4.40338
k141_4276	372	1.63964	1.63964	0.249643
k141_2159	3569	5.27201	5.27201	2.23439
k141_80	1449	4.82756	4.82756	4.55268
k141_2160	470	0.709375	0.709375	0.677027
k141_81	319	2.27811	2.27811	0.201958
k141_2161	417	2.07865	2.07865	0.18552
k141_4277	902	4.82447	4.82447	3.38591
k141_82	452	3.70861	3.70861	0.506173
k141_2162	500	2.49429	2.49429	0.840944
k141_6333	3786	4.27585	4.27585	3.31404
k141_2163	1070	3.88043	3.88043	3.68754
k141_6334	331	7.05525	7.05525	2.1636
k141_2164	332	4.85165	4.85165	0.613228
k141_6335	301	3.2649	3.2649	0.342693
k141_6336	301	1.68212	1.68212	0.231611
k141_2165	1329	4.2324	4.2324	1.70655
k141_83	1861	4.65167	4.65167	5.50316
k141_4278	3362	4.8325	4.8325	6.0213
k141_84	688	3.55762	3.55762	1.25645
k141_6337	2254	3.60694	3.60694	1.96099
k141_6338	301	1.84106	1.84106	0.147904
k141_6339	308	2.64557	2.64557	0.395872
k141_85	616	1.80687	1.80687	0.47875
k141_6340	341	1.58639	1.58639	0.243813
k141_6341	739	3.6893	3.6893	1.28596
k141_86	1224	4.02421	4.02421	0.936973
k141_87	2913	4.61165	4.61165	2.44689
k141_88	838	5.19186	5.19186	1.52936
k141_6342	4139	5.12133	5.12133	4.31986
k141_89	524	5.47326	5.47326	1.22046
k141_6343	927	3.34106	3.34106	2.67864
k141_4279	6585	4.94079	4.94079	3.58821
k141_6344	573	2.92199	2.92199	1.55551
k141_6345	999	5.74794	5.74794	2.88919
k141_6346	446	2.91216	2.91216	4.65667
k141_6347	562	4.10437	4.10437	1.40757
k141_4280	2046	4.33914	4.33914	2.38782
k141_4281	420	2.6	2.6	3.32639
k141_4282	327	1.62712	1.62712	0.235169
k141_4283	314	2.14024	2.14024	0.403524
k141_4284	437	1.83972	1.83972	0.855341
k141_4285	320	2.15294	2.15294	0.473513
k141_4286	316	2.74699	2.74699	1.46287
k141_4287	305	3.16774	3.16774	0.504148
k141_90	4331	5.06553	5.06553	4.87651
k141_91	1876	4.91773	4.91773	2.9637
k141_92	430	1.35	1.35	0.414695
k141_93	1042	3.99776	3.99776	2.29854
k141_94	713	5.0302	5.0302	1.37809
k141_6348	5174	4.38077	4.38077	3.08195
k141_95	935	2.89554	2.89554	1.45847
k141_4288	5024	4.98092	4.98092	4.06061
k141_2166	15295	7.16329	7.16329	8.26148
k141_4289	399	2.95582	2.95582	0.784333
k141_2167	334	2.45109	2.45109	0.380108
k141_96	1312	5.07917	5.07917	4.64661
k141_97	403	2.37549	2.37549	0.695747
k141_98	574	1.99057	1.99057	0.491636
k141_2168	1918	5.30939	5.30939	2.74352
k141_2169	343	1.56477	1.56477	0.247085
k141_99	969	2.72283	2.72283	1.19814
k141_2170	327	1.66667	1.66667	0.223485
k141_2171	557	2.76167	2.76167	0.531726
k141_2172	314	2.85976	2.85976	0.391254
k141_6349	4528	5.48652	5.48652	3.84322
k141_2173	302	2.48684	2.48684	0.251481
k141_100	1796	4.13548	4.13548	2.89288
k141_101	672	4.37356	4.37356	4.86786
k141_2174	2282	4.22936	4.22936	4.81316
k141_4290	5954	4.74104	4.74104	3.42852
k141_2175	967	4.86291	4.86291	3.90031
k141_4291	1047	2.0825	2.0825	1.07131
k141_102	3215	4.84111	4.84111	5.04355
k141_103	234	1	1	0
k141_2176	2087	3.15953	3.15953	1.5515
k141_4292	1930	3.83483	3.83483	2.99574
k141_4293	457	1.87296	1.87296	0.333482
k141_6350	5994	5.26762	5.26762	4.20701
k141_6351	1042	4.14686	4.14686	2.96943
k141_4294	1601	4.05445	4.05445	3.8515
k141_2177	2198	4.2373	4.2373	3.13657
k141_6352	527	2.07958	2.07958	2.40854
k141_4295	355	3.02927	3.02927	2.43051
k141_6353	306	2.73077	2.73077	0.198015
k141_104	2828	5.20239	5.20239	5.36947
k141_4296	1299	5.82855	5.82855	4.83383
k141_105	1229	3.99166	3.99166	1.90068
k141_4297	536	2.8342	2.8342	1.06855
k141_106	468	2.16667	2.16667	0.208728
k141_6354	1929	3.77684	3.77684	2.2477
k141_4298	611	3.84165	3.84165	3.45096
k141_4299	311	1.29193	1.29193	0.207997
k141_6355	684	4.33708	4.33708	1.96496
k141_107	1264	4.18402	4.18402	2.15747
k141_4300	823	3.46508	3.46508	1.05272
k141_6356	1661	4.81006	4.81006	3.5805
k141_108	1486	3.74252	3.74252	5.57705
k141_6357	378	3.58333	3.58333	1.27496
k141_109	869	4.60779	4.60779	1.35848
k141_110	347	1.6802	1.6802	0.218636
k141_111	632	2.54979	2.54979	0.605626
k141_4301	3121	4.66173	4.66173	3.22459
k141_4302	310	3.05	3.05	1.06667
k141_2178	6662	5.08523	5.08523	5.28298
k141_6358	2025	5.14987	5.14987	4.21502
k141_112	1018	3.96544	3.96544	2.02189
k141_2179	408	2.58527	2.58527	0.516045
k141_2180	328	1.58427	1.58427	0.244271
k141_113	784	3.76972	3.76972	0.771532
k141_4303	2666	4.70548	4.70548	2.66115
k141_114	1704	6.8565	6.8565	6.35608
k141_115	482	2.68373	2.68373	2.519
k141_6359	3967	5.03851	5.03851	6.08217
k141_6360	1117	5.10858	5.10858	2.99754
k141_6361	487	3.56973	3.56973	0.692297
k141_6362	697	1.82084	1.82084	0.425718
k141_116	3333	4.41125	4.41125	3.12278
k141_6363	489	3.30088	3.30088	0.577839
k141_2181	6657	4.86691	4.86691	4.72377
k141_117	1580	4.52657	4.52657	3.38874
k141_2182	394	1.86066	1.86066	0.449639
k141_4304	5251	4.18761	4.18761	2.2603
k141_6364	1608	4.82442	4.82442	3.58481
k141_2183	396	2.95528	2.95528	1.18575
k141_4305	364	1.41589	1.41589	0.244065
k141_2184	325	5.10857	5.10857	1.02837
k141_118	715	4.53805	4.53805	1.75962
k141_2185	333	2.42076	2.42076	0.343963
k141_4306	593	1.94582	1.94582	0.399773
k141_2186	494	2.71221	2.71221	0.771164
k141_4307	397	5.06478	5.06478	2.89823
k141_6365	1044	4.13087	4.13087	1.82944
k141_2187	336	2.44086	2.44086	0.539727
k141_4308	371	1.61086	1.61086	0.238791
k141_2188	347	1.53807	1.53807	0.249819
k141_4309	336	3.19892	3.19892	1.68454
k141_4310	313	4.6135	4.6135	0.7571
k141_119	1451	5.46195	5.46195	4.14104
k141_4311	337	1.62032	1.62032	0.23679
k141_120	1582	3.96997	3.96997	3.41006
k141_4312	1854	3.19894	3.19894	2.16416
k141_4313	575	3.72	3.72	0.96151
k141_121	933	5.98723	5.98723	3.62644
k141_122	496	3.59249	3.59249	0.984178
k141_2189	3335	5.70079	5.70079	4.50246
k141_123	698	2.64599	2.64599	0.810458
k141_2190	522	2.39247	2.39247	0.729648
k141_4314	1223	5.38304	5.38304	1.97908
k141_124	414	2	2	0.494297
k141_125	473	2.26006	2.26006	0.57191
k141_126	456	2.33987	2.33987	0.3628
k141_2191	2079	4.89476	4.89476	5.7986
k141_127	1274	4.22509	4.22509	3.37849
k141_2192	371	3.24434	3.24434	0.321843
k141_128	426	1.99638	1.99638	0.469079
k141_6366	6452	5.37924	5.37924	5.20993
k141_2193	379	2.37555	2.37555	0.753084
k141_4315	2629	3.77975	3.77975	3.39132
k141_6367	459	0.980583	0.980583	0.298323
k141_4316	955	4.29814	4.29814	1.69458
k141_129	1819	4.94907	4.94907	5.28221
k141_6368	1431	3.94067	3.94067	3.5558
k141_2194	1445	4.13514	4.13514	3.81406
k141_130	451	4.74086	4.74086	1.37929
k141_6369	333	6.06557	6.06557	2.20447
k141_131	410	1.74615	1.74615	0.282804
k141_6370	314	2.64634	2.64634	0.266796
k141_2195	665	1.59417	1.59417	0.241601
k141_132	509	4.19499	4.19499	1.96746
k141_2196	338	4.59043	4.59043	0.478409
k141_6371	1200	3.53048	3.53048	2.43809
k141_133	1077	6.75512	6.75512	4.09226
k141_6372	744	4.71549	4.71549	3.32365
k141_134	1272	4.34403	4.34403	3.10012
k141_4317	3960	4.91654	4.91654	4.25657
k141_135	566	3.00721	3.00721	1.13971
k141_4318	418	2.16791	2.16791	0.702037
k141_2197	2979	5.72605	5.72605	4.68845
k141_136	887	4.86974	4.86974	1.29279
k141_137	367	1.64055	1.64055	1.06465
k141_6373	2269	5.00378	5.00378	3.60619
k141_6374	714	2.12943	2.12943	0.350892
k141_138	2729	4.06165	4.06165	2.46594
k141_2198	2864	4.38283	4.38283	1.47704
k141_139	544	3.59391	3.59391	0.862662
k141_140	579	1.67832	1.67832	0.274787
k141_6375	2951	5.65512	5.65512	3.94172
k141_4319	3945	4.89433	4.89433	4.07711
k141_141	606	4.26096	4.26096	0.879003
k141_2199	1655	4.94485	4.94485	4.75023
k141_2200	609	6.18301	6.18301	2.26774
k141_2201	323	2.3237	2.3237	0.39461
k141_2202	660	4.96078	4.96078	1.42478
k141_2203	800	3.10154	3.10154	4.01741
k141_6376	2538	4.36893	4.36893	2.84204
k141_142	2635	5.02495	5.02495	2.93819
k141_2204	375	3.31556	3.31556	0.333016
k141_4320	3101	5.50559	5.50559	7.44187
k141_2205	1026	4.31393	4.31393	3.08421
k141_6377	1631	4.40378	4.40378	3.84902
k141_2206	1605	3.95945	3.95945	2.2838
k141_4321	3291	5.08628	5.08628	6.22661
k141_2207	1454	5.2339	5.2339	3.33204
k141_4322	1215	5.51455	5.51455	3.79889
k141_4323	695	2.57064	2.57064	1.56532
k141_4324	427	1.83032	1.83032	0.626904
k141_2208	1762	4.47767	4.47767	3.46256
k141_4325	326	1.68182	1.68182	0.218182
k141_2209	354	1.48039	1.48039	0.250845
k141_143	6721	4.22462	4.22462	3.55217
k141_144	399	1.95582	1.95582	0.558525
k141_2210	1798	4.8216	4.8216	5.21044
k141_145	1082	4.1191	4.1191	1.57872
k141_2211	472	1.73292	1.73292	0.196358
k141_4326	2483	3.88041	3.88041	2.13963
k141_2212	323	3.06936	3.06936	0.355626
k141_146	693	5	5	3.74539
k141_2213	477	0.892966	0.892966	0.562131
k141_2214	733	3.90738	3.90738	1.43128
k141_4327	1185	7.27633	7.27633	6.6373
k141_2215	387	1.73418	1.73418	0.331582
k141_147	1304	4.36568	4.36568	2.64152
k141_4328	639	2.0818	2.0818	0.329362
k141_2216	651	4.46507	4.46507	4.92928
k141_2217	912	4.55512	4.55512	1.52982
k141_148	1999	3.61168	3.61168	1.62185
k141_149	305	1.86452	1.86452	0.689317
k141_4329	1814	3.96154	3.96154	1.96363
k141_150	359	1.08612	1.08612	0.223316
k141_4330	640	3.94286	3.94286	1.00286
k141_4331	397	2.2915	2.2915	0.288667
k141_6378	11165	11.071	11.071	12.3883
k141_2218	2861	4.83991	4.83991	4.23633
k141_6379	1326	4.50765	4.50765	2.53441
k141_151	2535	5.66415	5.66415	3.1426
k141_2219	1332	4.28765	4.28765	2.60474
k141_152	528	5.57407	5.57407	3.17354
k141_4332	2513	4.13034	4.13034	4.23616
k141_2220	357	1.6715	1.6715	0.221659
k141_2221	305	1.80645	1.80645	0.1571
k141_4333	486	2.5	2.5	0.746269
k141_153	595	2.15955	2.15955	0.584848
k141_6380	2457	4.17945	4.17945	3.68332
k141_6381	611	3.98915	3.98915	2.48032
k141_2222	2127	4.4436	4.4436	2.65584
k141_6382	596	4.28027	4.28027	4.01339
k141_4334	2430	5.39868	5.39868	5.19381
k141_6383	463	2.73163	2.73163	0.671336
k141_4335	606	2.22807	2.22807	0.664353
k141_6384	343	1.99482	1.99482	0.494766
k141_4336	324	1.74138	1.74138	0.192844
k141_154	3457	4.30209	4.30209	2.6622
k141_6385	404	2.47638	2.47638	0.716828
k141_155	723	5.97382	5.97382	3.92763
k141_156	1469	4.83624	4.83624	5.24932
k141_6386	1639	4.76024	4.76024	2.63805
k141_6387	601	1.54989	1.54989	0.301394
k141_2223	4126	4.69769	4.69769	3.70933
k141_6388	335	3.06486	3.06486	1.05012
k141_6389	426	2.1087	2.1087	0.533598
k141_4337	3545	4.13697	4.13697	2.7475
k141_6390	785	4.26457	4.26457	2.58919
k141_4338	416	4.05263	4.05263	0.404766
k141_157	1737	4.9937	4.9937	3.67334
k141_2224	858	6.46328	6.46328	1.75395
k141_158	345	4.22564	4.22564	0.85604
k141_6391	616	4.56438	4.56438	2.2851
k141_4339	862	2.79635	2.79635	1.28758
k141_6392	419	2.05948	2.05948	0.503913
k141_159	629	2.69729	2.69729	1.11528
k141_6393	419	2.49442	2.49442	0.564332
k141_6394	1626	2.67547	2.67547	1.2553
k141_4340	2026	6.84488	6.84488	5.48689
k141_6395	1044	3.03132	3.03132	1.19946
k141_6396	880	2.73973	2.73973	0.947254
k141_6397	529	5.34829	5.34829	1.53975
k141_6398	957	3.32714	3.32714	0.957366
k141_160	4325	5.29844	5.29844	4.2981
k141_6399	1086	4.6485	4.6485	2.35011
k141_2225	6142	4.35147	4.35147	2.94162
k141_4341	3965	4.35649	4.35649	3.05848
k141_6400	587	2.48284	2.48284	2.65395
k141_2226	478	2.57317	2.57317	1.2301
k141_2227	557	3.32678	3.32678	2.06783
k141_4342	925	4.74581	4.74581	3.15624
k141_6401	1030	4.72159	4.72159	3.48213
k141_6402	374	1.01339	1.01339	0.273363
k141_6403	526	4.52394	4.52394	4.20742
k141_4343	1400	5.0784	5.0784	1.8193
k141_2228	1702	3.07925	3.07925	0.646846
k141_6404	895	3.95973	3.95973	3.79141
k141_6405	463	4.58786	4.58786	1.15331
k141_161	4635	4.91304	4.91304	3.74719
k141_2229	913	3.73657	3.73657	2.32552
k141_4344	1356	3.85904	3.85904	2.43655
k141_162	439	1.72664	1.72664	0.296544
k141_2230	489	3.99705	3.99705	0.914192
k141_6406	818	2.14072	2.14072	0.891708
k141_4345	569	4.70167	4.70167	2.10936
k141_163	512	2.22652	2.22652	0.724168
k141_6407	660	4.65098	4.65098	4.4359
k141_4346	925	5.66452	5.66452	3.10951
k141_6408	575	2.88706	2.88706	1.15703
k141_4347	319	2.25444	2.25444	0.583686
k141_2231	1310	4.19828	4.19828	1.7881
k141_2232	321	1.22807	1.22807	0.177089
k141_4348	1100	4.54	4.54	4.16225
k141_4349	603	2.25386	2.25386	0.853556
k141_6409	2205	4.4983	4.4983	1.82558
k141_2233	2222	5.64044	5.64044	4.18696
k141_2234	410	1.59231	1.59231	0.242412
k141_2235	320	2.45882	2.45882	0.427288
k141_2236	712	2.91637	2.91637	2.05181
k141_4350	2002	3.99514	3.99514	2.81411
k141_4351	322	1.55814	1.55814	0.248062
k141_2237	446	1.93919	1.93919	0.39629
k141_2238	749	2.58765	2.58765	1.02534
k141_164	5685	4.48257	4.48257	3.15539
k141_2239	336	3.14516	3.14516	0.946381
k141_6410	2610	4.66667	4.66667	3.86448
k141_165	378	1.32895	1.32895	0.221713
k141_2240	379	1.72489	1.72489	0.445913
k141_166	320	1.33529	1.33529	0.247859
k141_2241	2205	3.95669	3.95669	3.95964
k141_6411	3737	4.35824	4.35824	4.506
k141_6412	359	2.22967	2.22967	0.177769
k141_4352	5683	5.41496	5.41496	4.29907
k141_2242	2705	4.66497	4.66497	2.58466
k141_167	4965	4.82222	4.82222	3.45103
k141_6413	1744	3.29611	3.29611	1.4201
k141_6414	401	1.63745	1.63745	0.232032
k141_6415	449	2.38462	2.38462	0.23748
k141_4353	1725	5.16254	5.16254	2.87317
k141_2243	2188	4.32237	4.32237	2.87147
k141_6416	1094	3.34958	3.34958	1.82676
k141_2244	629	2.21712	2.21712	1.18708
k141_4354	993	3.07117	3.07117	0.890413
k141_6417	325	4.19429	4.19429	0.663187
k141_168	2210	6.13204	6.13204	4.97917
k141_2245	368	2.36697	2.36697	0.417707
k141_4355	447	1.46128	1.46128	0.24934
k141_6418	507	4.45098	4.45098	0.635933
k141_4356	323	4.74566	4.74566	0.609356
k141_2246	502	2.28977	2.28977	0.673629
k141_4357	377	1.3348	1.3348	0.223695
k141_6419	492	3.16374	3.16374	1.67986
k141_2247	541	5.02046	5.02046	1.25086
k141_4358	812	2.80211	2.80211	1.72024
k141_6420	1165	4.14877	4.14877	3.19183
k141_169	2067	5.09025	5.09025	4.29091
k141_6421	311	0.937888	0.937888	0.0586179
k141_2248	1070	5.47283	5.47283	2.58034
k141_170	655	2.92673	2.92673	0.956927
k141_6422	521	1.98383	1.98383	0.853794
k141_6423	332	2.55494	2.55494	0.325694
k141_171	618	1.91453	1.91453	0.352422
k141_4359	2135	5.1995	5.1995	3.38558
k141_6424	356	2.17961	2.17961	0.294412
k141_4360	336	2.82796	2.82796	0.294565
k141_4361	314	2.85976	2.85976	0.452604
k141_6425	354	3.87255	3.87255	1.38269
k141_2249	2110	3.68827	3.68827	1.95331
k141_6426	986	5.16866	5.16866	5.18231
k141_2250	363	1.48826	1.48826	0.251041
k141_6427	309	2.34591	2.34591	0.784652
k141_172	1844	5.13872	5.13872	3.29144
k141_173	364	1.74299	1.74299	0.360867
k141_6428	867	2.01953	2.01953	1.18118
k141_2251	994	4.97393	4.97393	2.01592
k141_174	530	2.45	2.45	0.643931
k141_6429	597	6.11857	6.11857	5.52629
k141_6430	582	5.28009	5.28009	2.87497
k141_2252	1061	4.10428	4.10428	2.76385
k141_6431	304	0.987013	0.987013	0.0129021
k141_2253	360	4.43333	4.43333	0.543381
k141_175	1262	4.10162	4.10162	3.55133
k141_4362	3536	5.30272	5.30272	4.06529
k141_2254	703	1.44665	1.44665	0.830933
k141_176	591	2.28798	2.28798	1.55552
k141_2255	890	3.97838	3.97838	2.76003
k141_2256	551	2.27182	2.27182	0.203428
k141_177	1191	4.7512	4.7512	3.45053
k141_6432	2213	4.70286	4.70286	3.53586
k141_4363	1615	4.23481	4.23481	4.19484
k141_2257	558	6.19608	6.19608	3.68628
k141_4364	325	1.58857	1.58857	0.243547
k141_4365	344	1.56186	1.56186	0.247449
k141_178	940	3.48101	3.48101	0.822836
k141_4366	369	7.2968	7.2968	4.90691
k141_2258	838	4.56977	4.56977	2.04459
k141_6433	1196	4.6501	4.6501	1.81812
k141_2259	377	2.6652	2.6652	0.648474
k141_6434	647	5.87928	5.87928	1.14669
k141_179	1358	4.72268	4.72268	7.11361
k141_180	461	4.34084	4.34084	1.10281
k141_4367	1767	4.42672	4.42672	3.00346
k141_6435	796	3.06347	3.06347	1.34636
k141_181	345	2.72821	2.72821	0.838118
k141_4368	555	2.27901	2.27901	0.652157
k141_4369	474	3.74383	3.74383	1.24996
k141_4370	312	1.7716	1.7716	0.177325
k141_4371	1183	4.88964	4.88964	9.15245
k141_182	1995	4.45041	4.45041	2.88109
k141_183	430	2.72857	2.72857	0.427855
k141_4372	852	2.02422	2.02422	1.02794
k141_4373	362	0.551887	0.551887	0.24848
k141_4374	364	1.41589	1.41589	0.244065
k141_184	1341	5.42905	5.42905	3.08551
k141_185	855	3.66667	3.66667	1.05777
k141_4375	1320	3.55299	3.55299	6.45601
k141_2260	6254	11.4379	11.4379	18.5847
k141_186	561	3.45012	3.45012	0.535921
k141_2261	566	2.1899	2.1899	0.848187
k141_2262	723	3.31937	3.31937	3.49748
k141_6436	7658	4.95045	4.95045	4.76252
k141_2263	1539	3.87329	3.87329	1.29806
k141_6437	555	4.42222	4.42222	2.6901
k141_2264	320	3.19412	3.19412	0.394048
k141_4376	3180	5.22178	5.22178	4.91087
k141_2265	647	2.8994	2.8994	1.15115
k141_6438	1125	5.27692	5.27692	1.44889
k141_4377	337	2.50267	2.50267	0.380369
k141_4378	397	1.75304	1.75304	0.186728
k141_2266	835	2.15182	2.15182	1.58804
k141_6439	1092	5.15074	5.15074	1.58193
k141_4379	909	3.40843	3.40843	1.86199
k141_2267	1084	4.86081	4.86081	4.74373
k141_2268	629	1.54906	1.54906	0.248111
k141_6440	2410	5.03584	5.03584	3.09256
k141_187	5888	4.34385	4.34385	4.43379
k141_6441	426	4.48913	4.48913	0.65079
k141_188	935	5.43949	5.43949	7.95841
k141_2269	2289	4.28004	4.28004	3.72278
k141_6442	1234	5.78137	5.78137	4.69175
k141_4380	3264	5.31535	5.31535	8.69858
k141_2270	654	3.42262	3.42262	1.67194
k141_2271	502	1.8892	1.8892	0.469168
k141_4381	603	2.61369	2.61369	1.58716
k141_2272	540	2.14615	2.14615	1.14311
k141_189	1522	3.31341	3.31341	1.05415
k141_2273	605	4.28571	4.28571	2.14286
k141_4382	996	4.07565	4.07565	2.41084
k141_2274	531	1.19423	1.19423	0.309547
k141_4383	379	4.81659	4.81659	2.94867
k141_2275	410	4.55769	4.55769	2.36346
k141_2276	344	2.74227	2.74227	0.244111
k141_6443	2904	4.38272	4.38272	2.36856
k141_2277	511	1.46537	1.46537	0.405048
k141_2278	420	2.12963	2.12963	0.908785
k141_6444	724	3.9878	3.9878	2.10631
k141_190	2630	4.1125	4.1125	3.32542
k141_6445	1529	3.95649	3.95649	3.16357
k141_6446	327	1.87006	1.87006	0.147792
k141_6447	545	1.86582	1.86582	0.355048
k141_2279	2769	3.81863	3.81863	1.87271
k141_191	1785	4.55168	4.55168	2.7016
k141_6448	1296	4.59162	4.59162	2.32042
k141_192	1298	3.66115	3.66115	2.0237
k141_6449	1207	4.29991	4.29991	2.5151
k141_2280	1976	4.88883	4.88883	3.06983
k141_193	392	4.71074	4.71074	1.69192
k141_2281	211	1	1	0
k141_6450	718	2.34507	2.34507	0.579131
k141_2282	851	3.52354	3.52354	2.48409
k141_6451	1959	4.48535	4.48535	3.47883
k141_2283	1690	3.99091	3.99091	3.71792
k141_6452	735	3.48889	3.48889	2.46606
k141_2284	785	2.06142	2.06142	0.928406
k141_2285	380	2.26087	2.26087	0.350865
k141_2286	704	3.2491	3.2491	1.44236
k141_2287	1055	4.05525	4.05525	3.5589
k141_194	4389	4.96674	4.96674	3.6461
k141_4384	9382	4.45678	4.45678	4.47718
k141_2288	691	2.91497	2.91497	0.685351
k141_195	719	3.99824	3.99824	3.26936
k141_6453	3058	4.54642	4.54642	3.03364
k141_196	379	4	4	1.20175
k141_2289	716	6.65018	6.65018	3.12343
k141_4385	1058	3.61674	3.61674	1.2245
k141_2290	672	5.13027	5.13027	3.94845
k141_197	964	3.33538	3.33538	1.07188
k141_4386	799	4.50077	4.50077	4.35841
k141_6454	2076	4.83697	4.83697	2.6851
k141_4387	871	3.53398	3.53398	1.3603
k141_2291	1151	1.7962	1.7962	0.664415
k141_2292	419	3.12268	3.12268	0.242357
k141_2293	304	0.974026	0.974026	0.0254648
k141_4388	777	3.28389	3.28389	1.49435
k141_6455	1355	3.88465	3.88465	2.79321
k141_198	2060	5.31309	5.31309	3.38543
k141_199	394	2.29918	2.29918	0.860739
k141_6456	1118	5.16736	5.16736	5.11159
k141_4389	1535	4.33646	4.33646	3.17286
k141_6457	386	1.91525	1.91525	0.443851
k141_4390	417	2.42322	2.42322	0.387879
k141_200	1084	4.55139	4.55139	1.81463
k141_6458	446	2.27027	2.27027	0.597892
k141_201	352	3.10396	3.10396	0.581178
k141_4391	429	2.43369	2.43369	0.311234
k141_202	853	4.24751	4.24751	1.36885
k141_6459	1689	5.15075	5.15075	4.17884
k141_2294	3726	4.04698	4.04698	6.03799
k141_6460	362	3.89623	3.89623	1.42994
k141_2295	338	2.25532	2.25532	0.287406
k141_2296	805	2.66412	2.66412	0.929828
k141_203	1582	4.125	4.125	2.31071
k141_6461	1588	5.89777	5.89777	6.68197
k141_6462	508	2.11173	2.11173	0.474874
k141_6463	468	1.90252	1.90252	0.372171
k141_4392	3576	4.43374	4.43374	2.99022
k141_2297	1757	4.7374	4.7374	5.74051
k141_4393	343	1.56995	1.56995	0.246384
k141_2298	357	2.86957	2.86957	0.560574
k141_2299	395	4.93878	4.93878	0.721647
k141_4394	739	2.17317	2.17317	0.568599
k141_6464	1618	4.64305	4.64305	1.86298
k141_2300	692	2.14022	2.14022	0.420227
k141_4395	305	6.09677	6.09677	1.73732
k141_4396	446	1.81757	1.81757	0.414063
k141_4397	372	3	3	0.307692
k141_4398	834	4.97368	4.97368	1.34923
k141_204	4157	4.78238	4.78238	5.81388
k141_6465	2143	5.1154	5.1154	4.24171
k141_4399	1067	4.86369	4.86369	7.05451
k141_6466	785	2.35591	2.35591	0.680705
k141_4400	348	3.02525	3.02525	0.0958056
k141_2301	3183	4.11968	4.11968	3.4036
k141_6467	412	1.70992	1.70992	1.70097
k141_6468	302	2.61184	2.61184	0.239064
k141_4401	364	3.06542	3.06542	0.793823
k141_205	1297	3.14298	3.14298	2.00222
k141_4402	334	1.2337	1.2337	0.180061
k141_6469	575	4	4	1.01887
k141_6470	345	1.65641	1.65641	0.226698
k141_6471	339	4.10582	4.10582	1.79726
k141_6472	305	1.82581	1.82581	0.144785
k141_6473	334	2.68478	2.68478	1.36458
k141_4403	1978	4.50492	4.50492	2.93975
k141_4404	304	3.33117	3.33117	0.379806
k141_206	2494	4.41254	4.41254	2.09906
k141_2302	3170	4.94669	4.94669	5.22047
k141_4405	418	1.79104	1.79104	0.203365
k141_2303	638	5.1332	5.1332	2.68243
k141_2304	306	3.54487	3.54487	0.327006
k141_4406	496	4.25723	4.25723	0.991615
k141_4407	313	2.28834	2.28834	0.317579
k141_4408	661	2.12524	2.12524	0.619577
k141_2305	1552	3.72611	3.72611	3.06844
k141_4409	789	2.90141	2.90141	1.39623
k141_2306	598	1.39732	1.39732	0.495027
k141_6474	4500	4.06299	4.06299	2.65682
k141_6475	334	2.82609	2.82609	1.27014
k141_6476	464	1.68471	1.68471	0.619128
k141_6477	383	1.88412	1.88412	0.171858
k141_6478	342	1.57812	1.57812	0.245173
k141_6479	1485	5.21423	5.21423	2.16996
k141_2307	3200	4.54721	4.54721	2.70113
k141_2308	315	2.62424	2.62424	0.504287
k141_207	6205	4.7308	4.7308	4.15545
k141_4410	4455	4.86016	4.86016	3.57386
k141_6480	2188	4.36212	4.36212	4.21543
k141_2309	2387	5.07599	5.07599	3.88065
k141_208	2166	5.64534	5.64534	5.22747
k141_4411	1400	4.2784	4.2784	1.71426
k141_2310	303	2.0915	2.0915	0.25473
k141_2311	782	2.48734	2.48734	1.18526
k141_4412	1728	4.89163	4.89163	5.18987
k141_209	2211	3.99515	3.99515	2.15144
k141_4413	562	4.1432	4.1432	2.38576
k141_210	381	2.51082	2.51082	0.598796
k141_211	323	2.62428	2.62428	0.491732
k141_2312	1889	4.85049	4.85049	4.54379
k141_2313	312	1.87037	1.87037	0.113526
k141_6481	4517	5.357	5.357	3.94611
k141_4414	1376	5.9584	5.9584	4.56562
k141_6482	676	2.45817	2.45817	0.385868
k141_6483	324	1.59195	1.59195	0.24294
k141_4415	1022	4.12041	4.12041	2.94645
k141_2314	2332	4.24656	4.24656	2.75166
k141_2315	394	1.2418	1.2418	0.184089
k141_2316	472	2.39752	2.39752	0.66392
k141_6484	1422	3.49214	3.49214	0.889001
k141_2317	309	2.77358	2.77358	0.17626
k141_6485	347	1.98477	1.98477	0.0252771
k141_6486	346	2.17857	2.17857	0.147436
k141_6487	482	2.28614	2.28614	0.48887
k141_6488	374	1.35268	1.35268	0.22932
k141_6489	446	2.01014	2.01014	0.627013
k141_212	5157	5.60935	5.60935	5.34903
k141_213	612	1.88312	1.88312	0.433162
k141_214	524	3.14973	3.14973	0.96412
k141_4416	3752	5.20211	5.20211	4.37246
k141_215	327	0.858757	0.858757	0.121982
k141_6490	2296	4.48462	4.48462	2.69651
k141_216	1324	5.87564	5.87564	9.67077
k141_2318	4307	4.69521	4.69521	3.35298
k141_4417	1581	4.20475	4.20475	2.05664
k141_217	364	1.59346	1.59346	0.242398
k141_4418	493	1.32362	1.32362	0.219529
k141_218	735	5.5265	5.5265	4.39699
k141_2319	918	3.66406	3.66406	2.78136
k141_2320	360	4.97619	4.97619	1.43962
k141_220	490	3.17647	3.17647	1.57348
k141_4419	1324	3.77342	3.77342	3.55133
k141_2321	1853	3.57134	3.57134	3.31325
k141_6491	4153	6.45466	6.45466	3.52443
k141_6492	339	1.62434	1.62434	0.235787
k141_4420	2033	3.60701	3.60701	3.41826
k141_6493	1680	5.45948	5.45948	3.86916
k141_4421	1918	3.38914	3.38914	1.17277
k141_6494	577	2.51991	2.51991	0.292444
k141_4422	1603	5.78321	5.78321	9.29103
k141_4423	307	1.61146	1.61146	0.239098
k141_6495	1556	3.66572	3.66572	2.07466
k141_2322	4459	4.82618	4.82618	4.75195
k141_4424	403	4.56917	4.56917	5.00809
k141_221	6992	6.33616	6.33616	6.35387
k141_6496	1455	3.96398	3.96398	1.82769
k141_222	502	2.08807	2.08807	0.137521
k141_4425	1488	5.25112	5.25112	5.72148
k141_4426	352	2.97525	2.97525	0.322767
k141_4427	419	1.95911	1.95911	0.330411
k141_2323	2125	4.65772	4.65772	5.26072
k141_4428	311	1.61491	1.61491	0.238276
k141_223	1284	4.21958	4.21958	5.45133
k141_224	334	1.57065	1.57065	0.246348
k141_6497	2186	4.00393	4.00393	3.57739
k141_6498	314	2.5122	2.5122	0.251384
k141_2324	2419	3.48612	3.48612	3.54091
k141_6499	1499	3.85545	3.85545	2.16975
k141_2325	536	7.31865	7.31865	3.16832
k141_2326	632	4.36307	4.36307	2.87622
k141_6500	795	3.44186	3.44186	0.4116
k141_2327	975	5.10182	5.10182	2.52602
k141_6501	3863	4.96849	4.96849	6.66417
k141_225	6758	4.5569	4.5569	3.18525
k141_6502	441	2.41581	2.41581	1.1403
k141_6503	342	3.15104	3.15104	1.05037
k141_4429	8168	4.46209	4.46209	3.2783
k141_4430	335	3.52432	3.52432	1.50076
k141_226	1140	6.16465	6.16465	6.34395
k141_4431	418	1.75746	1.75746	0.91099
k141_6504	917	4.05867	4.05867	3.2929
k141_2328	4814	4.6295	4.6295	3.62898
k141_2329	501	2.11396	2.11396	0.421261
k141_2330	593	2.41761	2.41761	2.00846
k141_2331	473	1.40248	1.40248	0.241236
k141_2332	344	1.59278	1.59278	0.253004
k141_227	2386	5.47853	5.47853	4.48499
k141_4432	2601	4.22154	4.22154	3.53745
k141_2333	942	3.36995	3.36995	1.39394
k141_6505	2590	4.93238	4.93238	4.16878
k141_228	372	5.53153	5.53153	2.39493
k141_4433	474	3.94136	3.94136	0.724104
k141_229	516	3.78962	3.78962	1.22411
k141_4434	660	4.44314	4.44314	1.8111
k141_230	388	3.03782	3.03782	0.45004
k141_231	381	1.85714	1.85714	0.122981
k141_6506	1704	4.77992	4.77992	3.48665
k141_232	621	3.99575	3.99575	1.76168
k141_233	306	3.95513	3.95513	2.41733
k141_2334	3074	4.19049	4.19049	3.02528
k141_4435	2046	4.36445	4.36445	2.90299
k141_4436	604	1.89427	1.89427	0.36849
k141_2335	706	5.16367	5.16367	5.08847
k141_4437	337	5.13369	5.13369	1.49278
k141_2336	813	2.67722	2.67722	0.892633
k141_4438	689	2.10575	2.10575	0.340098
k141_4439	747	2.53099	2.53099	0.930664
k141_6507	3488	9.27951	9.27951	50.872
k141_4440	430	4.21071	4.21071	0.876588
k141_6508	896	3.87668	3.87668	2.68812
k141_6509	2661	3.94863	3.94863	2.44319
k141_2337	4405	4.45899	4.45899	3.15685
k141_4441	3723	4.60285	4.60285	4.56704
k141_234	6979	4.4396	4.4396	3.94474
k141_6510	837	4.18195	4.18195	2.11116
k141_6511	320	3.08235	3.08235	0.916255
k141_235	369	2.46119	2.46119	0.28633
k141_236	506	8.45786	8.45786	17.2855
k141_237	608	5.25327	5.25327	1.5681
k141_4442	1961	3.94754	3.94754	1.96689
k141_238	412	1.15649	1.15649	0.132506
k141_4443	1445	5.58996	5.58996	4.92525
k141_2338	3934	4.64852	4.64852	4.39298
k141_239	2073	4.19657	4.19657	3.0321
k141_4444	589	1.92255	1.92255	0.578463
k141_2339	571	2.38717	2.38717	0.37593
k141_240	1082	4.26717	4.26717	3.02091
k141_6512	6353	4.48251	4.48251	4.62988
k141_6513	343	2.32124	2.32124	0.656681
k141_6514	592	1.91629	1.91629	0.435152
k141_241	3020	3.70348	3.70348	1.78205
k141_6515	332	1.59341	1.59341	0.242608
k141_4445	4462	3.35227	3.35227	1.40147
k141_2340	4424	5.53182	5.53182	8.92495
k141_6516	1154	3.87948	3.87948	2.38926
k141_2341	1928	4.6676	4.6676	5.82811
k141_2342	456	2.47059	2.47059	0.577819
k141_242	3082	5.3646	5.3646	5.19255
k141_4446	3487	4.97992	4.97992	7.87524
k141_243	514	3.31319	3.31319	5.17439
k141_244	366	2.47222	2.47222	0.250388
k141_2343	1255	3.42353	3.42353	1.72262
k141_4447	736	3.19113	3.19113	0.739477
k141_245	475	1.39692	1.39692	0.240113
k141_246	657	2.43393	2.43393	0.455606
k141_2344	1098	3.04008	3.04008	1.19164
k141_2345	310	1.68125	1.68125	0.218514
k141_4448	1592	4.41054	4.41054	1.5024
k141_6517	4648	4.92997	4.92997	4.55846
k141_2346	560	1.98537	1.98537	0.933771
k141_2347	499	1.30086	1.30086	0.210947
k141_2348	600	4.38222	4.38222	2.43265
k141_247	2078	4.47251	4.47251	3.02467
k141_2349	414	3.63636	3.63636	0.597304
k141_4449	1438	4.22748	4.22748	2.4587
k141_248	446	1.53378	1.53378	0.249702
k141_6518	1796	4.22539	4.22539	3.85736
k141_249	321	5.7076	5.7076	2.26694
k141_2350	1192	4.53359	4.53359	3.41336
k141_250	810	3.03182	3.03182	1.59686
k141_251	331	1.63536	1.63536	0.232965
k141_4450	1651	3.54497	3.54497	2.0108
k141_6519	2455	4.66074	4.66074	2.84751
k141_2351	2012	4.3985	4.3985	3.08343
k141_6520	411	2.95019	2.95019	1.20136
k141_2352	483	2.14114	2.14114	0.434838
k141_6521	389	1.80335	1.80335	0.158644
k141_6522	332	1.66484	1.66484	0.22406
k141_6523	924	2.4199	2.4199	0.450882
k141_4451	3046	5.38432	5.38432	3.99006
k141_2353	1588	4.26704	4.26704	2.80131
k141_252	3632	5.00258	5.00258	4.8397
k141_2354	483	1.36336	1.36336	0.232028
k141_6524	867	3.57601	3.57601	1.33953
k141_6525	411	2.34866	2.34866	0.251046
k141_4452	1357	4.14416	4.14416	4.49994
k141_253	1795	3.69119	3.69119	2.20263
k141_4453	803	6.85299	6.85299	2.76976
k141_4454	321	1.65497	1.65497	0.227314
k141_6526	1830	5.1125	5.1125	5.5889
k141_2355	2670	4.35278	4.35278	3.75841
k141_254	1217	4.05436	4.05436	2.84883
k141_2356	208	0	0	0
k141_255	517	1.6485	1.6485	0.22857
k141_4455	2645	4.93747	4.93747	4.17332
k141_4456	320	1.74706	1.74706	0.19008
k141_256	1510	5.04706	5.04706	3.52832
k141_257	371	1.54751	1.54751	0.248869
k141_4457	400	3.128	3.128	0.280739
k141_4458	463	1.45048	1.45048	0.248341
k141_4459	306	2.61538	2.61538	0.289827
k141_2357	2740	4.69459	4.69459	3.23654
k141_4460	512	3.68232	3.68232	1.10379
k141_6527	3894	4.51362	4.51362	2.55657
k141_4461	558	4.54902	4.54902	2.11552
k141_4462	301	1.62914	1.62914	0.234879
k141_6528	560	4.15122	4.15122	2.84261
k141_2358	1123	4.35971	4.35971	3.3005
k141_6529	353	2.61084	2.61084	0.238892
k141_258	2371	4.76002	4.76002	5.08423
k141_259	421	3.95203	3.95203	0.460653
k141_6530	973	4.32321	4.32321	2.92704
k141_4463	1370	3.97213	3.97213	2.01398
k141_4464	307	2.75796	2.75796	0.479504
k141_6531	383	1.76395	1.76395	0.181109
k141_260	469	2.24138	2.24138	0.183691
k141_261	320	1.62353	1.62353	0.23613
k141_262	730	4.08276	4.08276	3.6477
k141_4465	1254	3.61322	3.61322	0.908292
k141_263	368	1.38991	1.38991	0.238976
k141_6532	1316	5.58319	5.58319	7.91026
k141_2359	2823	4.27086	4.27086	3.42809
k141_264	520	4.77027	4.77027	5.69505
k141_2360	348	2.58586	2.58586	0.325078
k141_2361	320	1.74706	1.74706	0.190081
k141_265	552	1.30348	1.30348	0.456298
k141_4466	1173	4.77028	4.77028	2.28475
k141_2362	469	3.11912	3.11912	0.545513
k141_266	636	4.71605	4.71605	2.86766
k141_6533	1436	4.37558	4.37558	1.82537
k141_2363	668	2.95753	2.95753	1.13939
k141_6534	485	2.72239	2.72239	0.644259
k141_2364	428	2.05036	2.05036	0.221282
k141_2365	409	1.58301	1.58301	0.244051
k141_2366	339	3.37037	3.37037	0.574862
k141_4467	1750	5.05937	5.05937	4.65874
k141_267	1785	4.27462	4.27462	2.26911
k141_2367	872	2.70914	2.70914	1.26618
k141_268	346	2.16837	2.16837	0.171507
k141_269	457	4.91857	4.91857	0.852824
k141_2368	795	2.71938	2.71938	0.798459
k141_4468	1557	4.34186	4.34186	5.25074
k141_270	655	4.48119	4.48119	1.16681
k141_2369	566	1.81731	1.81731	0.501484
k141_4469	471	3.31153	3.31153	1.0464
k141_4470	389	2.11297	2.11297	0.512394
k141_4471	419	2.86989	2.86989	0.88226
k141_6535	3404	4.66841	4.66841	3.9401
k141_271	1311	3.35917	3.35917	0.968302
k141_2370	1288	4.5	4.5	3.23351
k141_2371	637	2.84394	2.84394	0.819215
k141_272	801	4.06452	4.06452	0.641988
k141_273	542	4.64031	4.64031	1.38692
k141_4472	1836	5.09905	5.09905	3.70829
k141_6536	3255	5.39581	5.39581	6.9313
k141_6537	397	5.2834	5.2834	3.30147
k141_6538	372	2.71171	2.71171	0.613345
k141_4473	3088	4.63138	4.63138	4.35942
k141_6539	1288	4.16432	4.16432	3.69065
k141_2372	4743	4.64315	4.64315	4.40428
k141_2373	477	4.76147	4.76147	1.34783
k141_2374	1970	6.05879	6.05879	5.78381
k141_2375	491	2.78006	2.78006	1.44854
k141_4474	3837	4.4326	4.4326	3.05838
k141_2376	346	2.10714	2.10714	0.619232
k141_2377	320	3.09412	3.09412	0.937834
k141_274	8594	5.27996	5.27996	4.15671
k141_2378	3030	4.28403	4.28403	3.6574
k141_2379	314	1.84756	1.84756	0.129994
k141_275	2120	4.95482	4.95482	4.97663
k141_2380	566	2.95433	2.95433	0.747309
k141_4475	4222	4.16749	4.16749	3.04931
k141_6540	8051	4.31717	4.31717	4.23512
k141_6541	467	5.50158	5.50158	2.78877
k141_4476	1421	5.77655	5.77655	4.34846
k141_2381	2256	3.86087	3.86087	3.92414
k141_2382	627	2.60377	2.60377	0.609482
k141_4477	603	3.60706	3.60706	0.92048
k141_2383	405	3.87451	3.87451	1.82671
k141_4478	500	2.47429	2.47429	0.794467
k141_276	3690	5.17232	5.17232	4.02231
k141_6542	1791	3.28824	3.28824	1.44431
k141_2384	789	3.65415	3.65415	1.33945
k141_277	543	2.54198	2.54198	0.52438
k141_4479	957	3.57869	3.57869	3.3136
k141_6543	773	6.54896	6.54896	3.71424
k141_6544	302	5.85526	5.85526	2.73387
k141_6545	323	2.31792	2.31792	0.26462
k141_4480	820	4.69254	4.69254	1.72297
k141_278	1217	4.75164	4.75164	2.79849
k141_2385	1520	4.97664	4.97664	2.33547
k141_4481	781	4.37559	4.37559	1.60315
k141_4482	445	3.43051	3.43051	1.57934
k141_279	1208	5.02268	5.02268	1.75351
k141_4483	541	2.35294	2.35294	0.587934
k141_280	333	3.74863	3.74863	1.18922
k141_281	411	1.5977	1.5977	0.333687
k141_4484	1175	5.09171	5.09171	3.6615
k141_6546	2611	4.51483	4.51483	3.11412
k141_282	827	4.21418	4.21418	1.24252
k141_2386	2444	4.55623	4.55623	4.16148
k141_4485	498	6.07184	6.07184	6.04959
k141_283	1388	4.07997	4.07997	1.76158
k141_4486	1201	5.23216	5.23216	7.40888
k141_4487	895	5.15839	5.15839	1.40767
k141_284	1005	3.39883	3.39883	0.902808
k141_2387	3130	5.03658	5.03658	4.51114
k141_285	1223	3.60485	3.60485	2.6161
k141_4488	1390	4.20161	4.20161	4.18368
k141_4489	1339	3.87468	3.87468	2.10633
k141_6547	5394	4.87586	4.87586	4.51702
k141_286	2155	5.76409	5.76409	3.14742
k141_2388	2884	4.93782	4.93782	5.52706
k141_287	747	4.41039	4.41039	4.24237
k141_288	327	2.29944	2.29944	0.210965
k141_2389	376	3.64159	3.64159	1.44875
k141_4490	1874	4.60093	4.60093	3.3601
k141_2390	523	1.93029	1.93029	0.34459
k141_2391	706	2.89748	2.89748	0.957038
k141_4491	1577	5.15978	5.15978	3.39942
k141_2392	996	6.83806	6.83806	5.08023
k141_289	2251	5.00571	5.00571	6.32757
k141_2393	354	2.51961	2.51961	0.595672
k141_4492	620	3.41702	3.41702	1.68072
k141_2394	414	2.17803	2.17803	0.86172
k141_6548	4598	4.48516	4.48516	5.04545
k141_290	1528	31.1393	31.1393	50.4179
k141_6549	375	2.36	2.36	0.776071
k141_6550	283	0	0	0
k141_2395	1737	4.79584	4.79584	2.46776
k141_291	941	3.21618	3.21618	1.27346
k141_2396	506	1.92416	1.92416	1.06747
k141_4493	2981	5.18651	5.18651	3.25075
k141_292	667	3.26306	3.26306	0.736868
k141_293	348	1.51515	1.51515	0.251038
k141_4494	928	3.98972	3.98972	2.59449
k141_6551	2310	4.47731	4.47731	3.5975
k141_2397	1879	4.65818	4.65818	3.42531
k141_294	1624	5.15739	5.15739	3.05599
k141_295	815	6.64662	6.64662	4.33125
k141_6552	1473	4.56689	4.56689	2.37581
k141_6553	709	3.89088	3.89088	2.82501
k141_6554	386	1.04237	1.04237	0.593943
k141_6555	389	1.64017	1.64017	0.517034
k141_6556	633	2.98965	2.98965	0.549687
k141_6557	585	2.1954	2.1954	0.217491
k141_4495	4946	5.00375	5.00375	3.03105
k141_296	3203	5.13036	5.13036	4.39433
k141_4496	356	1.8835	1.8835	0.835141
k141_4497	402	2.34524	2.34524	0.952048
k141_6558	2770	4.40916	4.40916	3.39418
k141_4498	1844	4.39728	4.39728	2.87395
k141_4499	459	1.45955	1.45955	0.24917
k141_2398	7357	4.90148	4.90148	4.27305
k141_4500	377	1.59912	1.59912	0.241238
k141_4501	319	2.73965	2.73965	0.562763
k141_2399	501	1.69231	1.69231	0.253626
k141_2400	413	1.71863	1.71863	0.309844
k141_4502	597	2.61074	2.61074	0.386252
k141_6559	3065	4.42744	4.42744	3.4967
k141_297	4968	5.30739	5.30739	4.01571
k141_6560	357	1.46377	1.46377	0.249894
k141_298	360	2.07143	2.07143	0.229324
k141_6561	528	4.82011	4.82011	2.10548
k141_4503	1977	5.21128	5.21128	4.29598
k141_299	650	3.512	3.512	1.95377
k141_6562	381	1.84416	1.84416	0.279955
k141_2401	2570	4.17769	4.17769	2.66622
k141_4504	1046	3.02344	3.02344	2.53013
k141_4505	448	2.61074	2.61074	0.736855
k141_2402	1948	4.53393	4.53393	2.33694
k141_2403	563	2.35593	2.35593	1.81233
k141_6563	2973	4.19306	4.19306	2.72355
k141_6564	541	1.29923	1.29923	0.210229
k141_2404	1408	4.26073	4.26073	3.19051
k141_6565	1049	4.14905	4.14905	3.33188
k141_6566	331	2.8453	2.8453	0.364826
k141_2405	739	2.95076	2.95076	1.33601
k141_6567	394	1.2418	1.2418	0.184089
k141_2406	437	2.16725	2.16725	0.55235
k141_300	5216	4.4163	4.4163	2.63866
k141_301	335	4.53514	4.53514	1.05447
k141_2407	681	2.77778	2.77778	0.667504
k141_2408	1472	5.59985	5.59985	3.8148
k141_6568	2403	4.54461	4.54461	3.27297
k141_2409	604	1.64537	1.64537	0.247033
k141_2410	398	3.75403	3.75403	1.83804
k141_6569	704	4.4278	4.4278	1.34468
k141_2411	302	3.92763	3.92763	0.981483
k141_302	3298	4.9533	4.9533	3.90667
k141_303	431	2.02135	2.02135	0.578115
k141_304	364	3.94393	3.94393	1.00154
k141_6570	1827	5.29815	5.29815	3.61155
k141_4506	8394	4.5433	4.5433	3.69098
k141_6571	426	1.6413	1.6413	0.230869
k141_305	829	3.82474	3.82474	2.17426
k141_4507	594	2.62387	2.62387	1.13812
k141_306	402	3.44444	3.44444	1.48296
k141_4508	683	4.11632	4.11632	3.22328
k141_6572	990	5.96905	5.96905	3.72251
k141_2412	3070	6.00137	6.00137	4.77902
k141_307	1424	4.4686	4.4686	2.62785
k141_4509	2119	5.35145	5.35145	4.12638
k141_6573	2212	5.37245	5.37245	5.49729
k141_308	1582	5.04888	5.04888	4.03396
k141_4510	452	1.61921	1.61921	0.249862
k141_6574	312	2.90123	2.90123	0.288321
k141_4511	381	1.82251	1.82251	0.277056
k141_2413	2654	4.49002	4.49002	3.63714
k141_2414	782	3.01424	3.01424	2.15352
k141_4512	1254	5.15489	5.15489	4.46829
k141_4513	1098	4.84599	4.84599	3.46729
k141_2415	1719	5.56597	5.56597	3.97029
k141_309	3430	5.21738	5.21738	4.40805
k141_6575	3347	4.78699	4.78699	4.8322
k141_310	351	1.50746	1.50746	0.251194
k141_6576	442	3.53425	3.53425	1.61051
k141_2416	1072	4.59544	4.59544	2.20641
k141_311	1029	3.26962	3.26962	1.10831
k141_312	360	4.07619	4.07619	0.979812
k141_313	746	4.58221	4.58221	2.40164
k141_6577	1841	3.17564	3.17564	3.4751
k141_314	726	3.09375	3.09375	0.773804
k141_315	328	1.88202	1.88202	0.308037
k141_6578	865	4.68252	4.68252	3.67638
k141_316	812	5.92749	5.92749	2.34874
k141_4514	4417	3.79494	3.79494	1.84374
k141_317	547	5.48111	5.48111	1.35128
k141_4515	458	2.5487	2.5487	0.359185
k141_2417	4550	4.59205	4.59205	4.11698
k141_6579	2209	5.26712	5.26712	6.63995
k141_2418	335	2.16216	2.16216	0.386604
k141_2419	398	2.2379	2.2379	0.441148
k141_318	2288	4.4696	4.4696	4.2764
k141_4516	1976	3.57831	3.57831	1.72237
k141_2420	633	3.3354	3.3354	0.891416
k141_6580	1467	3.81549	3.81549	2.00923
k141_319	843	4.23377	4.23377	3.64761
k141_2421	1060	4.11209	4.11209	1.30755
k141_6581	740	2.04746	2.04746	0.704027
k141_320	716	3.59187	3.59187	2.99952
k141_2422	856	3.09773	3.09773	1.23724
k141_4517	2775	3.91962	3.91962	4.89252
k141_6582	1765	5.36594	5.36594	4.94962
k141_321	1859	3.51375	3.51375	2.47125
k141_6583	515	3.5589	3.5589	1.9615
k141_6584	643	2.8641	2.8641	0.784339
k141_322	900	3.612	3.612	2.08557
k141_2423	2453	5.13765	5.13765	3.50885
k141_4518	1542	4.25	4.25	4.09705
k141_4519	460	1.70968	1.70968	0.206703
k141_323	797	3.09737	3.09737	2.09731
k141_4520	494	4.26453	4.26453	0.323403
k141_324	1634	4.4562	4.4562	3.55369
k141_6585	2906	4.60776	4.60776	4.45774
k141_325	1167	4.86627	4.86627	3.24587
k141_4521	2451	4.27857	4.27857	1.55412
k141_2424	3479	5.19225	5.19225	4.53516
k141_2425	302	2.76316	2.76316	0.340886
k141_2426	416	2.37218	2.37218	0.468507
k141_6586	2144	3.26078	3.26078	1.67807
k141_326	1990	3.4413	3.4413	2.96011
k141_6587	1272	4.7246	4.7246	2.49055
k141_6588	304	1.71429	1.71429	0.205416
k141_4522	3138	5.89792	5.89792	6.70094
k141_4523	336	1.62903	1.62903	0.234611
k141_6589	789	2.5133	2.5133	1.19693
k141_2427	3659	4.94528	4.94528	4.73988
k141_2428	336	2.1129	2.1129	0.241239
k141_2429	921	2.83787	2.83787	2.46328
k141_327	4855	4.44527	4.44527	4.54598
k141_328	326	3.92045	3.92045	0.77078
k141_329	343	1.17617	1.17617	0.250054
k141_330	354	1.48529	1.48529	0.251015
k141_331	2750	4.82	4.82	4.29849
k141_332	346	2.59184	2.59184	0.28383
k141_6590	6607	5.35372	5.35372	4.17566
k141_333	605	1.16264	1.16264	0.643092
k141_2430	5917	4.27397	4.27397	4.48923
k141_6591	1426	5.37618	5.37618	4.43407
k141_334	1122	5.01337	5.01337	2.09558
k141_335	487	1.81899	1.81899	0.237971
k141_4524	8961	5.29213	5.29213	4.01807
k141_4525	565	3.47229	3.47229	1.80539
k141_2431	1677	4.31827	4.31827	4.28395
k141_2432	676	6.46578	6.46578	4.35216
k141_336	1481	5.48835	5.48835	9.41848
k141_6592	2373	4.77688	4.77688	5.84577
k141_4526	1436	3.58087	3.58087	1.96194
k141_2433	817	3.97002	3.97002	1.95405
k141_337	798	5.35031	5.35031	3.41495
k141_6593	333	1.30055	1.30055	0.321263
k141_4527	455	2.71148	2.71148	0.771744
k141_4528	668	2.99421	2.99421	1.77753
k141_4529	1018	5.33065	5.33065	1.60797
k141_2434	2662	5.18392	5.18392	3.13703
k141_6594	2638	5.36375	5.36375	3.21343
k141_4530	1162	7.14526	7.14526	8.51199
k141_6595	550	2.455	2.455	0.248596
k141_338	3615	4.45974	4.45974	4.13069
k141_6596	600	3.03778	3.03778	0.47296
k141_2435	1274	4.91103	4.91103	2.89323
k141_6597	320	1.04118	1.04118	0.0397147
k141_339	385	1.71915	1.71915	0.4507
k141_2436	311	2.20497	2.20497	0.213975
k141_6598	310	3.075	3.075	1.26478
k141_2437	575	6.06118	6.06118	1.52455
k141_6599	606	6.26316	6.26316	3.23609
k141_6600	879	2.84636	2.84636	0.751084
k141_340	1683	4.32746	4.32746	3.17599
k141_4531	2576	6.30256	6.30256	6.249
k141_6601	409	5.10425	5.10425	2.76816
k141_4532	582	4.49306	4.49306	1.55448
k141_6602	397	2.74494	2.74494	0.442809
k141_4533	461	2.84244	2.84244	1.04284
k141_6603	335	3.05946	3.05946	0.708402
k141_4534	366	5.55093	5.55093	2.39739
k141_6604	326	2.46023	2.46023	0.352694
k141_341	1695	5.47314	5.47314	2.48131
k141_2438	3071	4.85211	4.85211	3.29461
k141_6605	829	4.7894	4.7894	2.9954
k141_2439	559	3.62836	3.62836	2.32233
k141_2440	553	1.31017	1.31017	0.358776
k141_2441	1193	5.30968	5.30968	1.66121
k141_342	2488	3.71386	3.71386	2.16757
k141_2442	574	1.94575	1.94575	1.09633
k141_343	384	2.82479	2.82479	2.66016
k141_2443	1615	4.83072	4.83072	5.60931
k141_4535	4882	4.57798	4.57798	2.9956
k141_6606	3602	5.82329	5.82329	3.70393
k141_4536	309	3.96226	3.96226	0.947934
k141_6607	892	3.80863	3.80863	1.56117
k141_344	2387	4.27492	4.27492	1.50801
k141_345	415	3.71698	3.71698	3.59762
k141_346	1177	3.90847	3.90847	3.1612
k141_347	360	2.9	2.9	0.989953
k141_6608	2100	4.93333	4.93333	3.48859
k141_348	1175	5.36683	5.36683	2.79888
k141_6609	1092	4.09766	4.09766	1.56111
k141_349	658	6.32087	6.32087	7.56744
k141_2444	4126	3.70121	3.70121	2.29562
k141_6610	426	3.57246	3.57246	3.29291
k141_4537	4423	4.72034	4.72034	4.86675
k141_2445	573	4.32861	4.32861	3.44864
k141_6611	451	1.50831	1.50831	0.250764
k141_6612	424	2.72993	2.72993	0.915803
k141_350	1296	5.34293	5.34293	7.09542
k141_4538	1088	2.07996	2.07996	0.654223
k141_4539	374	5.14732	5.14732	0.511832
k141_2446	1465	3.89125	3.89125	1.93718
k141_4540	390	2.15417	2.15417	0.524249
k141_6613	1107	3.91327	3.91327	2.7341
k141_2447	446	2.31419	2.31419	1.42298
k141_4541	404	4.54331	4.54331	2.05147
k141_2448	497	1.74352	1.74352	0.191251
k141_4542	459	5.5178	5.5178	1.09465
k141_351	1732	5.50379	5.50379	4.03887
k141_2449	477	2.55657	2.55657	1.00829
k141_352	459	1.73463	1.73463	0.195583
k141_6614	1244	3.33364	3.33364	1.69737
k141_353	459	2.85761	2.85761	1.01862
k141_2450	663	2.97271	2.97271	0.82738
k141_2451	340	2.09474	2.09474	0.699972
k141_4543	2205	4.63455	4.63455	3.23108
k141_6615	1879	4.27473	4.27473	3.13572
k141_6616	461	2.28939	2.28939	1.45792
k141_354	2637	4.35746	4.35746	5.09068
k141_355	763	3.45188	3.45188	1.67291
k141_2452	3453	4.85528	4.85528	3.4
k141_356	843	3.60173	3.60173	1.5059
k141_2453	496	2.69653	2.69653	0.94822
k141_4544	3290	4.3051	4.3051	3.8476
k141_6617	2702	5.0627	5.0627	3.23715
k141_4545	362	1.42925	1.42925	0.246155
k141_357	1715	7.04281	7.04281	4.28524
k141_2454	1621	4.45343	4.45343	3.26163
k141_358	343	1.17617	1.17617	0.145887
k141_6618	824	3.0638	3.0638	1.57244
k141_4546	1291	4.93252	4.93252	5.7349
k141_359	673	2.18929	2.18929	0.969849
k141_6619	1351	4.55704	4.55704	5.74027
k141_360	1622	4.57201	4.57201	2.53321
k141_4547	1973	3.62205	3.62205	1.55467
k141_6620	1127	5.23541	5.23541	3.67812
k141_6621	321	2.33918	2.33918	0.225456
k141_4548	365	3.67907	3.67907	1.48063
k141_6622	476	2.61963	2.61963	0.716413
k141_4549	486	2.24702	2.24702	0.449245
k141_361	1524	5.57424	5.57424	7.41455
k141_6623	665	3.00971	3.00971	0.982395
k141_6624	362	2.77358	2.77358	0.346597
k141_362	909	2.98155	2.98155	1.52473
k141_6625	533	1.77546	1.77546	0.488714
k141_363	346	2	2	0.174359
k141_6626	308	4.79747	4.79747	0.340886
k141_364	467	3.05363	3.05363	0.728126
k141_365	790	2.71719	2.71719	1.10142
k141_6627	1612	5.95349	5.95349	5.39547
k141_4550	3287	4.41122	4.41122	3.31812
k141_4551	505	4.77183	4.77183	1.20485
k141_366	1232	5.39279	5.39279	2.21466
k141_367	426	3.20652	3.20652	1.42992
k141_2455	7196	5.05407	5.05407	4.25944
k141_6628	1652	6.17443	6.17443	8.95688
k141_368	655	1.67129	1.67129	0.387765
k141_6629	341	1.92147	1.92147	0.872748
k141_369	866	3.39665	3.39665	2.23966
k141_6630	1483	3.89647	3.89647	1.65144
k141_370	1023	3.78809	3.78809	0.898858
k141_6631	401	3.17131	3.17131	1.00653
k141_6632	395	1.67755	1.67755	0.284945
k141_371	554	5.39356	5.39356	2.69088
k141_372	644	3.67206	3.67206	0.602181
k141_4552	3652	4.89292	4.89292	3.51122
k141_373	422	1.66912	1.66912	0.222216
k141_374	335	4.61081	4.61081	0.945535
k141_6633	1637	4.50706	4.50706	4.06979
k141_6634	528	2.37302	2.37302	1.97985
k141_375	908	3.88259	3.88259	3.44061
k141_376	737	3.69506	3.69506	1.66282
k141_377	895	3.50336	3.50336	0.978814
k141_2456	6395	4.18863	4.18863	2.47848
k141_6635	2351	4.36938	4.36938	2.86296
k141_6636	1141	5.62664	5.62664	4.56144
k141_6637	352	4.93564	4.93564	2.48837
k141_4553	5051	4.57417	4.57417	4.75737
k141_2457	1791	4.81475	4.81475	3.95955
k141_2458	379	2.10044	2.10044	0.546885
k141_4554	726	5.5625	5.5625	2.94217
k141_6638	1178	3.59533	3.59533	2.0542
k141_378	3491	5.36157	5.36157	4.61351
k141_6639	371	1.00905	1.00905	0.354463
k141_379	673	5.47036	5.47036	1.81282
k141_380	511	3.20222	3.20222	0.583997
k141_4555	1957	3.87825	3.87825	2.2011
k141_6640	2133	5.79576	5.79576	8.92444
k141_381	1596	5.09267	5.09267	4.8357
k141_382	467	3.3123	3.3123	0.715451
k141_6641	711	25.5775	25.5775	57.341
k141_383	485	2.30448	2.30448	0.230369
k141_4556	2268	4.92918	4.92918	3.85984
k141_2459	4894	4.10245	4.10245	2.7321
k141_2460	760	2.68197	2.68197	0.98572
k141_6642	4071	5.53813	5.53813	4.60109
k141_2461	2175	3.71407	3.71407	2.25465
k141_2462	354	3.5098	3.5098	0.369362
k141_384	4189	4.15276	4.15276	4.021
k141_385	405	5.78431	5.78431	3.42968
k141_6643	768	2.10841	2.10841	0.527933
k141_4557	4238	4.66218	4.66218	4.0598
k141_386	320	1.69412	1.69412	0.213575
k141_2463	1487	4.71952	4.71952	3.42204
k141_4558	2423	5.05191	5.05191	3.59594
k141_2464	1987	4.43386	4.43386	2.8852
k141_4559	486	4.92262	4.92262	2.31041
k141_6644	3754	4.61654	4.61654	3.99945
k141_4560	1180	4.6534	4.6534	2.9711
k141_2465	1453	4.31082	4.31082	1.53541
k141_6645	1491	3.50932	3.50932	2.63218
k141_387	5379	4.97533	4.97533	4.14498
k141_4561	1456	4.05972	4.05972	2.4976
k141_6646	1253	4.90481	4.90481	5.14974
k141_388	2079	4.88077	4.88077	6.00649
k141_2466	3769	3.73915	3.73915	2.72962
k141_389	756	4.60891	4.60891	1.86829
k141_2467	484	3.47305	3.47305	1.00678
k141_390	428	3	3	0.743682
k141_391	416	1.82707	1.82707	0.264321
k141_392	657	1.86588	1.86588	0.57486
k141_4562	4063	4.63481	4.63481	3.47015
k141_6647	3313	4.38982	4.38982	3.59723
k141_393	510	3.85278	3.85278	1.05069
k141_6648	383	1.74678	1.74678	0.327845
k141_394	365	1.82791	1.82791	0.330059
k141_4563	1195	3.92344	3.92344	1.80448
k141_2468	2875	4.1189	4.1189	2.44256
k141_2469	728	2.75433	2.75433	0.643175
k141_2470	312	1.8642	1.8642	0.118089
k141_4564	1500	4.26963	4.26963	2.56478
k141_2471	457	1.7329	1.7329	0.614698
k141_395	3002	3.64025	3.64025	2.57347
k141_4565	980	4.62651	4.62651	3.02076
k141_6649	3392	5.03177	5.03177	4.55772
k141_4566	349	1.1407	1.1407	0.182123
k141_4567	329	0	0	0
k141_2472	1174	3.79395	3.79395	1.73953
k141_2473	335	1.91892	1.91892	0.477087
k141_2474	435	3.18246	3.18246	2.72716
k141_2475	343	1.51295	1.51295	0.251134
k141_6650	1226	5.44517	5.44517	4.25653
k141_4568	1154	3.84064	3.84064	1.37637
k141_6651	310	1.78125	1.78125	0.234866
k141_2476	725	5.62957	5.62957	7.3242
k141_6652	815	3.6812	3.6812	1.09399
k141_2477	536	3.56218	3.56218	1.41561
k141_6653	383	2.26609	2.26609	0.265095
k141_2478	459	1.83495	1.83495	0.157735
k141_2479	395	1.43673	1.43673	1.23061
k141_6654	594	4.08108	4.08108	1.6819
k141_396	3108	6.44963	6.44963	7.21211
k141_2480	956	4.24814	4.24814	6.43272
k141_2481	318	1.7619	1.7619	0.182492
k141_4569	2778	4.17085	4.17085	4.01539
k141_2482	371	2.33484	2.33484	0.296462
k141_2483	904	1.60212	1.60212	0.35941
k141_2484	360	1.4381	1.4381	0.247346
k141_2485	619	2.70149	2.70149	0.944894
k141_397	2868	3.96431	3.96431	1.90781
k141_2486	343	1.53368	1.53368	0.250162
k141_2487	753	3.22388	3.22388	1.06109
k141_2488	987	5.36918	5.36918	5.41975
k141_2489	381	1.80952	1.80952	0.467908
k141_6655	4714	4.5596	4.5596	3.40505
k141_2490	395	1.23673	1.23673	0.181432
k141_6656	652	2.99004	2.99004	0.756386
k141_6657	1027	6.47777	6.47777	5.63333
k141_398	3357	4.7521	4.7521	5.31193
k141_6658	691	3.03327	3.03327	1.19519
k141_6659	315	3.15152	3.15152	1.14154
k141_6660	357	1.46377	1.46377	0.249894
k141_6661	733	5.48371	5.48371	3.01305
k141_399	1677	4.46169	4.46169	3.59342
k141_4570	6837	4.66412	4.66412	4.18779
k141_6662	555	1.74074	1.74074	0.662814
k141_2491	3312	4.75743	4.75743	3.08917
k141_4571	365	2.13023	2.13023	0.665204
k141_400	968	7.00122	7.00122	10.104
k141_4572	399	1.751	1.751	0.260332
k141_2492	480	1.82727	1.82727	0.587095
k141_4573	395	3.52245	3.52245	2.68494
k141_6663	1196	5.54111	5.54111	4.75956
k141_2493	641	2.13646	2.13646	0.767056
k141_4574	380	1.8913	1.8913	0.158439
k141_6664	383	1.897	1.897	0.497965
k141_2494	662	2.29297	2.29297	0.540224
k141_4575	647	2.68008	2.68008	2.25834
k141_2495	566	3.28365	3.28365	2.1073
k141_6665	855	2.98298	2.98298	1.45993
k141_6666	494	3.50872	3.50872	0.897883
k141_2496	1180	4.42039	4.42039	4.84643
k141_401	3081	3.66803	3.66803	2.54469
k141_2497	573	3.54846	3.54846	1.12028
k141_402	1023	4.60596	4.60596	3.12667
k141_2498	1233	4.42567	4.42567	2.97482
k141_6667	2425	4.28879	4.28879	2.89327
k141_403	731	3.58176	3.58176	1.30236
k141_4576	3058	4.39856	4.39856	3.07434
k141_6668	736	3.34812	3.34812	1.60852
k141_4577	400	1.104	1.104	0.310426
k141_2499	1405	5.04542	5.04542	5.68768
k141_2500	316	2.12048	2.12048	0.773274
k141_404	1424	5.43485	5.43485	3.80764
k141_6669	1706	4.22236	4.22236	1.71259
k141_6670	462	2.66346	2.66346	0.828498
k141_2501	1502	5.10355	5.10355	3.50665
k141_405	2038	4.87765	4.87765	2.13288
k141_4578	3480	4.41231	4.41231	2.92484
k141_406	2044	4.31045	4.31045	2.73824
k141_4579	938	3.93909	3.93909	4.36473
k141_2502	3076	4.82262	4.82262	2.00443
k141_407	977	3.69407	3.69407	2.53704
k141_408	479	1.89666	1.89666	0.477093
k141_409	367	2.86175	2.86175	0.703021
k141_2503	925	3.99613	3.99613	3.01419
k141_410	613	3.7473	3.7473	1.04207
k141_411	618	2.19017	2.19017	0.407012
k141_2504	1260	5.47748	5.47748	2.37957
k141_412	403	2.78261	2.78261	0.885092
k141_413	346	2.04082	2.04082	0.121402
k141_4580	2853	6.43026	6.43026	4.47024
k141_6671	5834	4.69282	4.69282	4.63127
k141_4581	420	1.67407	1.67407	0.220515
k141_2505	1079	2.92142	2.92142	1.30955
k141_414	897	6.20482	6.20482	3.63225
k141_6672	790	2.10781	2.10781	0.744226
k141_415	1356	3.64013	3.64013	2.68862
k141_416	357	2.07246	2.07246	0.349093
k141_417	353	2.42365	2.42365	0.334487
k141_2506	1858	4.69496	4.69496	2.56712
k141_2507	305	2.00645	2.00645	0.928529
k141_418	582	4.43056	4.43056	0.927879
k141_2508	534	2.26042	2.26042	0.313207
k141_2509	487	3.89614	3.89614	3.45048
k141_4582	3165	4.37811	4.37811	4.4642
k141_4583	391	2.76349	2.76349	0.539661
k141_419	1235	3.02212	3.02212	1.58438
k141_420	388	1.59664	1.59664	0.587668
k141_421	319	0.544379	0.544379	0.249507
k141_4584	876	1.75344	1.75344	0.464645
k141_2510	1786	4.61308	4.61308	3.06552
k141_422	895	3.81342	3.81342	2.36701
k141_4585	1000	6.95529	6.95529	6.8602
k141_423	983	5.15846	5.15846	3.26573
k141_424	388	2.96639	2.96639	0.673972
k141_2511	1554	3.75071	3.75071	2.83161
k141_4586	1448	6.75039	6.75039	5.77109
k141_6673	6707	5.9756	5.9756	5.27495
k141_6674	346	2.69388	2.69388	0.213501
k141_4587	1698	6.81331	6.81331	4.95348
k141_425	2599	4.63944	4.63944	2.89241
k141_2512	2092	5.44078	5.44078	4.27136
k141_4588	540	1.89231	1.89231	0.435674
k141_2513	420	2.34444	2.34444	0.442257
k141_4589	356	1.03398	1.03398	0.208596
k141_426	577	2.8103	2.8103	1.22919
k141_2514	386	3.89407	3.89407	2.05256
k141_4590	313	1.39264	1.39264	0.363402
k141_2515	434	2.13028	2.13028	0.587206
k141_427	697	4.13711	4.13711	2.76322
k141_2516	365	1.2	1.2	0.160748
k141_4591	1047	3.14827	3.14827	0.851874
k141_2517	677	3.41366	3.41366	1.24682
k141_4592	368	1.51376	1.51376	0.250961
k141_428	1077	5.67638	5.67638	3.47182
k141_4593	441	2.45361	2.45361	0.641805
k141_6675	3675	5.05333	5.05333	3.03117
k141_2518	818	3.50449	3.50449	2.44526
k141_429	999	4.649	4.649	2.79412
k141_430	457	1.23127	1.23127	0.211045
k141_431	854	5.68324	5.68324	6.94791
k141_432	397	3.23077	3.23077	0.66604
k141_4594	2096	3.98304	3.98304	2.72208
k141_433	482	1.58735	1.58735	0.406245
k141_4595	401	1.5259	1.5259	0.418326
k141_2519	2427	14.6039	14.6039	67.3979
k141_434	696	3.67582	3.67582	1.01582
k141_4596	687	3.3352	3.3352	2.32773
k141_4597	656	3.36759	3.36759	1.54778
k141_2520	1183	4.33204	4.33204	2.23172
k141_4598	387	1.74684	1.74684	0.249195
k141_2521	323	1.52023	1.52023	0.251042
k141_6676	4065	4.1272	4.1272	1.95106
k141_435	1438	5.72593	5.72593	4.73057
k141_2522	377	4.05286	4.05286	0.678608
k141_2523	625	3.13684	3.13684	2.43061
k141_4599	1099	2.98103	2.98103	1.1853
k141_2524	434	5.30282	5.30282	2.04932
k141_6677	899	4.27103	4.27103	2.87163
k141_4600	585	1.88506	1.88506	0.452196
k141_4601	386	2.13136	2.13136	0.53161
k141_6678	531	0.792651	0.792651	0.31742
k141_4602	355	1.54146	1.54146	0.249497
k141_4603	373	1.01794	1.01794	0.287965
k141_4604	454	4.30592	4.30592	0.635477
k141_436	3110	6.27905	6.27905	6.45875
k141_4605	1114	5.16909	5.16909	3.86234
k141_6679	1982	4.75164	4.75164	5.25952
k141_4606	695	2.75229	2.75229	1.2786
k141_4607	444	1.81973	1.81973	0.66705
k141_6680	1116	4.1325	4.1325	2.42804
k141_4608	559	2.27628	2.27628	0.489659
k141_2525	4640	4.52806	4.52806	3.6211
k141_437	3023	4.62548	4.62548	3.86194
k141_438	327	1.72316	1.72316	0.201335
k141_2526	1027	4.33751	4.33751	4.29006
k141_4609	2304	4.24977	4.24977	2.70491
k141_2527	579	3.17016	3.17016	0.823782
k141_6681	3896	6.18927	6.18927	7.32902
k141_439	2501	4.46874	4.46874	2.49424
k141_2528	2069	4.70401	4.70401	3.35866
k141_440	832	6.38416	6.38416	4.30151
k141_6682	1862	4.27103	4.27103	2.18717
k141_4610	3735	5.50823	5.50823	5.21762
k141_441	1588	4.37483	4.37483	4.15792
k141_4611	608	4.60044	4.60044	2.69121
k141_2529	2899	5.57366	5.57366	4.02929
k141_2530	357	2.76328	2.76328	0.919421
k141_6683	2484	5.44644	5.44644	5.04016
k141_2531	568	2.38517	2.38517	0.808125
k141_4612	1661	6.47386	6.47386	4.6495
k141_6684	393	1.7284	1.7284	0.198653
k141_4613	305	2.72258	2.72258	0.20176
k141_442	2235	4.08297	4.08297	3.18265
k141_4614	1681	5.38341	5.38341	4.2614
k141_4615	307	2.02548	2.02548	1.26858
k141_4616	373	2.20628	2.20628	0.470771
k141_443	2315	4.66651	4.66651	4.1633
k141_444	549	1.48872	1.48872	0.622359
k141_445	443	3.54949	3.54949	0.666207
k141_6685	3832	4.13036	4.13036	1.84395
k141_4617	1635	6.19461	6.19461	7.97356
k141_4618	316	1.36747	1.36747	0.415662
k141_6686	501	4.50427	4.50427	2.71354
k141_446	1475	5.37585	5.37585	4.43265
k141_2532	5351	6.00442	6.00442	4.90439
k141_6687	1353	4.80216	4.80216	7.69463
k141_2533	649	4.78758	4.78758	4.49294
k141_447	1239	4.06336	4.06336	3.12922
k141_448	605	2.06374	2.06374	1.06421
k141_6688	1240	3.48165	3.48165	1.61811
k141_2534	964	4.10197	4.10197	2.95762
k141_4619	2774	4.76105	4.76105	3.43084
k141_449	417	3.26217	3.26217	1.31447
k141_450	339	1.60317	1.60317	0.240628
k141_2535	751	2.78869	2.78869	0.970274
k141_6689	712	2.51779	2.51779	0.464033
k141_2536	357	4.09179	4.09179	0.52066
k141_6690	442	1.26712	1.26712	0.196441
k141_451	1014	2.40856	2.40856	1.2732
k141_4620	1311	4.2696	4.2696	3.16087
k141_2537	696	3.67033	3.67033	4.34982
k141_452	370	2.32273	2.32273	0.393089
k141_2538	1141	3.60646	3.60646	1.58639
k141_2539	301	3.16556	3.16556	0.579073
k141_4621	1471	4.28842	4.28842	1.73569
k141_453	2347	5.20346	5.20346	3.18584
k141_2540	1266	3.77151	3.77151	2.30739
k141_454	359	1.44498	1.44498	0.24816
k141_2541	314	1.2561	1.2561	0.19168
k141_6691	3660	4.09516	4.09516	2.04113
k141_2542	579	3.14452	3.14452	0.759438
k141_6692	316	1.25301	1.25301	0.541657
k141_2543	397	1.37247	1.37247	0.234686
k141_2544	835	5.0365	5.0365	4.06739
k141_6693	904	2.9443	2.9443	1.40459
k141_2545	382	5.93534	5.93534	1.17762
k141_2546	341	4.06806	4.06806	0.863764
k141_6694	573	4.23168	4.23168	6.79456
k141_4622	3462	4.02446	4.02446	2.05645
k141_2547	853	1.97013	1.97013	1.57318
k141_4623	1346	4.81438	4.81438	4.25673
k141_455	3809	4.8035	4.8035	2.8698
k141_456	315	1.16364	1.16364	0.735255
k141_4624	1626	5.93225	5.93225	4.24218
k141_457	1420	4.53228	4.53228	3.64554
k141_4625	674	1.83969	1.83969	0.651115
k141_458	224	1	1	0
k141_6695	3623	5.25252	5.25252	3.91861
k141_4626	334	1.58696	1.58696	0.243763
k141_459	1850	4.40471	4.40471	3.7078
k141_460	629	2.32568	2.32568	0.814213
k141_461	986	2.51077	2.51077	1.01905
k141_4627	3012	4.67016	4.67016	4.0065
k141_2548	5992	3.97313	3.97313	3.06435
k141_462	475	2.44308	2.44308	0.661103
k141_4628	478	2.59756	2.59756	1.09749
k141_2549	457	2.97068	2.97068	0.636394
k141_463	439	1.57093	1.57093	0.245819
k141_2550	977	3.07981	3.07981	1.09531
k141_6696	4850	4.53043	4.53043	3.58766
k141_6697	461	5.25723	5.25723	1.34652
k141_4629	1781	5.38197	5.38197	3.63499
k141_464	1865	5.50787	5.50787	4.54999
k141_6698	653	6.80716	6.80716	5.13206
k141_465	586	2.65138	2.65138	1.25749
k141_6699	362	2.68396	2.68396	0.226661
k141_4630	965	3.10061	3.10061	0.771194
k141_466	526	4.22606	4.22606	0.99143
k141_6700	936	2.45547	2.45547	0.737506
k141_467	621	3.12951	3.12951	2.59382
k141_468	370	1.89545	1.89545	0.322353
k141_469	472	4.00932	4.00932	3.23045
k141_4631	2368	4.74391	4.74391	2.53789
k141_4632	381	1.77922	1.77922	0.172784
k141_6701	2156	4.17797	4.17797	7.08093
k141_6702	2866	5.70803	5.70803	3.91354
k141_4633	3257	4.57354	4.57354	3.26011
k141_6703	374	2.34375	2.34375	0.379064
k141_4634	483	1.13514	1.13514	0.412407
k141_4635	683	4.12946	4.12946	3.03772
k141_470	5260	5.00117	5.00117	3.44723
k141_4636	376	1.82743	1.82743	0.143422
k141_2551	8815	5.47005	5.47005	4.11911
k141_2552	352	1.88614	1.88614	0.101399
k141_2553	545	4.72658	4.72658	1.90982
k141_471	1360	3.65289	3.65289	1.96047
k141_6704	2300	4.75721	4.75721	3.05597
k141_6705	776	1.7476	1.7476	0.339396
k141_6706	403	5.86561	5.86561	3.03742
k141_4637	2279	4.69093	4.69093	3.74663
k141_2554	2380	3.99148	3.99148	2.42478
k141_2555	327	1.71186	1.71186	0.206279
k141_6707	1434	4.45171	4.45171	3.01171
k141_4638	1494	4.33036	4.33036	2.79771
k141_6708	359	1.08612	1.08612	0.117547
k141_4639	536	3.06995	3.06995	1.66003
k141_6709	508	3.22067	3.22067	0.435764
k141_6710	1733	6.32723	6.32723	4.18742
k141_6711	941	3.46144	3.46144	1.94251
k141_4640	2329	5.06333	5.06333	2.29625
k141_4641	368	0.270642	0.270642	0.198305
k141_4642	1263	4.12399	4.12399	3.20764
k141_6712	1959	4.88447	4.88447	3.89097
k141_2556	5757	3.62172	3.62172	1.73008
k141_472	7750	4.73197	4.73197	3.52134
k141_6713	454	4.32895	4.32895	1.44259
k141_2557	601	1.29933	1.29933	0.516866
k141_2558	382	2.09914	2.09914	0.306146
k141_6714	668	2.96332	2.96332	0.693041
k141_2559	329	1.67598	1.67598	0.220262
k141_2560	1149	4.52753	4.52753	4.35369
k141_2561	501	2.68661	2.68661	0.815793
k141_2562	428	1.61151	1.61151	0.238424
k141_473	3186	4.62615	4.62615	4.54979
k141_474	316	2.15663	2.15663	0.217744
k141_6715	3906	5.61581	5.61581	5.09581
k141_6716	333	2.95082	2.95082	0.354711
k141_2563	2251	4.57972	4.57972	3.35421
k141_6717	726	4.49132	4.49132	1.11992
k141_2564	691	4.06654	4.06654	1.94371
k141_4643	5991	4.53843	4.53843	3.24853
k141_2565	492	4.04971	4.04971	5.10896
k141_2566	1334	4.54307	4.54307	2.98548
k141_6718	1852	3.91951	3.91951	3.02174
k141_475	4434	4.66387	4.66387	4.05649
k141_4644	2469	4.84304	4.84304	4.50079
k141_4645	390	1.2625	1.2625	0.194404
k141_4646	624	2.00844	2.00844	0.38048
k141_476	1575	3.17263	3.17263	1.41682
k141_4647	883	4.81719	4.81719	3.13866
k141_477	555	2.72346	2.72346	0.591652
k141_478	418	1.69403	1.69403	0.288054
k141_6719	3110	4.50439	4.50439	3.13963
k141_479	359	2.42584	2.42584	1.3899
k141_2567	3515	4.18603	4.18603	2.76202
k141_480	416	1.66165	1.66165	0.330373
k141_2568	453	2.42244	2.42244	0.714992
k141_2569	435	2.49474	2.49474	0.849443
k141_6720	1240	4.20183	4.20183	1.90413
k141_481	1469	5.14708	5.14708	3.18928
k141_2570	1391	3.6245	3.6245	2.43792
k141_482	708	3.68459	3.68459	1.1068
k141_4648	3232	4.89195	4.89195	3.61668
k141_2571	469	2.27586	2.27586	0.370203
k141_2572	326	2.26136	2.26136	0.514156
k141_4649	414	2.19697	2.19697	1.22341
k141_2573	723	4.54276	4.54276	1.45839
k141_2574	393	1.24691	1.24691	0.186716
k141_4650	1477	4.31726	4.31726	4.64966
k141_4651	438	1.51736	1.51736	0.250569
k141_6721	4044	5.04314	5.04314	3.38989
k141_483	2735	6.06035	6.06035	4.44762
k141_2575	1507	4.46057	4.46057	2.67048
k141_484	476	2.74847	2.74847	0.921151
k141_485	482	2.31928	2.31928	0.846397
k141_2576	954	4.2301	4.2301	1.39032
k141_2577	385	1.92766	1.92766	0.306711
k141_2578	334	2.80435	2.80435	0.409598
k141_486	2560	6.69336	6.69336	8.7987
k141_2579	2272	3.94769	3.94769	3.62054
k141_2580	362	1.31132	1.31132	0.215416
k141_2581	357	3.21739	3.21739	0.491348
k141_2582	707	4.61759	4.61759	1.29055
k141_2583	680	4.4566	4.4566	0.982046
k141_487	1937	3.57023	3.57023	2.80515
k141_2584	498	1.87931	1.87931	0.354267
k141_488	1256	3.4123	3.4123	1.54028
k141_2585	1703	4.11526	4.11526	1.98865
k141_2586	460	2.6129	2.6129	1.44191
k141_489	1431	4.21468	4.21468	4.35155
k141_6722	8289	4.88574	4.88574	3.74927
k141_2587	807	2.73668	2.73668	0.773545
k141_6723	460	2.13871	2.13871	0.676491
k141_2588	422	1.875	1.875	0.619004
k141_4652	9346	5.3532	5.3532	4.16589
k141_2589	504	1.85311	1.85311	0.556266
k141_4653	364	3.92523	3.92523	1.37467
k141_2590	472	1.40683	1.40683	0.242071
k141_4654	654	6.25595	6.25595	2.9264
k141_490	1956	4.86323	4.86323	4.70536
k141_491	302	1.38816	1.38816	0.239064
k141_4655	506	3.05899	3.05899	0.810594
k141_2591	897	5.43909	5.43909	4.0858
k141_2592	414	0.856061	0.856061	0.123689
k141_4657	441	3.4433	3.4433	0.489016
k141_492	925	3.98968	3.98968	1.5632
k141_493	338	5.09043	5.09043	3.99713
k141_6724	3009	5.13606	5.13606	4.41505
k141_494	969	5.5812	5.5812	3.15814
k141_6725	468	3.10692	3.10692	0.650991
k141_2593	1513	3.81071	3.81071	3.47222
k141_6726	401	1.77291	1.77291	0.176223
k141_495	362	1.42925	1.42925	0.246155
k141_496	478	4.59451	4.59451	1.42836
k141_6727	506	5.75562	5.75562	2.82743
k141_6728	680	6.37547	6.37547	6.68104
k141_497	1172	4.7955	4.7955	2.72896
k141_6729	756	3.0264	3.0264	1.49352
k141_2594	1933	5.12339	5.12339	7.01167
k141_6730	361	1.43602	1.43602	0.247077
k141_2595	350	2.27	2.27	0.63025
k141_4658	3994	5.44277	5.44277	3.23874
k141_498	1490	3.50224	3.50224	2.45334
k141_6731	1130	3.96837	3.96837	1.82636
k141_6732	832	4.42375	4.42375	1.82164
k141_499	1135	4.74924	4.74924	6.61496
k141_500	318	1.63095	1.63095	0.234246
k141_501	470	5.63125	5.63125	1.80717
k141_502	413	3.71863	3.71863	1.08847
k141_4659	2594	3.27291	3.27291	2.8035
k141_2596	3243	4.75525	4.75525	3.64674
k141_4660	310	5.45625	5.45625	1.16789
k141_6733	2422	4.93046	4.93046	4.70947
k141_2597	665	4.90291	4.90291	1.69483
k141_6734	778	4.45223	4.45223	2.21303
k141_2598	559	2.19804	2.19804	0.806266
k141_503	2516	4.17752	4.17752	3.94904
k141_504	342	3.70833	3.70833	1.23385
k141_2599	528	2.48942	2.48942	4.79165
k141_6735	938	5.75254	5.75254	8.22965
k141_4661	1710	4.69615	4.69615	2.3502
k141_2600	443	2.06143	2.06143	0.53046
k141_6736	427	5.51986	5.51986	2.69979
k141_2601	377	3.54626	3.54626	0.496745
k141_2602	366	1.86574	1.86574	0.423751
k141_505	1388	5.58643	5.58643	4.77139
k141_6737	1121	4.2276	4.2276	2.95536
k141_506	367	1.85714	1.85714	0.632276
k141_6738	349	1.49246	1.49246	0.251206
k141_2603	1420	5.81496	5.81496	5.61189
k141_2604	506	3.27809	3.27809	1.4971
k141_6739	1539	5.50828	5.50828	6.38705
k141_6740	781	6.63233	6.63233	3.39792
k141_4662	3284	5.11646	5.11646	3.37965
k141_2605	1265	4.00807	4.00807	1.16781
k141_4663	306	3.78846	3.78846	0.903353
k141_2606	887	3.97829	3.97829	2.86638
k141_2607	417	1.70037	1.70037	0.210639
k141_507	3991	3.88987	3.88987	2.36422
k141_508	416	2.92105	2.92105	0.352234
k141_2608	911	3.19317	3.19317	3.59291
k141_2609	375	1.34667	1.34667	0.2275
k141_2610	326	2.13068	2.13068	0.719967
k141_509	816	4.28078	4.28078	1.85338
k141_510	317	1.64671	1.64671	0.229854
k141_6741	2841	4.60015	4.60015	2.54267
k141_2611	686	4.5597	4.5597	6.08988
k141_4664	3770	4.00442	4.00442	2.57526
k141_4665	434	2.05282	2.05282	0.23395
k141_6742	1542	5.60776	5.60776	8.1293
k141_2612	1496	4.7318	4.7318	3.31018
k141_4666	330	2.21111	2.21111	0.167473
k141_4667	403	1.79447	1.79447	0.163937
k141_4668	1110	4.72917	4.72917	2.86713
k141_2613	2300	4.72233	4.72233	5.19742
k141_511	4288	5.06646	5.06646	5.30388
k141_4669	2190	5.20882	5.20882	3.9652
k141_4670	510	2.34167	2.34167	0.247841
k141_4671	382	1.88362	1.88362	0.163886
k141_4672	701	3.75318	3.75318	1.72442
k141_6743	5000	4.45567	4.45567	3.31181
k141_4673	574	1.73113	1.73113	0.197042
k141_4674	537	4.09302	4.09302	1.09495
k141_4675	797	3.79444	3.79444	3.42981
k141_4676	474	2.18827	2.18827	0.388593
k141_6744	1937	3.6939	3.6939	3.76345
k141_512	4216	5.49287	5.49287	4.28491
k141_2614	4825	5.60727	5.60727	5.41832
k141_4677	775	1.2832	1.2832	0.591143
k141_513	1421	4.00629	4.00629	2.71492
k141_2615	1388	3.8643	3.8643	2.36151
k141_2616	319	1.75148	1.75148	0.187869
k141_6745	1994	3.27657	3.27657	2.65594
k141_514	1287	4.57432	4.57432	3.41194
k141_4678	2309	4.67856	4.67856	3.98468
k141_4679	340	2.17895	2.17895	0.274686
k141_4680	435	2.12281	2.12281	1.69261
k141_2617	1987	5.56832	5.56832	5.65623
k141_4681	811	4.74433	4.74433	2.35726
k141_2618	395	5.62041	5.62041	0.867613
k141_2619	396	2.35772	2.35772	0.802125
k141_515	1770	4.34198	4.34198	1.58527
k141_2620	344	1.55155	1.55155	0.248625
k141_4682	970	2.87561	2.87561	0.817235
k141_6746	3118	4.59838	4.59838	2.78299
k141_2621	612	3.1645	3.1645	1.08785
k141_2622	585	2.22529	2.22529	0.820095
k141_2623	522	2.41667	2.41667	0.427
k141_2624	549	2.90226	2.90226	0.686402
k141_6747	1562	3.74008	3.74008	1.36046
k141_2625	550	3.8125	3.8125	1.5412
k141_516	2336	5.1903	5.1903	3.0585
k141_4683	2201	5.02779	5.02779	2.89728
k141_2626	705	2.3982	2.3982	0.503609
k141_4684	931	4.58899	4.58899	1.53984
k141_6748	1291	4.44961	4.44961	2.1547
k141_4685	622	2.95551	2.95551	0.726257
k141_4686	468	1.72956	1.72956	0.488145
k141_4687	781	6.35341	6.35341	1.87014
k141_517	2634	5.86312	5.86312	3.64298
k141_4688	423	6.17949	6.17949	1.14046
k141_2627	2711	5.61226	5.61226	3.5297
k141_4689	414	1.73106	1.73106	0.197358
k141_4690	424	1.95985	1.95985	0.397648
k141_2628	1219	3.62769	3.62769	2.36504
k141_2629	509	1.88858	1.88858	0.278053
k141_6749	3874	4.59586	4.59586	2.95429
k141_518	2127	5.8786	5.8786	5.04087
k141_6750	314	0.554878	0.554878	0.248504
k141_6751	367	1.4977	1.4977	0.251152
k141_2630	3175	4.8843	4.8843	4.63351
k141_6752	2269	4.70694	4.70694	2.38008
k141_2631	501	1.67521	1.67521	0.231355
k141_519	3519	4.97507	4.97507	3.756
k141_2632	326	3.51705	3.51705	1.90828
k141_6753	481	4.24471	4.24471	1.19751
k141_520	371	3.38462	3.38462	1.11958
k141_521	355	5.41951	5.41951	3.39178
k141_2633	919	4.02731	4.02731	2.16202
k141_522	680	3.19434	3.19434	1.34023
k141_2634	682	4.09023	4.09023	1.03516
k141_2635	1256	4.80018	4.80018	3.14286
k141_4691	7572	6.09822	6.09822	6.00664
k141_523	2340	4.58813	4.58813	3.32035
k141_6754	2945	3.64079	3.64079	2.57818
k141_4692	1936	4.40482	4.40482	3.04217
k141_6755	567	3.25659	3.25659	1.47967
k141_4693	321	1.64327	1.64327	0.230822
k141_2636	2202	5.57602	5.57602	4.20438
k141_2637	342	2.89583	2.89583	1.51788
k141_4694	450	1.12333	1.12333	0.168685
k141_524	1755	5.88287	5.88287	3.20448
k141_4695	365	1.48372	1.48372	0.250902
k141_525	362	4.25472	4.25472	1.65045
k141_2638	702	3.76993	3.76993	1.40069
k141_526	337	2.34225	2.34225	0.323099
k141_6756	1457	3.87452	3.87452	5.05003
k141_2639	475	1.54154	1.54154	0.249041
k141_6757	386	1.70763	1.70763	0.207772
k141_2640	353	2.2069	2.2069	0.164903
k141_6758	330	1.60556	1.60556	0.240193
k141_2641	430	2.64643	2.64643	0.430095
k141_6759	380	2.96522	2.96522	0.313195
k141_2642	362	2.52358	2.52358	0.715081
k141_527	1928	5.14792	5.14792	3.95056
k141_4696	2666	3.77583	3.77583	2.41258
k141_6760	1508	3.81664	3.81664	1.85805
k141_6761	308	0.917722	0.917722	0.0759899
k141_4697	841	4.04631	4.04631	5.10512
k141_4698	1039	5.19235	5.19235	2.61048
k141_4699	634	2.18595	2.18595	0.304894
k141_2643	3691	4.88224	4.88224	5.44576
k141_4700	515	2.11507	2.11507	0.744965
k141_4701	526	2.125	2.125	1.059
k141_4702	307	0.961783	0.961783	0.0369917
k141_6762	3742	4.08352	4.08352	3.92389
k141_4703	2827	5.46395	5.46395	4.68674
k141_6763	2198	3.88916	3.88916	2.91731
k141_2644	3708	5.1751	5.1751	7.36065
k141_2645	482	4.48193	4.48193	0.782152
k141_528	6893	5.40753	5.40753	5.34672
k141_529	1444	5.2272	5.2272	3.38684
k141_2646	1697	5.86296	5.86296	7.2335
k141_2647	343	1.97409	1.97409	0.660783
k141_6764	2512	5.74894	5.74894	3.42487
k141_4704	2860	4.7631	4.7631	2.46286
k141_530	689	4.07978	4.07978	1.54195
k141_4705	307	3.07006	3.07006	1.50147
k141_531	465	3.62857	3.62857	2.39345
k141_4706	560	2.86341	2.86341	0.656116
k141_532	570	1.77619	1.77619	0.283918
k141_533	364	1.25701	1.25701	0.389036
k141_4707	864	2.92577	2.92577	1.42366
k141_534	402	5.23016	5.23016	0.847215
k141_4708	478	2.71037	2.71037	1.47855
k141_4709	726	6.36285	6.36285	1.91855
k141_6765	2901	3.14031	3.14031	1.8574
k141_535	892	5.23585	5.23585	2.32893
k141_6766	670	5.14038	5.14038	1.46966
k141_536	946	3.15578	3.15578	1.49017
k141_537	334	2.44022	2.44022	0.247773
k141_538	628	1.58368	1.58368	0.256084
k141_2648	5797	4.45883	4.45883	3.73655
k141_4710	2988	3.81642	3.81642	3.26875
k141_4711	310	2.6	2.6	0.354717
k141_539	1445	5.35367	5.35367	2.66617
k141_540	815	3.06015	3.06015	1.19517
k141_6767	3767	5.15123	5.15123	3.57361
k141_2649	2250	4.22095	4.22095	2.1465
k141_4712	2139	4.60885	4.60885	4.3972
k141_2650	704	2.787	2.787	0.728512
k141_541	1771	4.47502	4.47502	1.77175
k141_2651	371	2.38009	2.38009	0.354875
k141_542	344	2.50515	2.50515	0.365258
k141_4713	951	4.59301	4.59301	2.47666
k141_543	389	1.79498	1.79498	0.163673
k141_4714	330	1.68333	1.68333	0.217598
k141_4715	330	4.32222	4.32222	1.32576
k141_544	415	1.56226	1.56226	0.550086
k141_6768	2106	4.19632	4.19632	3.30671
k141_2652	1189	3.86622	3.86622	1.73643
k141_4716	387	2.71308	2.71308	0.205463
k141_6769	347	1.50254	1.50254	0.251269
k141_2653	380	3.15652	3.15652	2.87496
k141_545	645	4.06263	4.06263	2.73088
k141_546	309	3.25157	3.25157	0.708461
k141_2654	594	4.16892	4.16892	0.655375
k141_6770	1156	3.75547	3.75547	1.8287
k141_2655	898	4.04144	4.04144	3.36241
k141_547	1242	4.75366	4.75366	3.59196
k141_2656	419	1.99257	1.99257	0.895467
k141_6771	848	4.61748	4.61748	5.60239
k141_6772	550	4.8125	4.8125	4.89458
k141_548	1252	4.80218	4.80218	4.35865
k141_6773	1523	5.24035	5.24035	3.81542
k141_2657	2500	4.46809	4.46809	2.49856
k141_4717	4485	5.1474	5.1474	5.52615
k141_2658	534	1.6901	1.6901	0.235307
k141_2659	597	2.65996	2.65996	0.615052
k141_6774	2126	5.02227	5.02227	2.23037
k141_6775	540	1.89744	1.89744	0.107706
k141_2660	1451	3.0661	3.0661	1.74947
k141_4718	2454	4.5855	4.5855	2.59713
k141_6776	1072	4.91974	4.91974	5.30516
k141_2661	998	3.64151	3.64151	2.42388
k141_4719	1095	6.0455	6.0455	5.40789
k141_4720	391	2.0083	2.0083	0.508265
k141_6777	878	5.41621	5.41621	1.69586
k141_549	5671	5.21101	5.21101	5.97597
k141_6778	580	2.1093	2.1093	0.335345
k141_4721	776	3.55751	3.55751	3.29668
k141_6779	317	2.08982	2.08982	0.528028
k141_6780	762	3.3317	3.3317	5.08292
k141_4722	837	3.42795	3.42795	1.80785
k141_6781	342	1.54688	1.54688	0.2491
k141_4723	373	3.21973	3.21973	1.38844
k141_2662	2856	4.6881	4.6881	2.6058
k141_6782	964	4.09337	4.09337	1.73789
k141_2663	525	2.38933	2.38933	0.885448
k141_4724	1236	4.82781	4.82781	2.174
k141_2664	375	3.50667	3.50667	3.385
k141_6783	1306	3.37803	3.37803	1.18598
k141_4725	1003	4.82298	4.82298	3.18577
k141_6784	319	2.94675	2.94675	0.276908
k141_2665	1047	4.10702	4.10702	2.00416
k141_6785	424	2.16058	2.16058	0.860565
k141_2666	323	3.60694	3.60694	1.12367
k141_2667	443	1.54949	1.54949	0.248399
k141_2668	1625	5.22237	5.22237	5.62625
k141_2669	571	5.48456	5.48456	7.3551
k141_550	6055	4.94801	4.94801	5.04831
k141_2670	742	3.82432	3.82432	3.52916
k141_2671	423	1.65934	1.65934	0.225437
k141_2672	607	4.8337	4.8337	1.61263
k141_6786	3972	4.04003	4.04003	3.13927
k141_551	1580	3.96783	3.96783	2.83312
k141_6787	341	1.93194	1.93194	0.421658
k141_552	425	4.17455	4.17455	1.64825
k141_4726	5358	4.33295	4.33295	2.85672
k141_2673	1380	3.13821	3.13821	0.989826
k141_553	656	3.34585	3.34585	1.11381
k141_4727	393	3.61317	3.61317	0.428255
k141_554	878	3.66071	3.66071	3.55597
k141_6788	1925	4.59831	4.59831	2.47047
k141_6789	942	4.55303	4.55303	1.62045
k141_4728	1999	4.83451	4.83451	2.40332
k141_555	1632	4.61673	4.61673	3.36954
k141_2674	2853	5.57714	5.57714	4.34104
k141_556	386	2.71186	2.71186	0.835771
k141_2675	305	1.94839	1.94839	0.0492669
k141_4729	953	3.4807	3.4807	1.24246
k141_557	340	1.38421	1.38421	0.26959
k141_2676	420	2.13333	2.13333	0.249813
k141_4730	336	2.27957	2.27957	0.234932
k141_558	536	4.62694	4.62694	1.08125
k141_4731	317	2.1497	2.1497	0.489502
k141_4732	349	2.26633	2.26633	0.469114
k141_6790	1823	4.37717	4.37717	4.046
k141_559	1232	2.92329	2.92329	1.61759
k141_4734	520	1.95405	1.95405	0.672678
k141_6791	1022	4.1789	4.1789	2.36749
k141_4735	649	3.77154	3.77154	2.62241
k141_560	720	2.77719	2.77719	1.27363
k141_6792	337	2.12299	2.12299	0.108447
k141_4736	551	4.15711	4.15711	0.487755
k141_561	610	2.54348	2.54348	0.418583
k141_2677	3030	4.65417	4.65417	2.58685
k141_4737	1438	3.78727	3.78727	2.54058
k141_4738	402	4	4	0.669323
k141_562	1926	5.82489	5.82489	8.75977
k141_563	973	2.52612	2.52612	1.67785
k141_4739	1274	4.57117	4.57117	3.45794
k141_4740	658	3.46654	3.46654	1.66159
k141_564	798	2.58488	2.58488	0.75631
k141_4741	630	4.57083	4.57083	3.77786
k141_2678	3204	4.81958	4.81958	4.16764
k141_565	716	4.99647	4.99647	2.1876
k141_2679	362	1.91509	1.91509	0.267639
k141_4742	483	4.37237	4.37237	2.79467
k141_566	439	3.21799	3.21799	1.26829
k141_2680	366	1.375	1.375	0.235465
k141_6793	4917	4.24187	4.24187	3.37731
k141_567	321	3.00585	3.00585	0.382319
k141_4743	429	2.36201	2.36201	0.404451
k141_568	422	2.44853	2.44853	0.838668
k141_2681	809	4.72686	4.72686	1.8341
k141_569	858	3.45904	3.45904	1.0945
k141_4744	1124	3.29569	3.29569	2.27425
k141_2682	1185	2.09275	2.09275	0.736071
k141_2683	308	2.37342	2.37342	0.439289
k141_570	866	4.38966	4.38966	2.40039
k141_4745	600	5.72222	5.72222	1.17211
k141_2684	1058	6.29295	6.29295	6.25811
k141_571	1156	3.69781	3.69781	1.78321
k141_6794	2974	5.16714	5.16714	5.73189
k141_572	454	3.58553	3.58553	0.342497
k141_6795	310	3.86875	3.86875	1.18392
k141_6796	398	7.95161	7.95161	14.5968
k141_573	663	2.42105	2.42105	1.29893
k141_2685	1485	3.42397	3.42397	1.6507
k141_574	321	2.16959	2.16959	0.188717
k141_6797	989	3.677	3.677	2.68434
k141_4746	2719	5.20163	5.20163	2.756
k141_4747	513	2.4876	2.4876	0.858272
k141_6798	1224	2.68156	2.68156	1.10633
k141_4748	320	2.33529	2.33529	0.756735
k141_6799	355	2.12195	2.12195	0.107604
k141_4749	688	2.89591	2.89591	0.68188
k141_2686	3620	4.55072	4.55072	4.05957
k141_6800	1910	5.21534	5.21534	4.76942
k141_4750	1400	4.504	4.504	3.31502
k141_4751	360	5.18095	5.18095	2.76136
k141_4752	398	2.90726	2.90726	0.635088
k141_6801	1143	2.90232	2.90232	1.45516
k141_4753	577	4.07026	4.07026	1.27675
k141_4754	400	1.816	1.816	0.287293
k141_575	4314	4.12104	4.12104	2.61565
k141_4755	648	5.7249	5.7249	7.25413
k141_6802	1071	3.14767	3.14767	1.94774
k141_576	613	3.98488	3.98488	0.785487
k141_2687	2628	4.63358	4.63358	3.52252
k141_2688	483	4.7988	4.7988	1.45036
k141_4756	1106	6.07741	6.07741	5.19399
k141_4757	400	1.972	1.972	0.453028
k141_2689	612	2.10173	2.10173	0.560126
k141_577	1245	3.12785	3.12785	1.65275
k141_4758	863	3.87237	3.87237	2.148
k141_6803	2112	4.72426	4.72426	3.53792
k141_4759	935	4.54395	4.54395	3.25606
k141_4760	574	3.30425	3.30425	1.1578
k141_578	2339	4.14344	4.14344	9.74254
k141_579	436	1.98601	1.98601	0.252436
k141_2690	3352	4.91911	4.91911	3.94317
k141_580	459	2.2233	2.2233	0.368807
k141_6804	3254	4.68073	4.68073	2.77424
k141_6805	420	4.15556	4.15556	1.62627
k141_4761	3102	4.57148	4.57148	2.5764
k141_2691	2362	4.55154	4.55154	2.58578
k141_2692	464	4.49682	4.49682	0.461651
k141_4762	1458	5.44343	5.44343	5.5354
k141_6806	2097	5.06934	5.06934	3.37087
k141_581	2879	4.84683	4.84683	6.47498
k141_6807	200	2	2	0
k141_6808	404	1.7874	1.7874	0.389405
k141_2693	1266	5.36649	5.36649	4.79741
k141_582	630	2.75625	2.75625	0.886178
k141_2694	374	1.75893	1.75893	0.300369
k141_6809	712	3.71886	3.71886	0.947557
k141_6810	559	2.41076	2.41076	0.590666
k141_2695	854	2.54119	2.54119	1.11922
k141_6811	433	1.69611	1.69611	0.467608
k141_4763	2598	4.44159	4.44159	2.71014
k141_2696	923	3.9586	3.9586	1.25736
k141_583	1862	4.62383	4.62383	3.41188
k141_4764	416	2.60902	2.60902	0.533353
k141_584	378	3.08333	3.08333	0.296989
k141_6812	1238	4.03401	4.03401	2.2868
k141_6813	874	4.79006	4.79006	3.32792
k141_2697	1553	4.80969	4.80969	4.0044
k141_585	1345	5.23766	5.23766	4.03893
k141_2698	442	4.63699	4.63699	1.6066
k141_6814	611	3.56399	3.56399	4.01601
k141_2699	308	2.59494	2.59494	0.242522
k141_586	432	1.77305	1.77305	0.439413
k141_6815	443	2.78498	2.78498	0.237857
k141_6816	338	2.04255	2.04255	0.233474
k141_587	561	1.83455	1.83455	0.343291
k141_6817	308	2.08861	2.08861	0.234137
k141_588	1481	4.61082	4.61082	2.64241
k141_4765	3721	4.63652	4.63652	3.05327
k141_6818	1455	3.46207	3.46207	2.64756
k141_4766	343	1.67876	1.67876	0.219181
k141_6819	679	2.29868	2.29868	2.55076
k141_4767	668	3.89961	3.89961	2.62047
k141_6820	345	1.95385	1.95385	0.61126
k141_6821	1062	5.08443	5.08443	2.66576
k141_2700	3908	4.93401	4.93401	4.25915
k141_589	1628	4.47497	4.47497	3.33689
k141_2701	306	1.30128	1.30128	0.211869
k141_6822	888	4.09892	4.09892	2.16795
k141_2702	761	2.09984	2.09984	0.91952
k141_2703	506	2.1236	2.1236	0.739609
k141_4768	2833	3.87439	3.87439	2.59534
k141_2704	673	4.40727	4.40727	2.94684
k141_590	2965	3.80533	3.80533	2.42191
k141_4769	1834	3.51128	3.51128	2.38668
k141_4770	930	3.84615	3.84615	3.87619
k141_591	1319	3.16595	3.16595	1.50498
k141_4771	522	3.01344	3.01344	2.09417
k141_6823	4040	4.61465	4.61465	3.59713
k141_6824	405	3.11765	3.11765	0.82075
k141_592	1090	2.89043	2.89043	0.781377
k141_4772	1196	4.71224	4.71224	2.98221
k141_593	2572	3.97729	3.97729	2.56328
k141_6825	4505	4.76762	4.76762	2.56879
k141_594	3744	4.33612	4.33612	3.49563
k141_2705	9691	4.8801	4.8801	4.71454
k141_2706	312	3.64198	3.64198	0.367916
k141_2707	392	1.37603	1.37603	0.235605
k141_4773	6979	4.65603	4.65603	3.43079
k141_4774	413	2	2	1.39695
k141_6826	3601	4.54593	4.54593	2.68274
k141_4775	442	2.73973	2.73973	0.440616
k141_2708	1579	5.44017	5.44017	3.06311
k141_2709	312	2.27778	2.27778	0.201863
k141_595	3023	4.11521	4.11521	3.67857
k141_596	389	2.67782	2.67782	1.71509
k141_6827	1516	4.72694	4.72694	8.30857
k141_597	866	3.80447	3.80447	2.50436
k141_598	353	2.69458	2.69458	0.22309
k141_4776	2116	4.64598	4.64598	2.85273
k141_6828	871	3.79612	3.79612	0.840316
k141_4777	308	1.28481	1.28481	0.204991
k141_599	643	2.99391	2.99391	1.27842
k141_4778	369	3.17808	3.17808	0.624104
k141_6829	599	2.7461	2.7461	1.49789
k141_600	437	1.80488	1.80488	0.262494
k141_601	829	3.40353	3.40353	1.65108
k141_2710	3121	4.51733	4.51733	4.29838
k141_602	409	1.10425	1.10425	0.256532
k141_6830	1028	4.96811	4.96811	3.39465
k141_4779	1142	4.60988	4.60988	2.19176
k141_603	482	1.78012	1.78012	0.178093
k141_4780	512	4.59116	4.59116	1.75482
k141_4781	307	7.06369	7.06369	1.73951
k141_4782	336	1.59677	1.59677	0.241935
k141_6831	1169	3.63592	3.63592	1.82115
k141_4783	345	2.17436	2.17436	0.1447
k141_6832	397	3.74899	3.74899	0.3595
k141_4784	532	2.64921	2.64921	1.08397
k141_6833	428	1.63309	1.63309	0.233125
k141_604	1893	5.43546	5.43546	3.6168
k141_4785	1022	4.15138	4.15138	2.20668
k141_605	1216	3.98874	3.98874	2.1933
k141_4786	444	3.7415	3.7415	1.61213
k141_4787	308	2.56962	2.56962	0.348625
k141_606	478	2.7378	2.7378	0.756732
k141_4788	377	2.6652	2.6652	0.471482
k141_607	392	2.24793	2.24793	0.602177
k141_4789	311	1.82609	1.82609	0.144565
k141_608	402	2.36111	2.36111	0.741588
k141_4790	388	5.64286	5.64286	3.01537
k141_609	506	2.25843	2.25843	0.586549
k141_610	415	2.77358	2.77358	0.501573
k141_6834	2612	5.10642	5.10642	5.51322
k141_6835	370	2.41364	2.41364	0.243649
k141_611	523	2.17694	2.17694	0.468608
k141_612	406	3.14062	3.14062	0.678186
k141_4791	1134	4.84553	4.84553	3.05649
k141_6836	570	1.4381	1.4381	0.246755
k141_4792	411	1.63218	1.63218	0.233422
k141_6837	478	1.71951	1.71951	0.410384
k141_4793	517	1.90463	1.90463	0.54006
k141_4794	358	1.87981	1.87981	0.415436
k141_2711	7430	4.94272	4.94272	5.21593
k141_2712	641	3.4053	3.4053	1.92724
k141_613	2537	4.61709	4.61709	3.63789
k141_4795	1806	4.83454	4.83454	2.48015
k141_614	1600	3.79172	3.79172	2.24782
k141_4796	795	8.15349	8.15349	3.66739
k141_2713	2422	5.22359	5.22359	4.51444
k141_6838	3531	4.70985	4.70985	3.41073
k141_2714	301	3.25166	3.25166	0.402914
k141_2715	374	1.6875	1.6875	0.359305
k141_4797	1566	3.68856	3.68856	3.25346
k141_4798	473	4.0031	4.0031	2.2826
k141_2716	2235	4.01966	4.01966	3.34749
k141_615	3407	5.69113	5.69113	4.66441
k141_4799	1935	3.69244	3.69244	1.30278
k141_2717	1399	5.52842	5.52842	4.4417
k141_616	1400	5.2128	5.2128	2.69126
k141_4800	355	1.47805	1.47805	0.250742
k141_2718	428	1.73381	1.73381	0.448744
k141_617	469	4.73354	4.73354	2.25268
k141_4801	696	3.42674	3.42674	0.55334
k141_2719	770	2.06774	2.06774	0.583449
k141_618	622	2.98941	2.98941	1.54342
k141_619	327	1.13559	1.13559	0.117874
k141_6839	4532	4.94089	4.94089	4.11822
k141_620	419	3.09665	3.09665	0.617487
k141_6840	587	5.28146	5.28146	3.21646
k141_621	633	1.30021	1.30021	0.210519
k141_622	461	3.2283	3.2283	0.74449
k141_2720	1612	4.58345	4.58345	1.86537
k141_623	547	3.54408	3.54408	1.15777
k141_624	322	2.17442	2.17442	0.694546
k141_2721	829	3.92489	3.92489	0.845378
k141_625	646	5.28024	5.28024	4.07281
k141_4802	3114	4.49426	4.49426	3.18223
k141_626	1418	4.95505	4.95505	5.67992
k141_2722	1760	5.63292	5.63292	4.7384
k141_627	646	4.75605	4.75605	1.93026
k141_2723	752	4.19269	4.19269	1.41704
k141_6841	3224	4.70494	4.70494	3.45833
k141_628	617	5.02784	5.02784	5.62367
k141_2724	661	3.56556	3.56556	0.944223
k141_4803	1522	4.63703	4.63703	2.20221
k141_4804	542	4.79082	4.79082	3.38323
k141_6842	1038	3.89414	3.89414	2.10828
k141_6843	307	4.43312	4.43312	0.593254
k141_2725	1353	3.94098	3.94098	1.92747
k141_6844	341	3.02618	3.02618	0.499312
k141_6845	439	1.30796	1.30796	0.290249
k141_6846	1177	4.30282	4.30282	2.20158
k141_629	3708	3.86453	3.86453	1.70558
k141_6847	1207	4.74267	4.74267	3.37308
k141_2726	3736	4.57278	4.57278	2.76642
k141_4805	3877	4.99946	4.99946	3.73698
k141_4806	581	2.17633	2.17633	0.51302
k141_6848	1758	5.88246	5.88246	3.87352
k141_4807	1053	5.51384	5.51384	2.30773
k141_630	3792	5.01538	5.01538	4.88465
k141_4808	374	1.35268	1.35268	0.22932
k141_2727	2762	5.56432	5.56432	3.76034
k141_6849	2117	5.21352	5.21352	3.06933
k141_4809	569	3.11695	3.11695	1.1705
k141_631	459	1.94822	1.94822	0.250556
k141_632	423	2.69963	2.69963	1.31387
k141_6850	1768	4.4178	4.4178	3.2341
k141_4810	1661	5.56453	5.56453	10.3705
k141_2728	1937	5.56967	5.56967	3.95863
k141_6851	406	1.77344	1.77344	0.317096
k141_2729	303	2.84314	2.84314	0.23839
k141_2730	503	1.93484	1.93484	0.873581
k141_4811	902	3.77527	3.77527	3.22106
k141_4812	665	4.02718	4.02718	1.16658
k141_2731	1772	4.27374	4.27374	3.04528
k141_2732	351	1.48756	1.48756	0.251094
k141_2733	384	4.10256	4.10256	0.564542
k141_2734	641	3.6558	3.6558	1.78537
k141_4813	2388	5.58043	5.58043	3.72151
k141_2735	450	2.81667	2.81667	0.210424
k141_2736	356	3.78155	3.78155	0.669122
k141_4814	436	0.783217	0.783217	0.703718
k141_633	4881	4.50074	4.50074	2.53925
k141_4815	338	1.92021	1.92021	0.865257
k141_6852	4410	4.98498	4.98498	5.13377
k141_6853	452	2.29139	2.29139	0.964643
k141_2737	1597	3.62267	3.62267	1.87135
k141_4816	1569	4.43904	4.43904	3.44532
k141_4817	721	1.18914	1.18914	0.416797
k141_2738	1540	5.58993	5.58993	5.25862
k141_6854	2317	4.976	4.976	3.71041
k141_2739	430	4.34643	4.34643	1.21647
k141_634	3467	5.94031	5.94031	6.66355
k141_635	615	2.72903	2.72903	0.297109
k141_2740	2010	5.35753	5.35753	5.25831
k141_2741	356	1.88835	1.88835	0.324059
k141_4818	3275	4.99584	4.99584	4.72814
k141_6855	2505	5.28025	5.28025	2.97924
k141_6856	327	5.00565	5.00565	0.732921
k141_6857	363	1.94836	1.94836	0.558642
k141_2742	1018	2.79839	2.79839	0.694028
k141_6858	408	1.98062	1.98062	0.43153
k141_4819	1094	4.82203	4.82203	2.12312
k141_2743	448	1.48993	1.48993	0.250741
k141_6859	784	3.33596	3.33596	1.40512
k141_636	3646	5.02775	5.02775	5.54916
k141_6860	570	1.67381	1.67381	0.306233
k141_4820	2044	4.60929	4.60929	4.49389
k141_4821	399	0	0	0
k141_4822	471	3.71028	3.71028	1.05018
k141_637	2004	5.02265	5.02265	3.95093
k141_2744	3259	3.78192	3.78192	2.038
k141_638	885	4.74422	4.74422	1.90178
k141_6861	2812	3.68708	3.68708	1.92799
k141_2745	529	2.98417	2.98417	1.30134
k141_4823	1443	3.43387	3.43387	2.09721
k141_6862	478	1.77439	1.77439	0.24864
k141_4824	348	3.17677	3.17677	0.400066
k141_2746	330	0.422222	0.422222	0.245314
k141_4825	376	5.30088	5.30088	0.753512
k141_2747	522	2.30108	2.30108	0.922588
k141_4826	1209	3.29556	3.29556	1.84734
k141_6863	1804	4.62092	4.62092	3.94513
k141_4827	634	2.15702	2.15702	0.737196
k141_4828	905	2.93113	2.93113	0.828141
k141_639	3405	4.96252	4.96252	3.1049
k141_4829	376	1.33186	1.33186	0.222714
k141_4830	385	4.11489	4.11489	1.05085
k141_6864	2095	4.47147	4.47147	3.74619
k141_2748	2870	4.95331	4.95331	4.11219
k141_4831	856	4.43909	4.43909	1.16012
k141_640	1438	5.41615	5.41615	4.15301
k141_2749	1913	3.83607	3.83607	4.31422
k141_2750	817	3.81259	3.81259	3.53089
k141_641	2608	3.786	3.786	2.33678
k141_2751	566	2.94471	2.94471	0.953563
k141_4832	3141	4.29689	4.29689	2.40481
k141_6865	3439	4.31438	4.31438	3.16693
k141_2752	487	3.7359	3.7359	2.11755
k141_642	679	2.40076	2.40076	0.933788
k141_6866	559	1.44254	1.44254	0.247304
k141_2753	374	2.81696	2.81696	0.212984
k141_6867	1353	4.32419	4.32419	2.92308
k141_4833	2694	5.17767	5.17767	5.13867
k141_6868	1106	5.88389	5.88389	3.75089
k141_4834	527	1.90451	1.90451	0.331282
k141_6869	961	3.76695	3.76695	2.44809
k141_643	3361	5.14263	5.14263	4.84197
k141_4835	1159	4.18434	4.18434	2.95008
k141_644	508	5.06425	5.06425	0.939842
k141_4836	479	2.48632	2.48632	0.366428
k141_6870	1184	2.96615	2.96615	2.78394
k141_4837	381	1.30736	1.30736	0.544249
k141_645	614	4.70474	4.70474	1.61674
k141_6871	342	2.20833	2.20833	0.249564
k141_4838	333	4.07104	4.07104	2.85756
k141_646	447	2.65657	2.65657	0.800572
k141_647	760	6.35246	6.35246	3.56523
k141_648	535	4.2	4.2	1.1448
k141_4839	1384	5.03079	5.03079	3.11827
k141_4840	656	3.85178	3.85178	1.30274
k141_2754	6069	5.05288	5.05288	4.025
k141_4841	302	2.11184	2.11184	0.881449
k141_2755	354	1.90196	1.90196	0.630735
k141_2756	638	3.25615	3.25615	2.05951
k141_2757	1003	4.02931	4.02931	3.11301
k141_649	2626	3.78069	3.78069	1.49652
k141_650	393	2.8642	2.8642	0.250077
k141_6872	4769	5.48322	5.48322	3.86124
k141_2758	1068	4.07625	4.07625	2.67466
k141_2760	467	1.66562	1.66562	0.659986
k141_2761	1066	3.46725	3.46725	2.31695
k141_6873	1753	4.97255	4.97255	5.40127
k141_6874	346	2.22449	2.22449	0.359602
k141_2762	537	2.64341	2.64341	0.582357
k141_2763	537	3.70801	3.70801	1.98965
k141_2764	387	2.13924	2.13924	0.60341
k141_6875	1357	4.62138	4.62138	2.63679
k141_6876	508	1.68715	1.68715	0.439667
k141_6877	331	1.62983	1.62983	0.234438
k141_651	4362	4.2113	4.2113	3.10178
k141_6878	710	5.56786	5.56786	2.25657
k141_652	657	2.59566	2.59566	0.830253
k141_6879	465	1.40635	1.40635	0.241998
k141_6880	346	6.40816	6.40816	0.447933
k141_6881	450	1.87667	1.87667	0.155307
k141_6882	896	4.3244	4.3244	1.82751
k141_4842	8709	5.17479	5.17479	3.90243
k141_653	1748	3.50939	3.50939	2.13362
k141_6883	710	4.12857	4.12857	4.39846
k141_2765	5064	4.69312	4.69312	3.39284
k141_4843	1687	5.35914	5.35914	6.3683
k141_2766	361	3.03791	3.03791	0.579509
k141_4844	602	4.18363	4.18363	2.42962
k141_654	2572	3.90545	3.90545	3.80073
k141_4845	1222	3.57743	3.57743	1.318
k141_655	1490	4.93209	4.93209	2.75641
k141_4846	562	1.67233	1.67233	0.469014
k141_4847	312	1.82716	1.82716	0.143854
k141_6884	4999	5.1291	5.1291	4.87322
k141_656	1624	4.72863	4.72863	6.42735
k141_4848	1428	4.41471	4.41471	2.6501
k141_6885	1338	4.42424	4.42424	1.55196
k141_2767	4814	4.26179	4.26179	3.76174
k141_4849	1073	3.17876	3.17876	1.46367
k141_6886	512	2.76796	2.76796	1.82412
k141_4850	320	5.21176	5.21176	2.80696
k141_4851	394	1.86066	1.86066	0.202726
k141_2768	1135	1.83655	1.83655	0.73647
k141_6887	805	4.09618	4.09618	1.7201
k141_2769	373	1.50224	1.50224	0.251121
k141_657	2672	4.28668	4.28668	3.5715
k141_4852	1193	3.65484	3.65484	0.830852
k141_6888	712	3.73132	3.73132	1.11307
k141_4853	325	11.2114	11.2114	5.22515
k141_6889	319	2.22485	2.22485	0.389617
k141_6890	591	3.72562	3.72562	2.67682
k141_6891	353	1.89163	1.89163	0.394137
k141_658	1806	4.98068	4.98068	2.7803
k141_6892	393	1.86831	1.86831	0.213992
k141_659	377	1.72247	1.72247	0.245644
k141_660	303	4.30065	4.30065	0.672171
k141_4854	1752	4.75905	4.75905	4.24674
k141_6893	544	2.86294	2.86294	0.708903
k141_4855	328	1.27528	1.27528	0.211927
k141_6894	323	2.95376	2.95376	1.06762
k141_661	781	3.96197	3.96197	1.87158
k141_6895	301	0	0	0
k141_662	324	2.2931	2.2931	0.532091
k141_4856	714	4.50709	4.50709	8.39604
k141_2770	3657	4.39036	4.39036	2.157
k141_663	639	3.89366	3.89366	0.820636
k141_6896	1354	4.89784	4.89784	4.88815
k141_2771	1522	3.27988	3.27988	2.20461
k141_6897	1060	4.80769	4.80769	2.33371
k141_2772	627	7.09644	7.09644	3.52848
k141_6898	505	13.5493	13.5493	34.4686
k141_4857	2759	4.13913	4.13913	2.2349
k141_4858	385	7.25532	7.25532	5.55847
k141_4859	619	4.10874	4.10874	2.84071
k141_6899	2266	4.74102	4.74102	3.56791
k141_2773	2617	4.73125	4.73125	3.90057
k141_4860	1578	4.64146	4.64146	3.22524
k141_6900	465	4.79683	4.79683	0.888526
k141_2774	1380	5.09756	5.09756	1.90097
k141_664	5760	3.70856	3.70856	2.39373
k141_665	432	8.33333	8.33333	1.10558
k141_4861	1938	4.56208	4.56208	2.8708
k141_4862	457	1.72964	1.72964	0.413596
k141_2775	2337	3.96296	3.96296	2.48766
k141_666	2486	5.31336	5.31336	3.97119
k141_667	319	1.6213	1.6213	0.236687
k141_6901	4478	5.55892	5.55892	3.17056
k141_668	666	2.44574	2.44574	1.25724
k141_2776	1686	3.7474	3.7474	1.6469
k141_2777	304	1.4026	1.4026	0.242085
k141_669	545	3.24051	3.24051	1.19836
k141_670	457	6.38436	6.38436	2.07401
k141_2778	1202	4.00951	4.00951	2.11218
k141_671	1176	4.42203	4.42203	3.64125
k141_2779	731	6.02754	6.02754	2.04062
k141_672	326	2.39205	2.39205	0.616849
k141_673	1246	4.03102	4.03102	1.85292
k141_674	615	1.79355	1.79355	0.422804
k141_675	657	3.11637	3.11637	1.81054
k141_2780	2438	3.96023	3.96023	4.87778
k141_676	547	2.46851	2.46851	0.350648
k141_2781	949	4.68586	4.68586	1.76209
k141_6902	5654	4.5883	4.5883	4.13359
k141_2782	376	2.5354	2.5354	0.712076
k141_6903	402	1.61111	1.61111	0.238601
k141_6904	391	1.25726	1.25726	0.191874
k141_6905	345	1.68718	1.68718	0.535659
k141_6906	418	2.03731	2.03731	0.425569
k141_677	1875	3.52638	3.52638	3.29812
k141_2783	1326	4.89031	4.89031	3.52753
k141_4863	9354	4.78531	4.78531	4.50865
k141_2784	329	1.26816	1.26816	0.320946
k141_678	329	1.69274	1.69274	0.214048
k141_4864	357	4.73913	4.73913	3.6889
k141_6907	354	3.81863	3.81863	0.986647
k141_4865	418	1.51493	1.51493	0.250713
k141_679	465	4.16825	4.16825	0.528926
k141_680	1063	4.92443	4.92443	3.33966
k141_4866	2253	4.89444	4.89444	3.11825
k141_2785	3528	4.84192	4.84192	3.94716
k141_4867	975	3.32848	3.32848	1.18444
k141_4868	412	2.69466	2.69466	0.212922
k141_6908	3401	5.15872	5.15872	3.27759
k141_681	3024	5.17154	5.17154	3.92081
k141_2786	1167	3.85152	3.85152	1.84309
k141_2787	589	4.38041	4.38041	1.01706
k141_6909	1113	3.66251	3.66251	2.88703
k141_6910	346	3.78061	3.78061	0.90034
k141_2788	724	3.50523	3.50523	1.44413
k141_6911	429	2.58065	2.58065	1.3379
k141_2789	563	4.11138	4.11138	1.59437
k141_6912	663	4.18908	4.18908	4.85674
k141_4869	2930	4.96367	4.96367	6.28547
k141_4870	445	1.61356	1.61356	0.299136
k141_6913	948	5.44486	5.44486	2.10674
k141_6914	369	2.25571	2.25571	1.35633
k141_6915	386	2.92797	2.92797	1.41181
k141_4871	905	3.75762	3.75762	1.49422
k141_682	4974	6.33748	6.33748	5.18734
k141_6916	1609	4.94791	4.94791	1.85463
k141_683	317	2.26347	2.26347	0.243417
k141_2790	3750	5.28472	5.28472	3.95697
k141_2791	428	4.58273	4.58273	2.70612
k141_6917	2114	5.40071	5.40071	14.4645
k141_684	2683	4.30478	4.30478	3.49794
k141_6918	604	1.84141	1.84141	0.160224
k141_685	484	3.65569	3.65569	1.19941
k141_2792	2599	4.96162	4.96162	2.38414
k141_6919	455	2.41311	2.41311	0.526144
k141_686	336	1.04301	1.04301	0.776517
k141_687	377	1.85022	1.85022	0.419944
k141_4872	5169	5.00139	5.00139	4.60441
k141_4873	568	2.80383	2.80383	1.85591
k141_4874	330	1.67778	1.67778	0.219615
k141_688	1057	3.32415	3.32415	2.08467
k141_689	413	2.41445	2.41445	0.31231
k141_4875	919	4.87906	4.87906	5.52313
k141_690	680	3.91132	3.91132	1.99023
k141_4876	691	2.56377	2.56377	0.64639
k141_6920	2461	5.1389	5.1389	3.49459
k141_6921	323	1.14451	1.14451	0.124345
k141_6922	421	1.99631	1.99631	0.633321
k141_6923	314	1.12805	1.12805	0.112337
k141_6924	546	2.39141	2.39141	0.659065
k141_691	2671	5.22412	5.22412	5.10799
k141_4877	2842	5.22883	5.22883	3.39917
k141_4878	685	3.60935	3.60935	1.90514
k141_4879	301	1.35099	1.35099	0.229316
k141_4880	371	2.52036	2.52036	0.64163
k141_692	1662	3.9246	3.9246	6.54096
k141_693	333	2.38798	2.38798	0.623372
k141_4881	1030	4.96932	4.96932	2.71237
k141_2793	7818	4.92345	4.92345	3.55574
k141_4882	658	2.96457	2.96457	0.578623
k141_2794	314	5.03659	5.03659	1.06614
k141_6925	4163	5.29878	5.29878	5.97644
k141_2795	332	3.48352	3.48352	0.814643
k141_694	1827	4.72868	4.72868	5.99491
k141_695	319	5.4497	5.4497	2.07037
k141_696	423	1.90476	1.90476	0.865895
k141_4883	1480	4.13007	4.13007	1.86645
k141_2796	1389	4.73285	4.73285	1.784
k141_4884	329	2.00559	2.00559	0.241541
k141_697	955	4.49317	4.49317	1.5214
k141_4885	340	2.31579	2.31579	0.312448
k141_698	517	1.66757	1.66757	0.222524
k141_4886	463	2.71246	2.71246	0.872184
k141_4887	314	2.4878	2.4878	0.251384
k141_4888	371	2.45249	2.45249	0.248869
k141_699	568	2.54545	2.54545	0.963153
k141_6926	2974	4.88669	4.88669	2.73386
k141_6927	301	1.68874	1.68874	0.215806
k141_6928	338	3.31383	3.31383	0.216492
k141_2797	2435	3.76586	3.76586	2.19866
k141_2798	354	1.92157	1.92157	0.0923402
k141_2799	307	1.92994	1.92994	0.25788
k141_2800	356	1.98544	1.98544	0.258323
k141_2801	316	2.1506	2.1506	0.249909
k141_2802	413	1.73004	1.73004	0.915392
k141_2803	304	2.50649	2.50649	0.251592
k141_6929	1900	5.32629	5.32629	2.01525
k141_700	3030	4.27153	4.27153	2.64385
k141_4889	5298	4.57731	4.57731	3.72067
k141_701	1958	4.39546	4.39546	2.76825
k141_2804	3217	5.0476	5.0476	3.55743
k141_702	387	1.73418	1.73418	0.195989
k141_4890	1779	3.45058	3.45058	3.40617
k141_2805	2193	3.92022	3.92022	2.28305
k141_4891	1253	4.07797	4.07797	4.59645
k141_2806	308	3.29747	3.29747	0.567
k141_703	2126	3.79403	3.79403	2.40566
k141_704	550	2.5025	2.5025	0.651622
k141_705	747	3.93467	3.93467	2.28935
k141_4892	1385	3.72551	3.72551	2.15556
k141_706	579	4.37995	4.37995	0.997823
k141_707	328	1.48876	1.48876	0.624167
k141_708	486	4.36607	4.36607	2.96111
k141_2807	2726	6.03339	6.03339	7.64008
k141_4893	1544	2.95409	2.95409	2.66412
k141_2808	658	4.28543	4.28543	2.14914
k141_2809	412	2.8855	2.8855	1.30485
k141_709	1948	4.99055	4.99055	3.70999
k141_6930	10444	4.90839	4.90839	4.05805
k141_710	1491	4.71514	4.71514	3.83074
k141_6931	332	1.66484	1.66484	0.22406
k141_711	442	1.93493	1.93493	0.762075
k141_4894	3508	4.23794	4.23794	4.38217
k141_4895	401	3.03984	3.03984	0.406406
k141_4896	351	1.50249	1.50249	0.251244
k141_4897	1287	3.98857	3.98857	3.55886
k141_6932	2556	4.53325	4.53325	3.34506
k141_6933	308	2.05696	2.05696	1.13687
k141_2810	5085	5.08409	5.08409	4.34375
k141_712	2972	4.53969	4.53969	4.54417
k141_2811	986	4.16866	4.16866	1.48649
k141_713	730	5	5	1.55786
k141_2812	326	2.91477	2.91477	0.592695
k141_2813	454	4.78947	4.78947	1.78391
k141_2814	1484	4.34033	4.34033	2.30116
k141_2815	337	4.6631	4.6631	1.12782
k141_714	3295	5.58855	5.58855	8.18817
k141_6934	5295	5.29776	5.29776	5.25033
k141_4898	5998	5.1657	5.1657	5.92546
k141_2816	2796	4.02986	4.02986	2.6785
k141_2817	758	3.80099	3.80099	1.76428
k141_4899	1710	5.76154	5.76154	3.2888
k141_2818	621	2.27389	2.27389	1.22483
k141_2819	394	2.17213	2.17213	0.546382
k141_715	3846	5.63474	5.63474	4.70292
k141_2820	1159	5.22696	5.22696	3.96332
k141_717	304	2.46104	2.46104	0.616121
k141_4900	1997	4.43097	4.43097	3.22803
k141_6935	3940	4.49077	4.49077	2.80689
k141_2821	884	4.22071	4.22071	3.41918
k141_718	503	3.48725	3.48725	0.574409
k141_719	322	1.67442	1.67442	0.220862
k141_720	309	2.37736	2.37736	0.236446
k141_2822	809	3.95144	3.95144	0.915574
k141_2823	325	2.09143	2.09143	0.41688
k141_6936	1205	4.98863	4.98863	2.96003
k141_6937	341	2.02094	2.02094	0.0206118
k141_2824	609	4.81046	4.81046	1.90068
k141_2825	373	1.38565	1.38565	0.237991
k141_6938	363	2.19718	2.19718	0.564709
k141_6939	435	3.72632	3.72632	0.826244
k141_2826	1087	5.38847	5.38847	1.7421
k141_4901	3186	3.92227	3.92227	1.7798
k141_4902	310	2.16875	2.16875	0.229206
k141_4903	705	2.76396	2.76396	1.4153
k141_4904	1014	5.35301	5.35301	3.41754
k141_4905	698	2.90328	2.90328	1.36723
k141_4906	388	3.96639	3.96639	0.977769
k141_4907	682	4.35338	4.35338	3.95399
k141_2827	3814	5.24891	5.24891	4.71332
k141_2828	371	1.77828	1.77828	0.309708
k141_721	5253	4.03606	4.03606	4.36542
k141_2829	357	2.70531	2.70531	0.558369
k141_4908	1313	4.15993	4.15993	1.55444
k141_2830	726	3.63889	3.63889	0.8085
k141_6940	5741	4.69827	4.69827	3.13016
k141_4909	655	3.33267	3.33267	3.02403
k141_6941	316	4.66867	4.66867	1.38653
k141_6942	478	3.69817	3.69817	0.804646
k141_722	1343	4.20285	4.20285	3.37661
k141_6943	361	2.3128	2.3128	1.01598
k141_723	330	1.73333	1.73333	0.52067
k141_6944	444	3.82993	3.82993	0.919787
k141_6945	717	3.59788	3.59788	1.48819
k141_4910	1735	3.53186	3.53186	2.47012
k141_6946	418	1.98881	1.98881	0.475528
k141_2831	2478	4.05799	4.05799	1.61807
k141_4911	553	1.58065	1.58065	0.383406
k141_2832	434	3.67958	3.67958	0.706154
k141_4912	1088	5.4403	5.4403	5.903
k141_4913	313	3.08589	3.08589	0.646898
k141_724	3498	5.22162	5.22162	4.57945
k141_4914	1515	4.44689	4.44689	1.9365
k141_2833	2607	4.46032	4.46032	2.43498
k141_2834	446	1.02365	1.02365	0.450286
k141_4915	1280	3.83451	3.83451	1.70775
k141_725	1187	6.5082	6.5082	6.46251
k141_4916	565	4.33012	4.33012	0.482545
k141_726	474	0.700617	0.700617	0.241362
k141_2835	1458	3.93272	3.93272	2.16686
k141_4917	392	3.07851	3.07851	0.935718
k141_727	439	3.22145	3.22145	1.13829
k141_6947	4977	4.64574	4.64574	3.93657
k141_4918	556	3.19212	3.19212	1.60744
k141_728	495	2.10725	2.10725	0.404164
k141_6948	462	1.79487	1.79487	0.440102
k141_4919	344	1.02577	1.02577	0.211767
k141_6949	358	1.82212	1.82212	0.514099
k141_4920	458	3.57468	3.57468	1.4765
k141_4921	307	1.90446	1.90446	0.0869672
k141_2836	1685	3.47036	3.47036	1.30665
k141_4922	687	2.84358	2.84358	1.56877
k141_6950	1257	4.87444	4.87444	6.477
k141_729	1473	5.26531	5.26531	3.94546
k141_4923	612	2.88312	2.88312	0.715157
k141_6951	492	1.38304	1.38304	0.237014
k141_2837	1308	3.91623	3.91623	1.77085
k141_2838	333	1.51366	1.51366	0.251186
k141_4924	998	3.70873	3.70873	3.78874
k141_4925	369	3.96347	3.96347	0.961958
k141_4926	536	2.9171	2.9171	0.5022
k141_730	1762	4.62035	4.62035	5.80366
k141_6952	1949	3.12118	3.12118	2.45025
k141_4927	1316	4.48885	4.48885	1.93764
k141_2839	2397	4.06231	4.06231	2.78331
k141_4928	399	3.01205	3.01205	2.10872
k141_2840	494	1.34302	1.34302	0.226015
k141_2841	776	5.39457	5.39457	3.29847
k141_6953	2169	4.57702	4.57702	2.00934
k141_731	2319	5.28677	5.28677	6.08011
k141_6954	337	1.79144	1.79144	0.467023
k141_6955	441	1.76289	1.76289	0.243583
k141_6956	345	2.12821	2.12821	0.627809
k141_6957	651	1.6008	1.6008	0.34832
k141_4929	2555	4.97838	4.97838	5.92463
k141_4930	432	2.02128	2.02128	0.262891
k141_2842	2169	4.0312	4.0312	4.88356
k141_2843	302	1.35526	1.35526	0.52196
k141_4931	631	2.86486	2.86486	0.771282
k141_2844	616	2.33906	2.33906	0.572965
k141_6958	2134	4.95312	4.95312	3.52113
k141_4932	2067	5.10694	5.10694	3.10384
k141_732	5242	5.05361	5.05361	4.38311
k141_6959	2141	5.11552	5.11552	4.27208
k141_733	539	2.88946	2.88946	0.66043
k141_4933	1823	4.44172	4.44172	3.82092
k141_4934	683	4.22514	4.22514	1.96425
k141_4935	483	2.45646	2.45646	1.285
k141_6960	1354	5.4892	5.4892	5.11791
k141_734	1372	5.30769	5.30769	6.18703
k141_735	351	1.50249	1.50249	0.251244
k141_4936	547	3.87406	3.87406	0.736622
k141_736	350	1.515	1.515	0.25103
k141_6961	581	2.7935	2.7935	1.43401
k141_2845	5068	5.33042	5.33042	4.02366
k141_2846	329	2.44134	2.44134	0.438955
k141_6962	435	1.94035	1.94035	0.161923
k141_737	541	1.54731	1.54731	0.248397
k141_4937	761	3.99836	3.99836	1.22786
k141_6963	402	1.19048	1.19048	0.545246
k141_4938	322	2.77907	2.77907	0.254998
k141_2847	636	3.49794	3.49794	1.01752
k141_738	418	3.02239	3.02239	1.46017
k141_4939	315	2.09697	2.09697	0.246637
k141_2848	395	1.37143	1.37143	0.234426
k141_739	362	5.43868	5.43868	2.48437
k141_740	344	3.20619	3.20619	0.382137
k141_741	529	1.61478	1.61478	0.237454
k141_742	914	4.90052	4.90052	2.18143
k141_6964	1820	5.03593	5.03593	3.83694
k141_743	435	3.57193	3.57193	0.717518
k141_6965	412	1.92366	1.92366	0.798748
k141_6966	550	4.6325	4.6325	4.45357
k141_6967	510	1.26111	1.26111	0.193469
k141_2849	3197	6.255	6.255	16.7954
k141_2850	372	1.63063	1.63063	0.523584
k141_4940	4707	5.14659	5.14659	4.34417
k141_2851	1313	4.80138	4.80138	2.13519
k141_744	3145	4.47713	4.47713	3.23951
k141_2852	341	2.03141	2.03141	0.0305869
k141_4941	485	2.91343	2.91343	0.606256
k141_2853	321	2.55556	2.55556	0.342485
k141_745	771	4.99839	4.99839	2.03064
k141_6968	3262	4.26896	4.26896	4.50909
k141_4943	1105	3.27853	3.27853	1.69593
k141_2854	1218	4.05899	4.05899	2.55041
k141_6969	517	5.6049	5.6049	6.26697
k141_4944	328	2.01685	2.01685	0.0166635
k141_2855	836	4.52187	4.52187	1.60172
k141_2856	333	1.79235	1.79235	0.934667
k141_746	1965	4.59284	4.59284	3.36723
k141_6970	1473	5.85714	5.85714	4.1922
k141_4945	1433	3.96259	3.96259	1.68345
k141_747	337	1.5508	1.5508	0.248749
k141_2857	840	4.61594	4.61594	3.23255
k141_2858	752	2.3804	2.3804	0.841747
k141_748	874	4.21547	4.21547	3.49154
k141_749	922	3.7513	3.7513	2.05998
k141_4946	2467	4.08805	4.08805	2.72283
k141_2859	2904	4.76616	4.76616	2.84469
k141_750	1975	4.47836	4.47836	2.77928
k141_2860	439	1.53979	1.53979	0.249279
k141_4947	1218	3.0618	3.0618	1.82562
k141_6971	3701	3.58406	3.58406	2.3078
k141_2861	376	1.95133	1.95133	0.704289
k141_4948	1386	4.00324	4.00324	2.8324
k141_751	2018	4.91221	4.91221	4.29008
k141_752	354	1.48039	1.48039	0.250845
k141_6972	2067	3.8049	3.8049	3.93479
k141_6973	528	2.06085	2.06085	0.853051
k141_2862	2516	4.57565	4.57565	4.77201
k141_4949	1543	6.06246	6.06246	3.36606
k141_4950	556	3.19704	3.19704	1.60553
k141_2863	1272	6.11765	6.11765	7.43125
k141_2864	450	1.85667	1.85667	0.504471
k141_753	2059	3.8439	3.8439	1.57625
k141_2865	471	2.79751	2.79751	0.743242
k141_4951	1643	3.67783	3.67783	2.62201
k141_6974	2474	4.8636	4.8636	3.64087
k141_2866	813	3.27149	3.27149	1.16485
k141_6975	433	5.70671	5.70671	1.36403
k141_4952	832	3.5176	3.5176	1.84477
k141_754	1512	5.26799	5.26799	6.31682
k141_755	307	4.8535	4.8535	1.84379
k141_756	899	5.14152	5.14152	2.62433
k141_757	359	3.46411	3.46411	0.509523
k141_758	356	2.25243	2.25243	0.423775
k141_4953	1753	4.38678	4.38678	2.65306
k141_759	333	1.65574	1.65574	0.226986
k141_4954	400	2.028	2.028	0.30845
k141_760	406	2.35938	2.35938	0.482108
k141_6976	2730	5.23643	5.23643	4.20536
k141_761	1124	4.16324	4.16324	1.76263
k141_2867	3558	3.93104	3.93104	2.17047
k141_4955	2522	4.85413	4.85413	4.56921
k141_6977	1923	4.00902	4.00902	2.82493
k141_2868	1868	5.18219	5.18219	5.00632
k141_2869	378	1.32895	1.32895	0.221714
k141_762	2581	5.79967	5.79967	8.1422
k141_4956	1765	4.27492	4.27492	2.01359
k141_6978	2607	4.47782	4.47782	2.37178
k141_2870	1930	5.20112	5.20112	5.55024
k141_6979	484	2.44611	2.44611	0.560147
k141_6980	315	5.24848	5.24848	0.968367
k141_2871	710	3.26071	3.26071	0.894335
k141_6981	303	2.34641	2.34641	0.688424
k141_6982	379	3.17031	3.17031	0.554202
k141_2872	1187	3.38862	3.38862	3.49264
k141_2873	319	1.15976	1.15976	0.825515
k141_2874	1207	7.00662	7.00662	7.82285
k141_6983	2468	3.92623	3.92623	1.76538
k141_2875	927	1.89961	1.89961	0.634235
k141_6984	941	4.18078	4.18078	2.86223
k141_763	6048	4.36673	4.36673	2.94968
k141_764	1107	2.84431	2.84431	1.05418
k141_4957	7057	4.79542	4.79542	4.59231
k141_2876	1952	4.83574	4.83574	4.56376
k141_765	814	5.54367	5.54367	7.54259
k141_6985	2058	5.02149	5.02149	4.55693
k141_4958	534	5.09896	5.09896	1.66642
k141_6986	583	3.99538	3.99538	1.35183
k141_6987	358	1.84135	1.84135	0.14379
k141_766	1201	4.93911	4.93911	3.87628
k141_767	537	1.83463	1.83463	0.615064
k141_2877	1935	4.6493	4.6493	3.46773
k141_768	879	1.97531	1.97531	0.647741
k141_2878	316	3.11446	3.11446	1.30197
k141_769	380	4.33043	4.33043	1.50606
k141_2879	515	2.46575	2.46575	0.348412
k141_6988	3271	8.48734	8.48734	12.7177
k141_6989	436	2.3007	2.3007	0.351369
k141_4959	5638	5.76039	5.76039	5.2214
k141_4961	527	2.5756	2.5756	1.30877
k141_2880	4300	4.41711	4.41711	2.52035
k141_2881	326	2.61364	2.61364	0.501298
k141_4962	854	4.58523	4.58523	3.3583
k141_2882	674	7.00763	7.00763	1.25042
k141_4963	538	2.17268	2.17268	0.334444
k141_6990	3967	5.01782	5.01782	4.86713
k141_770	6204	5.0996	5.0996	4.92056
k141_6991	434	3.36972	3.36972	1.01124
k141_2883	1595	5.76609	5.76609	2.57265
k141_771	1185	5.20773	5.20773	2.54771
k141_2884	969	2.82906	2.82906	2.85827
k141_4964	3259	3.69444	3.69444	4.05845
k141_6992	2338	5.00274	5.00274	2.58617
k141_2885	1962	5.76159	5.76159	3.36663
k141_2886	784	3.85174	3.85174	1.3903
k141_2887	204	1	1	0
k141_2888	314	3.48171	3.48171	1.23279
k141_772	3639	5.47578	5.47578	3.90088
k141_773	447	1.96633	1.96633	0.10697
k141_2889	999	6.98233	6.98233	3.8853
k141_774	387	1.59494	1.59494	0.504721
k141_4965	3178	4.4148	4.4148	3.07922
k141_6993	3127	3.95264	3.95264	2.77707
k141_775	737	4.51959	4.51959	1.42752
k141_6994	620	4.50851	4.50851	1.78139
k141_776	311	2.80745	2.80745	0.281445
k141_6995	371	2.00452	2.00452	0.331798
k141_6996	517	3.33243	3.33243	1.73073
k141_4966	1551	3.05425	3.05425	1.71705
k141_6997	463	2.10863	2.10863	0.757393
k141_4967	1097	4.09926	4.09926	1.99859
k141_6998	995	3.6497	3.6497	2.11885
k141_2890	3070	5.91233	5.91233	6.80839
k141_4968	642	3.03049	3.03049	3.23939
k141_6999	712	2.12456	2.12456	0.825813
k141_7000	354	1.48529	1.48529	0.251015
k141_777	2925	5.7582	5.7582	4.04571
k141_778	670	3.25769	3.25769	0.943102
k141_7001	1061	4.91218	4.91218	3.84503
k141_4969	2159	4.27178	4.27178	6.37431
k141_779	1399	4.66853	4.66853	3.68973
k141_780	414	1.69697	1.69697	0.272843
k141_4970	816	2.74324	2.74324	1.31894
k141_781	615	6.23226	6.23226	3.80802
k141_782	346	1.54592	1.54592	0.249163
k141_7002	2651	4.53579	4.53579	5.11124
k141_4971	1170	3.52059	3.52059	2.76599
k141_783	642	4.50203	4.50203	2.13237
k141_7003	544	2.45685	2.45685	0.645718
k141_784	1337	5.12131	5.12131	2.28039
k141_7004	1019	4.06905	4.06905	2.16343
k141_4972	1772	5.57583	5.57583	4.6244
k141_7005	544	2.62183	2.62183	0.362983
k141_4973	320	2.17059	2.17059	0.698538
k141_785	629	1.57829	1.57829	0.282038
k141_4974	348	1.92929	1.92929	0.786853
k141_7006	406	2.48828	2.48828	1.49006
k141_7007	1313	5.21926	5.21926	5.03193
k141_4975	1982	5.39793	5.39793	4.40676
k141_7008	888	2.39702	2.39702	1.26007
k141_4976	522	4.56183	4.56183	2.81289
k141_7009	543	2.44529	2.44529	0.594574
k141_2891	8815	5.24582	5.24582	5.26262
k141_7010	906	2.72487	2.72487	1.92685
k141_2892	576	2.1385	2.1385	0.863131
k141_2893	303	1.79085	1.79085	0.166494
k141_786	3876	3.58105	3.58105	2.62626
k141_4977	1475	4.51472	4.51472	2.70464
k141_4978	306	2.11538	2.11538	0.154342
k141_2894	1047	3.97659	3.97659	3.72155
k141_7011	1628	4.69892	4.69892	2.15506
k141_2895	628	2.5272	2.5272	0.891289
k141_4979	1445	5.84324	5.84324	3.71187
k141_2896	687	4.04469	4.04469	2.77412
k141_7012	898	6.26738	6.26738	3.29923
k141_7013	569	1.94511	1.94511	0.209899
k141_2897	870	3.3625	3.3625	0.645879
k141_2898	311	1.67081	1.67081	0.222205
k141_7014	385	8.42979	8.42979	15.2461
k141_4980	962	4.98276	4.98276	2.49538
k141_787	3066	4.3131	4.3131	6.90536
k141_4981	326	3.98295	3.98295	0.782564
k141_788	1077	4.29989	4.29989	2.85163
k141_7015	1232	4.72274	4.72274	3.37913
k141_789	479	2.08207	2.08207	0.691412
k141_7016	324	2.52874	2.52874	0.516512
k141_790	489	3.60177	3.60177	2.73147
k141_4982	1731	4.94118	4.94118	4.07819
k141_2899	3480	4.84474	4.84474	2.97952
k141_7017	2229	4.77585	4.77585	4.97466
k141_791	2133	3.94402	3.94402	2.80966
k141_4983	2029	5.57265	5.57265	4.19373
k141_4984	525	1.69333	1.69333	0.368272
k141_7018	1548	3.33262	3.33262	1.47912
k141_4985	1192	4.80422	4.80422	1.48133
k141_792	2610	3.6126	3.6126	1.59163
k141_793	309	1.2327	1.2327	0.179683
k141_4986	1387	4.40016	4.40016	5.31467
k141_4987	758	2.46217	2.46217	0.66413
k141_794	1065	4.01639	4.01639	3.37281
k141_795	332	4.07692	4.07692	1.16532
k141_4988	418	4.5	4.5	1.06742
k141_796	426	1.88406	1.88406	0.44469
k141_797	310	1.7375	1.7375	0.194812
k141_7019	4405	5.07286	5.07286	4.72298
k141_7020	373	4.24215	4.24215	0.896053
k141_4989	1853	5.01585	5.01585	3.12608
k141_2900	7191	4.6651	4.6651	3.8848
k141_7021	1163	2.52024	2.52024	1.17868
k141_4990	707	3.37343	3.37343	2.34231
k141_2901	325	2.48	2.48	0.48092
k141_798	2885	4.95466	4.95466	3.51517
k141_4991	357	1.71981	1.71981	0.358004
k141_799	986	5.74522	5.74522	4.53741
k141_4992	1073	3.81365	3.81365	3.46633
k141_2902	1456	4.11179	4.11179	3.89249
k141_800	319	2.85799	2.85799	1.50352
k141_4993	322	3.59302	3.59302	0.944513
k141_2903	657	3.63905	3.63905	1.12045
k141_4994	581	2.10209	2.10209	1.1663
k141_7022	2464	5.39023	5.39023	4.1412
k141_2904	394	3.83197	3.83197	1.45724
k141_4995	583	2.59353	2.59353	0.769592
k141_4996	434	2.95775	2.95775	0.902804
k141_2905	2745	5.92794	5.92794	8.38294
k141_7023	2729	4.36448	4.36448	5.76618
k141_2906	749	5.02671	5.02671	2.78188
k141_801	4566	4.50747	4.50747	4.40451
k141_802	412	1.44275	1.44275	0.400924
k141_2907	697	3.45521	3.45521	0.709987
k141_803	437	2.28223	2.28223	0.51797
k141_7024	1370	4.91967	4.91967	2.90411
k141_4997	3946	4.58825	4.58825	2.77879
k141_804	610	4.73261	4.73261	2.05688
k141_4998	456	2.58497	2.58497	2.03374
k141_4999	302	4.64474	4.64474	0.81335
k141_5000	301	3.59603	3.59603	0.242384
k141_805	693	2.53223	2.53223	0.533554
k141_7025	1116	3.78571	3.78571	1.86801
k141_5001	537	1.75452	1.75452	0.506941
k141_2908	1640	5.14027	5.14027	6.54247
k141_806	937	4.29352	4.29352	3.33996
k141_5002	996	4.78014	4.78014	2.17173
k141_2909	1274	5.14947	5.14947	8.84316
k141_5003	696	3.46337	3.46337	0.803245
k141_5004	366	2.56481	2.56481	0.312058
k141_5005	314	1.18293	1.18293	0.150382
k141_7026	1986	4.46732	4.46732	4.5619
k141_7027	663	3.4191	3.4191	0.802524
k141_807	2731	3.03758	3.03758	2.37034
k141_5006	1803	4.36903	4.36903	2.98602
k141_7028	1068	2.30828	2.30828	0.553716
k141_808	489	5.64897	5.64897	1.06873
k141_5007	762	3.0098	3.0098	1.92789
k141_7029	1404	4.12281	4.12281	1.11979
k141_7030	348	4.12121	4.12121	1.85325
k141_5008	1633	5.03506	5.03506	4.01901
k141_809	2340	4.71735	4.71735	3.80632
k141_810	331	2.68508	2.68508	0.216944
k141_7031	1161	3.90307	3.90307	1.60051
k141_811	303	2.22222	2.22222	0.173977
k141_5009	1025	3.72686	3.72686	2.20334
k141_812	691	4.21811	4.21811	0.819007
k141_7032	1413	4.93112	4.93112	4.47783
k141_5010	1011	3.97793	3.97793	1.64718
k141_813	1246	4.47263	4.47263	2.64767
k141_5011	658	1.85039	1.85039	0.683688
k141_5012	589	1.55125	1.55125	0.435151
k141_5013	304	2.48052	2.48052	0.538833
k141_5014	306	1.8141	1.8141	0.152316
k141_7033	1823	5.27615	5.27615	3.52297
k141_814	1391	4.24093	4.24093	3.47822
k141_7034	317	2.90419	2.90419	0.243777
k141_5015	551	3.84289	3.84289	1.43775
k141_7035	342	1.67708	1.67708	0.565337
k141_2910	8126	5.78699	5.78699	7.79445
k141_7036	744	4.98822	4.98822	3.155
k141_7037	491	2.38416	2.38416	0.549043
k141_815	1370	6.91967	6.91967	4.19695
k141_7038	372	3.48649	3.48649	1.23737
k141_816	643	3.53955	3.53955	1.75301
k141_2911	2464	4.34097	4.34097	3.72674
k141_7039	1435	4.09183	4.09183	1.95886
k141_817	1241	3.54995	3.54995	1.98903
k141_7040	318	1.45238	1.45238	0.249216
k141_2912	754	2.92053	2.92053	1.40993
k141_818	351	2.9204	2.9204	0.553633
k141_7041	746	5.37081	5.37081	2.34798
k141_5016	4110	4.58561	4.58561	4.06644
k141_2913	1165	5.15961	5.15961	1.80094
k141_7042	386	2.23305	2.23305	0.332691
k141_7043	396	2.52439	2.52439	0.568792
k141_5017	742	4.58953	4.58953	4.15439
k141_7044	540	4.04872	4.04872	3.5786
k141_5018	320	0.447059	0.447059	0.248661
k141_7045	642	3.78862	3.78862	1.69046
k141_7046	371	1.66968	1.66968	0.913122
k141_5019	859	4.1213	4.1213	2.91747
k141_5020	497	1.25072	1.25072	0.413835
k141_5021	354	1.09314	1.09314	0.0848788
k141_2914	2649	4.97719	4.97719	6.44184
k141_7047	1283	4.42718	4.42718	4.92509
k141_7048	420	2.87037	2.87037	0.455254
k141_819	3488	4.38256	4.38256	2.82849
k141_2915	853	4.29445	4.29445	3.10263
k141_820	301	1.8543	1.8543	0.138631
k141_2916	340	2.04737	2.04737	0.637956
k141_7049	675	1.94476	1.94476	0.433966
k141_821	399	1.35743	1.35743	0.262857
k141_2917	709	4.02683	4.02683	3.1301
k141_2918	618	2.79487	2.79487	0.715864
k141_5022	2648	5.17614	5.17614	3.01101
k141_5023	337	4.73797	4.73797	2.40947
k141_5024	793	2.89114	2.89114	1.85729
k141_7050	2349	4.69668	4.69668	3.24053
k141_5025	320	0.976471	0.976471	0.0231117
k141_7051	329	1.19553	1.19553	0.158182
k141_5026	302	2.48684	2.48684	0.728303
k141_822	3484	4.45411	4.45411	2.86533
k141_823	301	1.68212	1.68212	0.231611
k141_824	598	4.96205	4.96205	2.35426
k141_825	394	1.37295	1.37295	0.234821
k141_826	389	0.631799	0.631799	0.233607
k141_5027	2669	3.51211	3.51211	4.18247
k141_827	329	2.49162	2.49162	0.520997
k141_828	430	3.7	3.7	0.511827
k141_7052	3007	4.13651	4.13651	3.09901
k141_829	305	2.78065	2.78065	0.185337
k141_2919	5579	5.11862	5.11862	5.7189
k141_5028	1756	4.46638	4.46638	2.99044
k141_7053	1710	3.27756	3.27756	2.19167
k141_5029	436	1.87063	1.87063	0.688468
k141_830	1871	4.55375	4.55375	2.51935
k141_7054	560	3.69756	3.69756	0.788504
k141_831	1366	3.20724	3.20724	0.64838
k141_2920	2193	5.54723	5.54723	6.18913
k141_5030	1960	6.07459	6.07459	2.94249
k141_5031	717	3.32804	3.32804	2.23142
k141_7055	2077	5.52569	5.52569	5.03557
k141_832	1097	3.75185	3.75185	2.85484
k141_2921	1047	3.7893	3.7893	4.36742
k141_2922	385	1.83404	1.83404	0.139007
k141_5032	702	2.82065	2.82065	0.641096
k141_5033	395	2.53469	2.53469	0.479323
k141_5034	321	4.95322	4.95322	0.397799
k141_7056	1535	4.21011	4.21011	2.87128
k141_7057	361	1.43602	1.43602	0.247077
k141_5035	1434	4.91745	4.91745	3.21531
k141_833	2217	4.87518	4.87518	3.73755
k141_5036	444	2.54762	2.54762	0.310011
k141_2923	2735	3.94816	3.94816	2.88821
k141_5037	1088	3.5	3.5	4.59178
k141_7058	1996	3.15005	3.15005	3.85117
k141_2924	705	3.31712	3.31712	1.20972
k141_5038	1000	3.03765	3.03765	1.33192
k141_2925	857	3.19236	3.19236	1.29439
k141_7059	1004	28.815	28.815	50.9692
k141_7060	329	1.68715	1.68715	0.216182
k141_5039	1094	4.06144	4.06144	2.06834
k141_2926	1203	3.19658	3.19658	1.57064
k141_834	4104	5.61381	5.61381	4.73194
k141_835	348	2.45455	2.45455	0.289801
k141_5040	1231	3.45236	3.45236	1.66463
k141_5041	439	2.93426	2.93426	0.818578
k141_2927	1799	4.41965	4.41965	1.95242
k141_5042	1215	4.63474	4.63474	5.01024
k141_836	1649	4.3956	4.3956	2.84809
k141_5043	379	2.56769	2.56769	0.246495
k141_2928	1237	4.18491	4.18491	3.02562
k141_837	935	3.83185	3.83185	2.16303
k141_7061	4269	4.78636	4.78636	4.02134
k141_2929	456	2.80719	2.80719	0.529915
k141_7062	431	2.68683	2.68683	1.03015
k141_7063	412	3.05725	3.05725	0.575254
k141_838	949	3.03379	3.03379	1.55149
k141_7064	353	4.08867	4.08867	0.59606
k141_7065	437	2.25087	2.25087	0.188592
k141_5044	3540	4.0295	4.0295	2.28891
k141_5045	395	3.05714	3.05714	0.496722
k141_2930	3161	4.89671	4.89671	4.68998
k141_839	2676	4.27039	4.27039	2.15062
k141_840	338	2.62234	2.62234	0.300461
k141_841	427	1.63899	1.63899	0.231518
k141_842	345	1.65641	1.65641	1.15454
k141_7066	3063	4.69653	4.69653	4.53768
k141_843	416	2.27444	2.27444	0.856477
k141_844	1231	3.82516	3.82516	1.31106
k141_2931	2544	5.16291	5.16291	3.23462
k141_7067	1799	3.68344	3.68344	3.48222
k141_2932	400	2.256	2.256	0.351872
k141_2933	313	1.80368	1.80368	0.158752
k141_7068	557	2.50614	2.50614	1.10772
k141_2934	304	1.68182	1.68182	0.244504
k141_845	1190	3.79423	3.79423	1.91912
k141_7069	489	1.30973	1.30973	0.214431
k141_2935	925	3.7729	3.7729	1.79332
k141_2936	403	4.41897	4.41897	2.73646
k141_7070	1484	4.37931	4.37931	3.47192
k141_7071	599	4.87305	4.87305	2.78519
k141_5046	5730	5.75448	5.75448	5.87195
k141_2937	2215	4.23535	4.23535	2.78756
k141_2938	305	3.09032	3.09032	0.251529
k141_7072	1533	5.27766	5.27766	4.48437
k141_2939	338	1.18617	1.18617	0.152321
k141_7073	302	1.38816	1.38816	0.239064
k141_2940	354	1.90686	1.90686	0.0848788
k141_846	3728	4.68055	4.68055	5.0455
k141_2941	551	4.62594	4.62594	4.50973
k141_5047	2346	4.89435	4.89435	5.39385
k141_2942	670	3.41923	3.41923	2.53296
k141_847	891	3.53036	3.53036	1.26023
k141_2943	326	2.44886	2.44886	0.477369
k141_5048	385	1.21702	1.21702	0.230479
k141_7074	1792	4.52923	4.52923	1.61311
k141_5049	789	5.07355	5.07355	5.10588
k141_848	983	5.72869	5.72869	4.49839
k141_2944	1726	6.18464	6.18464	5.60846
k141_849	1183	5.38916	5.38916	4.59839
k141_5050	2578	4.03418	4.03418	2.05857
k141_850	673	3.53537	3.53537	0.954205
k141_2945	1972	4.60977	4.60977	4.58295
k141_2946	900	4.64133	4.64133	2.06745
k141_7075	4823	3.86668	3.86668	3.02981
k141_5051	2532	5.10495	5.10495	4.54164
k141_851	3947	4.33079	4.33079	2.40843
k141_2947	2866	4.23196	4.23196	3.95502
k141_2948	361	1.43602	1.43602	0.247077
k141_2949	309	1.89937	1.89937	0.0910755
k141_852	1024	2.96796	2.96796	1.53621
k141_853	317	3.32335	3.32335	0.545415
k141_5052	3489	4.88919	4.88919	3.19509
k141_5053	1778	4.72359	4.72359	2.31322
k141_854	2006	3.99407	3.99407	1.85386
k141_7076	5871	4.54571	4.54571	3.4878
k141_7077	564	2.87923	2.87923	2.29046
k141_7078	343	3.00518	3.00518	0.807266
k141_855	1450	4.91462	4.91462	2.47848
k141_7079	339	1.8836	1.8836	0.379996
k141_856	423	2.10623	2.10623	0.286468
k141_7080	389	0.941423	0.941423	0.0553778
k141_857	318	1.60119	1.60119	0.241197
k141_7081	636	2.96502	2.96502	2.03795
k141_5054	4157	4.2553	4.2553	2.44079
k141_858	2083	6.44232	6.44232	11.5211
k141_2950	6966	4.70114	4.70114	3.63628
k141_7082	2379	4.13594	4.13594	2.82038
k141_5055	1620	3.83401	3.83401	2.02144
k141_859	1685	5.22215	5.22215	6.00465
k141_5056	416	4.83083	4.83083	2.67694
k141_860	552	3.08955	3.08955	3.96702
k141_5057	1026	3.78196	3.78196	1.29983
k141_5058	1267	4.25157	4.25157	1.07196
k141_2951	3348	5.62383	5.62383	4.91107
k141_861	2087	4.53846	4.53846	2.50898
k141_2952	332	1.14286	1.14286	0.123126
k141_862	371	1.82353	1.82353	0.145989
k141_2953	324	1.72989	1.72989	0.198293
k141_7083	3483	4.58836	4.58836	3.43434
k141_5059	1087	4.56243	4.56243	3.98994
k141_2954	717	4.51323	4.51323	10.0383
k141_5060	360	2.31905	2.31905	0.505378
k141_5061	1353	3.63259	3.63259	1.96973
k141_5062	316	1.26506	1.26506	0.753561
k141_7084	2242	5.04398	5.04398	6.3395
k141_863	2583	5.41924	5.41924	3.07667
k141_2955	2024	4.84739	4.84739	3.30509
k141_5063	634	3.55165	3.55165	1.15882
k141_7085	1234	3.75185	3.75185	2.76476
k141_5064	946	3.79146	3.79146	1.33004
k141_5065	373	1.35874	1.35874	0.231083
k141_7086	598	2.33259	2.33259	0.267213
k141_2956	1198	4.35973	4.35973	6.28404
k141_2957	774	4.1234	4.1234	1.74879
k141_7087	1331	4.46486	4.46486	2.19304
k141_2958	416	1.97368	1.97368	0.599305
k141_7088	793	2.77294	2.77294	0.898517
k141_864	3426	5.3257	5.3257	3.69088
k141_7089	510	2.5	2.5	0.846797
k141_2959	1080	4.15591	4.15591	3.0338
k141_5066	2231	4.12446	4.12446	2.94459
k141_5067	514	4.14286	4.14286	0.767414
k141_7090	915	6.23922	6.23922	3.54348
k141_2960	928	4.9383	4.9383	3.5792
k141_7091	498	1.97701	1.97701	0.587368
k141_865	1867	3.92662	3.92662	3.32094
k141_7092	390	2.49583	2.49583	0.42676
k141_866	351	1.12935	1.12935	0.123185
k141_7093	381	1.88312	1.88312	0.121062
k141_867	373	1.35874	1.35874	0.231083
k141_2961	1542	4.34555	4.34555	4.02214
k141_868	552	2.62438	2.62438	0.664045
k141_7094	541	2.93606	2.93606	3.43949
k141_869	516	4.0765	4.0765	1.41331
k141_2962	1470	4.78864	4.78864	2.65505
k141_870	1068	4.25381	4.25381	2.85699
k141_2963	339	2.2328	2.2328	0.179557
k141_5068	3482	4.91477	4.91477	2.6592
k141_2964	454	1.27303	1.27303	0.225541
k141_871	457	2.75244	2.75244	0.677077
k141_2965	430	1.55	1.55	0.248387
k141_872	1911	5.81772	5.81772	4.75254
k141_873	420	1.97778	1.97778	0.49021
k141_874	303	2.56209	2.56209	0.247764
k141_2966	2297	5.66605	5.66605	4.63625
k141_7095	4379	4.62473	4.62473	3.22554
k141_875	848	4.21203	4.21203	3.32654
k141_7096	362	1.42925	1.42925	0.246155
k141_5069	3703	3.99128	3.99128	2.80703
k141_876	638	1.84426	1.84426	0.562965
k141_5070	382	1.30603	1.30603	0.213297
k141_5071	420	2.24074	2.24074	0.592387
k141_5072	318	2.85119	2.85119	0.857963
k141_5073	372	4.23874	4.23874	3.27759
k141_7097	1589	6.4246	6.4246	5.35435
k141_5074	587	3.84439	3.84439	2.04455
k141_2967	2432	3.64417	3.64417	2.07941
k141_5075	337	3.6738	3.6738	0.941407
k141_7098	2333	3.47732	3.47732	1.87745
k141_2968	2258	5.49526	5.49526	4.58137
k141_2969	346	1.57143	1.57143	0.246154
k141_2970	492	3	3	0.756598
k141_2971	496	2.49133	2.49133	0.488329
k141_7099	1955	5.8626	5.8626	3.2106
k141_7100	366	1.43056	1.43056	0.246319
k141_7101	509	2.48189	2.48189	0.909586
k141_5076	4847	6.34171	6.34171	7.16492
k141_7102	813	4.11463	4.11463	1.2104
k141_7103	365	2.23256	2.23256	0.384917
k141_877	7502	4.81665	4.81665	4.19725
k141_5077	1417	5.61721	5.61721	1.81939
k141_878	446	1.5473	1.5473	0.248603
k141_5078	577	4.2623	4.2623	2.89349
k141_5079	357	1.46377	1.46377	0.249894
k141_7104	2908	4.58702	4.58702	4.22291
k141_879	2382	4.36649	4.36649	3.22016
k141_7105	754	2.9404	2.9404	0.706226
k141_5080	2165	4.82978	4.82978	5.45612
k141_7106	324	1.64943	1.64943	0.228988
k141_7107	364	2.90187	2.90187	0.229761
k141_2972	6786	4.98915	4.98915	4.95784
k141_7108	552	2.0995	2.0995	0.409028
k141_2973	762	4.07516	4.07516	3.01235
k141_7109	1169	3.52208	3.52208	1.57196
k141_7110	348	3.9697	3.9697	0.719888
k141_2974	983	2.76231	2.76231	1.17901
k141_5081	2743	4.93752	4.93752	4.28157
k141_2975	575	4.47529	4.47529	2.78771
k141_7111	996	4.11229	4.11229	1.72583
k141_880	4476	4.93273	4.93273	3.9587
k141_5082	2437	4.52733	4.52733	4.55911
k141_7112	1587	4.58246	4.58246	3.68905
k141_7113	316	2.96988	2.96988	0.41727
k141_2976	2996	4.99684	4.99684	5.85204
k141_7114	442	2.49315	2.49315	1.04119
k141_2977	419	3.02974	3.02974	1.06628
k141_5083	1413	4.05305	4.05305	4.101
k141_7115	691	2.18115	2.18115	0.804162
k141_881	2247	5.46447	5.46447	3.01506
k141_2978	1863	4.46643	4.46643	5.13924
k141_7116	1349	4.3211	4.3211	2.98277
k141_5084	1548	4.4721	4.4721	3.1141
k141_5085	514	2.32692	2.32692	0.446545
k141_5086	322	1.61628	1.61628	0.237863
k141_2979	908	3.05937	3.05937	1.42183
k141_2980	332	2.11538	2.11538	0.467275
k141_882	2761	5.31329	5.31329	5.04821
k141_5087	774	3.72596	3.72596	1.22334
k141_5088	392	2.84298	2.84298	0.182711
k141_2981	1622	4.99049	4.99049	3.38803
k141_2982	556	2.07389	2.07389	0.621689
k141_5089	1733	3.87934	3.87934	3.02398
k141_5090	316	2.96988	2.96988	0.647572
k141_5091	201	0	0	0
k141_883	2727	4.6655	4.6655	3.85317
k141_884	373	1.78475	1.78475	0.439947
k141_7117	4485	5.30196	5.30196	4.27217
k141_7118	765	3.16098	3.16098	1.21346
k141_885	995	4.46982	4.46982	2.84654
k141_7119	375	1.96889	1.96889	0.0302778
k141_886	389	2.97908	2.97908	0.860907
k141_887	335	2.64324	2.64324	0.252467
k141_7120	514	1.61813	1.61813	0.236695
k141_888	405	1.63529	1.63529	0.232608
k141_7121	512	1.25414	1.25414	0.19008
k141_7122	468	4.81447	4.81447	2.7131
k141_889	661	3.2544	3.2544	1.35084
k141_5092	3138	5.21285	5.21285	3.87768
k141_5093	424	1.97445	1.97445	0.413265
k141_2983	4438	4.43284	4.43284	4.67005
k141_2984	486	3.20536	3.20536	0.498001
k141_2985	1118	3.95248	3.95248	1.8695
k141_5094	2240	5.80622	5.80622	6.44255
k141_7123	2963	4.37504	4.37504	3.86889
k141_2986	1524	5.81514	5.81514	4.12168
k141_7124	610	2.50435	2.50435	1.11763
k141_890	4131	4.79377	4.79377	3.38033
k141_5095	1433	4.30865	4.30865	2.7268
k141_2987	888	4.58537	4.58537	2.7912
k141_7125	1354	3.71262	3.71262	5.43021
k141_891	2053	3.01576	3.01576	1.92615
k141_892	433	5.32862	5.32862	2.6895
k141_7126	1630	4.42635	4.42635	2.2177
k141_2988	2454	5.65972	5.65972	3.69225
k141_2989	834	3.70175	3.70175	2.75133
k141_893	1168	4.00196	4.00196	5.03048
k141_2990	549	1.30326	1.30326	0.211823
k141_7127	1846	3.75413	3.75413	1.95189
k141_894	1753	5.07985	5.07985	4.46924
k141_895	352	1.78713	1.78713	0.168391
k141_5096	5162	4.99661	4.99661	5.66846
k141_7128	1203	3.81861	3.81861	3.21518
k141_5097	428	2.1259	2.1259	0.651963
k141_5098	369	2.84475	2.84475	0.994134
k141_896	913	4.64613	4.64613	3.53602
k141_7129	702	3.35326	3.35326	2.5229
k141_5099	337	3.27273	3.27273	0.199413
k141_897	542	4.29082	4.29082	3.85896
k141_7130	687	3.40596	3.40596	0.961749
k141_7131	362	1.54245	1.54245	1.09298
k141_898	784	2.4653	2.4653	1.24129
k141_7132	366	2.18519	2.18519	0.402757
k141_5100	861	2.40788	2.40788	1.05875
k141_5101	946	4.19975	4.19975	1.98646
k141_2991	4469	4.63718	4.63718	4.42388
k141_5102	452	1.42384	1.42384	0.245011
k141_5103	535	1.84935	1.84935	0.654329
k141_2992	987	3.20072	3.20072	3.64866
k141_899	2292	4.85621	4.85621	4.68449
k141_5104	657	2.19724	2.19724	1.51437
k141_7133	2683	5.24714	5.24714	3.07083
k141_2993	467	1.82965	1.82965	0.331649
k141_2994	310	3.975	3.975	0.515095
k141_7135	301	1.96689	1.96689	0.0455629
k141_2995	475	2.10462	2.10462	0.371739
k141_5105	1267	4.58371	4.58371	2.02995
k141_5106	360	2.34286	2.34286	0.427342
k141_2996	1244	4.38026	4.38026	1.45454
k141_2997	302	1.70395	1.70395	0.209785
k141_2998	473	1.39319	1.39319	0.661692
k141_7136	2150	4.467	4.467	5.90187
k141_7137	1363	4.5878	4.5878	4.61376
k141_7138	1044	3.60179	3.60179	1.85468
k141_900	4982	5.56933	5.56933	3.82511
k141_5107	3646	4.3155	4.3155	3.15508
k141_5108	353	7.37438	7.37438	1.4631
k141_2999	3235	4.69887	4.69887	3.46149
k141_7139	1278	3.52216	3.52216	2.10599
k141_5109	533	1.58225	1.58225	0.243873
k141_901	989	3.66389	3.66389	1.66256
k141_3000	648	3.28916	3.28916	1.4454
k141_5110	663	5.66472	5.66472	3.91861
k141_902	1235	6.03502	6.03502	5.35669
k141_5111	1236	4.39595	4.39595	3.23664
k141_903	752	2.98173	2.98173	3.20598
k141_5112	429	4.36918	4.36918	5.52869
k141_3001	2260	4.27962	4.27962	3.67425
k141_904	781	3.49604	3.49604	1.78689
k141_7140	3119	5.04345	5.04345	4.75928
k141_3002	698	3.90511	3.90511	1.61073
k141_905	1053	5.23699	5.23699	2.94377
k141_7141	560	4.64878	4.64878	3.53894
k141_3003	954	5.78234	5.78234	2.60137
k141_906	914	2.13613	2.13613	0.767817
k141_7142	1718	3.91645	3.91645	4.51309
k141_3004	1437	4.96659	4.96659	3.38845
k141_3005	313	1.60736	1.60736	0.239945
k141_5113	3473	5.36413	5.36413	7.09317
k141_5114	475	1.66462	1.66462	0.433464
k141_7143	781	2.9794	2.9794	1.1472
k141_3006	695	3.07523	3.07523	2.05499
k141_907	2167	4.01785	4.01785	1.55028
k141_908	420	1.63704	1.63704	0.23208
k141_909	357	1.46377	1.46377	0.249894
k141_910	384	5.65385	5.65385	2.1243
k141_3007	1363	3.78813	3.78813	1.9889
k141_5115	1886	5.28168	5.28168	2.74769
k141_7144	2104	4.34749	4.34749	4.94986
k141_911	1096	3.49789	3.49789	1.11798
k141_912	443	4.49829	4.49829	2.2577
k141_3008	1712	4.93918	4.93918	3.8855
k141_5116	1410	3.38016	3.38016	1.9181
k141_7145	1412	3.81854	3.81854	1.60307
k141_3009	387	1.88608	1.88608	0.440356
k141_7146	455	1.99344	1.99344	0.309168
k141_3010	502	1.71875	1.71875	0.584491
k141_5117	682	3.61654	3.61654	3.28394
k141_913	2219	3.51861	3.51861	2.09892
k141_3011	1343	6.52389	6.52389	3.48453
k141_3012	286	8.54412	8.54412	1.90915
k141_914	828	2.53982	2.53982	0.558974
k141_3013	443	4.45393	4.45393	3.9542
k141_5118	1617	4.82345	4.82345	5.38697
k141_7147	2160	4.05423	4.05423	1.69791
k141_915	449	2.95318	2.95318	0.715925
k141_3014	594	2.07658	2.07658	0.621662
k141_916	521	1.29919	1.29919	0.210243
k141_917	407	2.75097	2.75097	0.718992
k141_7148	1027	2.65108	2.65108	0.832461
k141_7149	307	2.05096	2.05096	0.471744
k141_5119	1748	5.60638	5.60638	7.71154
k141_5120	370	1.37727	1.37727	0.236011
k141_3015	2789	3.93369	3.93369	4.88005
k141_7150	2730	5.21667	5.21667	5.35168
k141_918	3246	4.55426	4.55426	3.29465
k141_7151	619	2.0533	2.0533	0.405271
k141_919	1115	3.90777	3.90777	2.66679
k141_7152	824	3.82938	3.82938	1.71973
k141_7153	462	1.82051	1.82051	0.417841
k141_5121	4322	4.01222	4.01222	2.07626
k141_3016	3868	4.26009	4.26009	2.97005
k141_920	2212	4.69593	4.69593	3.50718
k141_7154	1661	4.54533	4.54533	3.59775
k141_921	373	2.6861	2.6861	0.288409
k141_3017	567	3.76499	3.76499	1.17541
k141_7155	771	4.29952	4.29952	0.926276
k141_5122	2033	4.5948	4.5948	6.08491
k141_922	1058	6.02093	6.02093	4.55195
k141_5123	1298	3.61063	3.61063	2.38966
k141_5124	422	4.26471	4.26471	1.34665
k141_923	1574	5.27598	5.27598	3.60262
k141_924	965	5.87239	5.87239	6.43824
k141_3018	3815	5.17844	5.17844	3.19307
k141_3019	455	2.33115	2.33115	0.834061
k141_7156	4125	4.49057	4.49057	2.76933
k141_3020	587	3.16018	3.16018	0.708229
k141_7157	391	1.63485	1.63485	0.482779
k141_925	1536	3.9899	3.9899	1.69231
k141_3021	1176	5.25536	5.25536	3.94642
k141_3022	462	2.35256	2.35256	0.962115
k141_5125	4113	4.72546	4.72546	4.0306
k141_3023	905	6.49536	6.49536	6.53944
k141_3024	425	5.07636	5.07636	2.79342
k141_7158	2781	4.90878	4.90878	3.76126
k141_3025	1915	4.96431	4.96431	5.19539
k141_926	3848	4.65062	4.65062	2.67747
k141_3026	537	5.16021	5.16021	7.44578
k141_3027	402	2.43254	2.43254	0.445632
k141_927	808	3.7538	3.7538	1.33351
k141_5126	3611	3.84744	3.84744	3.9628
k141_928	1574	5.26334	5.26334	3.95661
k141_929	309	2.71069	2.71069	0.320834
k141_930	445	1.28136	1.28136	0.549822
k141_931	898	4.40775	4.40775	4.83885
k141_7159	4991	4.91365	4.91365	3.90491
k141_3028	3461	5.27726	5.27726	4.32493
k141_5127	3914	4.48007	4.48007	3.84572
k141_7160	2485	5.10664	5.10664	3.33697
k141_5128	910	4.39605	4.39605	1.71777
k141_3029	2724	3.65773	3.65773	1.31888
k141_3030	603	3.36865	3.36865	1.50318
k141_5129	767	3.7423	3.7423	2.17212
k141_3031	493	3.86589	3.86589	1.30359
k141_7161	2021	4.83485	4.83485	3.46842
k141_3032	2056	3.97587	3.97587	2.56738
k141_7162	1851	4.2963	4.2963	1.59452
k141_932	6657	4.10343	4.10343	2.66597
k141_3033	1004	4.48009	4.48009	2.16313
k141_3034	352	3.71782	3.71782	1.50704
k141_7163	1236	5.84438	5.84438	2.54997
k141_933	1546	4.40186	4.40186	2.8341
k141_934	663	2.82261	2.82261	0.446987
k141_3035	1718	3.68941	3.68941	1.93857
k141_935	336	1.62903	1.62903	0.234612
k141_3036	647	2.66398	2.66398	0.804205
k141_7164	1826	5.47136	5.47136	1.95798
k141_3037	344	1.50515	1.50515	0.251269
k141_5130	5909	4.9394	4.9394	3.87119
k141_7165	451	2.58472	2.58472	0.370299
k141_5131	352	1.9505	1.9505	0.594552
k141_7166	707	6.62298	6.62298	6.62377
k141_3038	1496	4.71248	4.71248	2.46524
k141_5132	1110	4.45729	4.45729	2.27138
k141_3039	358	2.75962	2.75962	0.792178
k141_5133	647	3.4507	3.4507	1.78839
k141_936	2794	4.7916	4.7916	4.47074
k141_7167	1523	5.07429	5.07429	3.77585
k141_3040	696	4.25092	4.25092	4.61034
k141_7168	302	4.47368	4.47368	0.635065
k141_3041	815	1.93083	1.93083	0.380752
k141_937	886	5.64402	5.64402	3.43773
k141_3042	1675	6.7823	6.7823	5.27149
k141_3043	600	3.66444	3.66444	1.21232
k141_5134	3531	5.32357	5.32357	3.1527
k141_5135	965	4.87117	4.87117	3.21557
k141_5136	417	3.44195	3.44195	0.367859
k141_938	3931	4.04866	4.04866	3.47223
k141_5137	427	2.28881	2.28881	0.76411
k141_7169	4267	4.51202	4.51202	3.48167
k141_7170	330	1.77778	1.77778	0.173805
k141_5138	1174	4.00684	4.00684	2.08303
k141_939	1751	4.54903	4.54903	3.06151
k141_3044	3800	5.17233	5.17233	3.97656
k141_5139	809	2.6176	2.6176	0.725893
k141_5140	795	5.17364	5.17364	2.34868
k141_7171	2271	3.95332	3.95332	1.6483
k141_5141	1206	3.61553	3.61553	4.29944
k141_5142	992	5.32542	5.32542	3.02357
k141_3045	3393	5.92754	5.92754	4.93277
k141_5143	649	3.29259	3.29259	1.69736
k141_940	3735	5.02036	5.02036	2.96694
k141_941	686	4.8041	4.8041	1.66811
k141_7172	3705	4.07089	4.07089	2.83907
k141_7173	370	2.56364	2.56364	0.365795
k141_942	1152	4.55988	4.55988	4.00487
k141_7174	1112	3.5447	3.5447	2.4418
k141_5144	3489	5.26205	5.26205	3.65838
k141_5145	389	1.58159	1.58159	0.698145
k141_943	1950	4.17556	4.17556	6.27599
k141_7175	1839	3.73002	3.73002	3.8524
k141_3046	4378	4.71594	4.71594	6.40021
k141_944	672	5.23755	5.23755	3.92808
k141_5146	895	3.30201	3.30201	2.74066
k141_5147	332	4.23077	4.23077	1.28347
k141_5148	439	2.98616	2.98616	0.555363
k141_3047	1615	3.42184	3.42184	1.76046
k141_3048	306	2.79487	2.79487	0.215715
k141_5149	803	2.77029	2.77029	0.919552
k141_3049	864	4.23249	4.23249	2.58823
k141_7176	3289	4.52023	4.52023	3.63084
k141_5150	865	3.61119	3.61119	2.59931
k141_945	2497	5.25181	5.25181	4.11004
k141_5151	908	3.4934	3.4934	0.85795
k141_3050	1695	5.4699	5.4699	6.01091
k141_5152	910	3.91053	3.91053	2.10266
k141_3051	934	4.35332	4.35332	3.16364
k141_3052	336	3.12903	3.12903	0.491368
k141_5153	605	1.87033	1.87033	1.09548
k141_3053	318	1.6369	1.6369	0.232642
k141_7177	3868	3.95804	3.95804	2.61004
k141_946	3361	4.44192	4.44192	3.80433
k141_5154	2431	4.33889	4.33889	3.51181
k141_3054	2533	4.45867	4.45867	4.34405
k141_7178	1514	3.67522	3.67522	1.62957
k141_5155	587	2.02975	2.02975	0.611498
k141_5156	451	4.48173	4.48173	1.6305
k141_947	1199	5.7531	5.7531	4.64986
k141_7179	737	4.39012	4.39012	2.54549
k141_3055	1336	5.0253	5.0253	2.26771
k141_3056	362	1.42925	1.42925	0.246154
k141_3057	306	1.62179	1.62179	0.236683
k141_3058	1483	3.71793	3.71793	2.83628
k141_5157	2505	4.62548	4.62548	2.08991
k141_5158	324	2.07471	2.07471	0.485715
k141_5159	329	1.6648	1.6648	0.224091
k141_5160	814	2.49398	2.49398	1.09801
k141_3059	1820	5.05449	5.05449	4.06948
k141_948	4982	4.62955	4.62955	2.81411
k141_5161	1878	3.92419	3.92419	3.94388
k141_5162	390	2.375	2.375	0.578452
k141_3060	1952	4.76526	4.76526	5.43233
k141_7180	6111	5.04664	5.04664	3.58206
k141_949	1338	3.37121	3.37121	2.40546
k141_3061	373	4.09865	4.09865	1.5668
k141_5163	1158	2.97718	2.97718	1.18021
k141_7181	450	1.94667	1.94667	0.224571
k141_7182	355	3.30244	3.30244	0.584553
k141_3062	866	3.53631	3.53631	2.03365
k141_5164	868	3.35933	3.35933	0.632209
k141_950	1196	4.6109	4.6109	4.38529
k141_5165	414	0.859848	0.859848	0.440358
k141_5166	916	4.84856	4.84856	2.00057
k141_3063	2106	3.91667	3.91667	2.53882
k141_3064	310	1.16875	1.16875	0.141156
k141_3065	345	2.41538	2.41538	0.646155
k141_951	2501	4.66142	4.66142	3.44446
k141_5167	1921	3.75042	3.75042	2.71621
k141_5168	382	2.69828	2.69828	1.03411
k141_3066	1563	3.41047	3.41047	2.43196
k141_5169	705	2.21081	2.21081	0.422991
k141_5170	340	1.99474	1.99474	0.809497
k141_952	1629	6.00744	6.00744	6.48783
k141_5171	490	2.25882	2.25882	0.894467
k141_7183	4940	4.40793	4.40793	3.53289
k141_3067	967	2.83599	2.83599	0.713258
k141_953	355	5.53171	5.53171	0.848256
k141_5172	478	1.79268	1.79268	0.226001
k141_954	311	2.68944	2.68944	0.352951
k141_955	302	1.26974	1.26974	0.661859
k141_3068	561	1.94161	1.94161	0.425849
k141_956	965	3.8319	3.8319	1.83534
k141_957	422	4.06618	4.06618	0.859073
k141_3069	1341	3.39043	3.39043	1.93904
k141_958	492	2.21053	2.21053	0.85291
k141_959	1114	3.84959	3.84959	3.70008
k141_3070	1723	3.82327	3.82327	1.68503
k141_960	1058	3.61233	3.61233	2.63897
k141_3071	842	3.4104	3.4104	1.7474
k141_961	560	1.62683	1.62683	0.268717
k141_5173	4381	7.09241	7.09241	8.75996
k141_962	470	1.9	1.9	0.629468
k141_7184	4316	7.66755	7.66755	9.69914
k141_5174	357	1.82609	1.82609	0.649218
k141_963	301	2.37086	2.37086	0.501545
k141_5175	427	3.07581	3.07581	1.0051
k141_5176	1002	4.027	4.027	3.2813
k141_5177	357	1.82609	1.82609	0.629801
k141_5178	458	1.47403	1.47403	0.250138
k141_964	1520	5.52774	5.52774	5.47955
k141_5179	422	4.97059	4.97059	1.27588
k141_7185	2709	4.10981	4.10981	2.54266
k141_5180	1324	4.24191	4.24191	2.65072
k141_965	1676	4.60223	4.60223	2.8784
k141_7186	738	2.66837	2.66837	1.26803
k141_966	601	3.9357	3.9357	2.23365
k141_7187	594	3.11712	3.11712	0.604761
k141_967	345	4.67692	4.67692	0.962093
k141_5181	1380	6.22683	6.22683	2.11207
k141_5182	658	2.61614	2.61614	0.410549
k141_5183	379	4.25327	4.25327	1.69873
k141_5184	508	3.31006	3.31006	0.505836
k141_7188	1396	5.59872	5.59872	5.53198
k141_968	1693	3.70966	3.70966	2.80282
k141_7189	427	2.40794	2.40794	1.01776
k141_7190	954	3.45398	3.45398	1.57821
k141_3072	7896	4.90498	4.90498	4.47851
k141_969	1334	4.0853	4.0853	3.51683
k141_7191	558	4.71324	4.71324	4.36718
k141_3073	417	1.54682	1.54682	0.24874
k141_970	562	3.74029	3.74029	1.45794
k141_7192	539	2.49357	2.49357	0.606276
k141_7193	344	1.55155	1.55155	0.248625
k141_3074	630	4.46875	4.46875	1.40194
k141_7194	488	2.43195	2.43195	0.720876
k141_5185	2898	5.01128	5.01128	4.43192
k141_7195	497	2.60519	2.60519	1.16448
k141_7196	1072	3.28959	3.28959	1.74124
k141_5186	2049	4.4376	4.4376	5.41372
k141_971	2865	5.07514	5.07514	3.6893
k141_7197	976	4.2276	4.2276	1.76632
k141_5187	325	2.32571	2.32571	0.324336
k141_972	352	1.5	1.5	0.251244
k141_3075	2928	4.61447	4.61447	3.81784
k141_5188	375	3.75111	3.75111	0.830635
k141_5189	351	2.36318	2.36318	0.322437
k141_973	1160	3.56931	3.56931	2.1721
k141_5190	514	4	4	1.26171
k141_3076	1638	4.56452	4.56452	5.98643
k141_5191	1018	3.30991	3.30991	2.41711
k141_5192	308	1.24051	1.24051	0.183827
k141_7198	2619	3.98542	3.98542	2.36443
k141_974	1869	7.27283	7.27283	15.2054
k141_975	323	2.71676	2.71676	0.297217
k141_7199	479	1.05775	1.05775	0.200923
k141_3077	1804	4.67533	4.67533	5.37002
k141_5193	1273	4.78451	4.78451	2.39203
k141_5194	390	2.1	2.1	0.416737
k141_976	1249	5.60419	5.60419	5.51806
k141_977	503	2.2068	2.2068	0.624726
k141_5195	790	5.87969	5.87969	2.61618
k141_3078	1481	3.93989	3.93989	3.18886
k141_5196	342	14.2083	14.2083	11.8726
k141_3079	346	3.55102	3.55102	0.392256
k141_5197	311	1.27329	1.27329	0.199845
k141_7200	2323	4.94202	4.94202	3.90455
k141_7201	735	2.20855	2.20855	0.744102
k141_5198	953	1.68991	1.68991	0.585774
k141_5199	707	4.06822	4.06822	2.2939
k141_5200	755	2.63471	2.63471	0.887866
k141_5201	493	6.09913	6.09913	3.65097
k141_3080	2577	3.93984	3.93984	3.04912
k141_978	3837	4.78817	4.78817	5.83929
k141_979	402	2.99206	2.99206	0.66926
k141_980	363	2.04225	2.04225	0.134999
k141_3081	1698	3.34496	3.34496	2.85445
k141_5202	3189	4.84172	4.84172	5.77985
k141_981	2494	4.27816	4.27816	2.59865
k141_3082	2092	4.21576	4.21576	4.24969
k141_7202	6288	4.66178	4.66178	3.3303
k141_7203	375	2.71556	2.71556	0.409802
k141_7204	771	3.18519	3.18519	1.63823
k141_7205	474	2.66975	2.66975	1.18781
k141_982	2437	4.4613	4.4613	4.39737
k141_7206	616	4.11588	4.11588	2.71343
k141_983	904	3.63395	3.63395	1.80209
k141_3083	3040	4.3218	4.3218	4.3547
k141_5203	4182	4.75918	4.75918	3.95166
k141_984	309	2.6478	2.6478	0.457448
k141_5204	972	2.79562	2.79562	1.01785
k141_985	767	2.65316	2.65316	1.60353
k141_3084	1474	4.79381	4.79381	4.14116
k141_5205	752	3.78571	3.78571	0.717732
k141_3085	510	2.01111	2.01111	0.278427
k141_3086	333	1.65574	1.65574	0.226986
k141_5206	1268	4.0814	4.0814	1.60751
k141_5207	307	1.63694	1.63694	0.232729
k141_5208	364	1.51402	1.51402	0.250977
k141_7207	4175	4.72671	4.72671	4.08926
k141_3087	1733	4.81491	4.81491	5.113
k141_7208	524	5.74332	5.74332	1.7141
k141_5209	715	2.00531	2.00531	0.533662
k141_5210	315	1.64848	1.64848	0.229342
k141_3088	856	4.2847	4.2847	0.689042
k141_5211	531	0.992126	0.992126	0.434147
k141_3089	433	3.27208	3.27208	3.12784
k141_5212	413	2.40304	2.40304	0.821671
k141_3090	318	3.11905	3.11905	0.428858
k141_3091	372	1.97297	1.97297	0.533203
k141_3092	576	1.81925	1.81925	1.39078
k141_986	3873	5.4346	5.4346	5.04594
k141_5213	1285	4.68458	4.68458	3.09625
k141_987	685	1.6729	1.6729	0.475199
k141_5214	1251	3.01453	3.01453	1.9289
k141_988	751	3.08819	3.08819	1.36721
k141_3093	1932	4.83838	4.83838	4.44096
k141_3094	1097	4.40971	4.40971	3.67763
k141_7209	4956	5.263	5.263	4.32953
k141_989	1673	5.98687	5.98687	5.95379
k141_3095	691	4.0573	4.0573	4.6578
k141_3096	577	4.52693	4.52693	4.29681
k141_990	1056	4.87859	4.87859	1.21619
k141_991	354	2.22059	2.22059	0.596422
k141_5215	2678	4.09968	4.09968	3.04427
k141_5216	588	2.75799	2.75799	0.463036
k141_7210	2556	3.91521	3.91521	2.48092
k141_7211	339	1.68254	1.68254	0.217832
k141_992	1405	3.99761	3.99761	3.4585
k141_3097	2630	7.00565	7.00565	10.0476
k141_993	581	3.72622	3.72622	1.99464
k141_3098	357	1.81643	1.81643	0.500117
k141_994	319	2.29586	2.29586	0.792901
k141_3099	372	2.45045	2.45045	0.248664
k141_5217	1840	5.04379	5.04379	4.32965
k141_995	1155	4.83184	4.83184	4.18185
k141_3100	2391	4.12762	4.12762	4.39707
k141_996	1387	3.53678	3.53678	1.88962
k141_997	556	5.29557	5.29557	2.66304
k141_3101	800	3.63385	3.63385	2.4728
k141_5218	2835	4.49572	4.49572	3.03472
k141_998	370	1.37727	1.37727	0.23601
k141_999	677	1.97533	1.97533	0.624867
k141_7212	5319	4.28768	4.28768	3.4364
k141_5219	1590	4.10764	4.10764	5.69028
k141_3102	1789	4.07261	4.07261	1.85615
k141_1000	1338	6.36448	6.36448	6.5385
k141_3103	418	1.69403	1.69403	0.213148
k141_7213	984	4.83693	4.83693	4.27353
k141_3104	1129	3.94076	3.94076	2.04351
k141_5220	1873	5.21706	5.21706	5.96904
k141_5221	345	1.55385	1.55385	0.248375
k141_5222	314	3.43293	3.43293	0.406517
k141_7214	1852	4.86369	4.86369	4.71389
k141_5223	730	4.08621	4.08621	1.2568
k141_1001	2584	5.87675	5.87675	4.14676
k141_1002	502	2.49432	2.49432	0.95723
k141_1003	374	2.44196	2.44196	0.247737
k141_7215	1329	4.4894	4.4894	3.31802
k141_1004	343	2.18653	2.18653	0.433776
k141_5224	1409	4.98411	4.98411	3.77404
k141_7216	547	4.52897	4.52897	1.77504
k141_5225	515	5.26849	5.26849	1.19145
k141_1005	928	4.37789	4.37789	1.60476
k141_5226	329	2.14525	2.14525	0.248447
k141_1006	312	1.81481	1.81481	0.151829
k141_7217	770	3.1371	3.1371	1.89879
k141_7218	336	1.06452	1.06452	0.0606802
k141_1007	491	3.0088	3.0088	1.17933
k141_3105	3806	4.52817	4.52817	3.69773
k141_7219	396	4.36585	4.36585	1.14724
k141_1008	713	4.87034	4.87034	2.86394
k141_7220	823	5.3477	5.3477	2.79559
k141_5227	1123	4.03494	4.03494	4.59757
k141_1009	604	2.65419	2.65419	1.00818
k141_1010	441	5.20619	5.20619	3.04699
k141_1011	1522	3.25292	3.25292	1.47135
k141_7221	2177	4.98076	4.98076	3.1798
k141_5228	2303	4.3804	4.3804	1.68653
k141_7222	622	2.41102	2.41102	0.905017
k141_1012	1366	4.20148	4.20148	3.4993
k141_1013	771	5.03865	5.03865	2.32108
k141_7223	1407	3.28799	3.28799	1.73865
k141_1014	444	1.54422	1.54422	0.248891
k141_7224	422	3.10294	3.10294	1.7532
k141_1015	306	1.69872	1.69872	0.211869
k141_1016	415	1.98491	1.98491	0.658862
k141_7225	993	6.75208	6.75208	5.23421
k141_1017	1279	4.15855	4.15855	1.30197
k141_5229	4140	5.27368	5.27368	6.4009
k141_3106	7425	5.28687	5.28687	5.5012
k141_1018	838	5.11192	5.11192	3.51146
k141_5230	1267	4.55148	4.55148	3.13466
k141_3107	1325	3.51319	3.51319	4.61793
k141_3108	436	1.54196	1.54196	0.249111
k141_1019	1798	3.35922	3.35922	1.38273
k141_3109	388	3.7437	3.7437	0.908714
k141_1020	201	2	2	0
k141_3110	562	3.89078	3.89078	2.35057
k141_5231	1611	5.27447	5.27447	5.91708
k141_3111	595	3.83146	3.83146	1.02333
k141_5232	439	1.57093	1.57093	0.245819
k141_7226	4170	3.97264	3.97264	2.81495
k141_7227	311	2.02484	2.02484	0.936879
k141_3112	689	3.76067	3.76067	6.20839
k141_1021	1641	3.77599	3.77599	2.45987
k141_5233	773	4.3435	4.3435	2.19372
k141_7228	561	2.12409	2.12409	0.260173
k141_5234	304	2.46753	2.46753	0.302861
k141_5235	688	5.38476	5.38476	2.81445
k141_5236	600	3.71556	3.71556	2.80532
k141_3113	1458	4.27217	4.27217	2.48746
k141_3114	587	3.9794	3.9794	1.34591
k141_1022	2283	3.54477	3.54477	1.41979
k141_7229	2824	5.46111	5.46111	5.78542
k141_7230	349	2.1407	2.1407	0.576062
k141_3115	1554	4.72934	4.72934	2.77203
k141_7231	332	2.70879	2.70879	0.284894
k141_3116	1764	4.43742	4.43742	2.62564
k141_7232	1815	4.35255	4.35255	3.41348
k141_7233	410	1.33846	1.33846	0.22477
k141_3117	766	4.31331	4.31331	1.65289
k141_3118	307	2.49682	2.49682	0.251593
k141_7234	420	3.08519	3.08519	2.14513
k141_3119	328	0.853933	0.853933	0.125436
k141_3120	448	2.41275	2.41275	0.243204
k141_7235	659	3.65619	3.65619	2.46227
k141_1023	4357	4.73996	4.73996	3.84868
k141_5237	4937	4.69313	4.69313	4.69253
k141_7236	1222	3.95896	3.95896	2.64444
k141_1024	1123	5.42138	5.42138	1.87782
k141_1025	348	1.87879	1.87879	0.970006
k141_7237	551	5.41147	5.41147	1.63777
k141_7238	396	1.80894	1.80894	0.155185
k141_7239	582	5.9375	5.9375	5.10745
k141_7240	390	1.8875	1.8875	0.401517
k141_7241	389	3.10042	3.10042	0.620127
k141_3121	3053	4.16225	4.16225	3.19523
k141_7242	350	2.935	2.935	0.0610803
k141_7243	678	3.60606	3.60606	1.05514
k141_7244	854	4.42614	4.42614	2.29326
k141_1026	3037	4.84621	4.84621	2.89593
k141_1027	1363	4.75103	4.75103	3.4231
k141_5238	4923	4.65263	4.65263	3.27033
k141_5239	405	1.78039	1.78039	0.242922
k141_5240	747	3.77219	3.77219	1.22654
k141_7245	3699	5.27303	5.27303	6.9579
k141_3122	5183	4.21319	4.21319	3.65671
k141_7246	322	0.44186	0.44186	0.248062
k141_1028	2854	4.29845	4.29845	2.04371
k141_7247	333	1.65574	1.65574	0.226986
k141_3123	597	1.5906	1.5906	0.650405
k141_7248	646	4.04032	4.04032	3.58626
k141_3124	711	3.97683	3.97683	0.62982
k141_7249	586	2.18119	2.18119	0.387785
k141_3125	416	1.40602	1.40602	0.242077
k141_1029	1382	4.93425	4.93425	2.40916
k141_3126	321	3.91228	3.91228	0.66873
k141_7250	560	2.19024	2.19024	0.814574
k141_7251	307	2.24204	2.24204	0.441042
k141_3127	572	3.19431	3.19431	1.28282
k141_5241	3700	4.14028	4.14028	2.78334
k141_3128	403	2.09881	2.09881	0.287817
k141_7252	762	2.39379	2.39379	0.428966
k141_1030	1185	3.27536	3.27536	1.72392
k141_5242	711	3.59893	3.59893	2.87278
k141_3129	348	2.5303	2.5303	0.981308
k141_1031	533	4.27937	4.27937	4.46888
k141_3130	432	4.06383	4.06383	1.19876
k141_5243	1245	3.6484	3.6484	3.71448
k141_5244	331	2.81215	2.81215	0.48674
k141_3131	1323	4.97442	4.97442	4.63928
k141_5245	499	4.12607	4.12607	2.53578
k141_5246	427	2.28159	2.28159	0.347956
k141_3132	899	4.66088	4.66088	3.0934
k141_5247	748	4.16054	4.16054	6.98592
k141_5248	345	2.21026	2.21026	0.166905
k141_5249	683	3.85929	3.85929	2.12866
k141_7253	3906	4.56896	4.56896	2.72044
k141_5250	1929	4.54413	4.54413	2.73301
k141_5251	498	2.08333	2.08333	0.797071
k141_5252	560	2.37317	2.37317	0.478984
k141_1032	7227	4.93528	4.93528	3.17161
k141_7254	3949	5.61964	5.61964	3.45101
k141_5253	1701	5.22244	5.22244	2.10985
k141_5254	587	4.35927	4.35927	2.88669
k141_3133	6187	4.42968	4.42968	4.00008
k141_1033	1511	3.88097	3.88097	2.70641
k141_3134	405	2.47843	2.47843	0.825321
k141_1034	447	6.48148	6.48148	1.7505
k141_1035	339	5.53968	5.53968	1.77102
k141_3135	1358	3.85596	3.85596	2.90385
k141_5255	2548	4.29817	4.29817	2.10091
k141_7255	3487	4.76925	4.76925	2.32024
k141_7256	487	4.90801	4.90801	0.857583
k141_5256	1274	4.53381	4.53381	4.09056
k141_7257	934	4.53954	4.53954	2.13893
k141_5257	610	2.9087	2.9087	1.07661
k141_1036	3656	4.3688	4.3688	2.62433
k141_1037	365	3.86047	3.86047	0.429037
k141_5258	731	3.42341	3.42341	2.10319
k141_3136	3971	4.42999	4.42999	2.89542
k141_5259	1428	2.34742	2.34742	1.12589
k141_1038	1496	3.82615	3.82615	2.24634
k141_5260	432	1.87234	1.87234	0.674037
k141_1039	827	4.66765	4.66765	4.3169
k141_3137	3333	5.04995	5.04995	3.97456
k141_7258	6022	4.81897	4.81897	3.37194
k141_3138	733	5.01201	5.01201	2.08748
k141_1040	2873	4.37642	4.37642	3.09375
k141_5261	4035	4.6695	4.6695	4.71614
k141_1041	350	1.965	1.965	0.094246
k141_5262	418	2.50746	2.50746	0.363238
k141_3139	1053	3.33001	3.33001	0.89097
k141_3140	870	3.40417	3.40417	1.39831
k141_3141	349	2.08543	2.08543	0.0785238
k141_1042	1450	4.90308	4.90308	5.83965
k141_3142	555	1.98272	1.98272	0.616037
k141_3143	415	2.28302	2.28302	1.05218
k141_1043	1538	4.27522	4.27522	2.17076
k141_7259	3997	5.93086	5.93086	6.65467
k141_1044	397	1.60729	1.60729	0.580922
k141_1045	686	4.875	4.875	4.375
k141_3144	1810	4.49518	4.49518	3.12053
k141_3145	424	2.13869	2.13869	0.720621
k141_1046	523	1.84182	1.84182	0.224913
k141_1047	605	4.20659	4.20659	2.28322
k141_1048	449	1.55853	1.55853	0.247402
k141_3146	867	3.66946	3.66946	1.46741
k141_3147	474	4.04012	4.04012	1.69808
k141_5263	5684	4.76111	4.76111	6.83825
k141_5264	598	2.27902	2.27902	1.56627
k141_3148	1010	4.39302	4.39302	1.77318
k141_7260	3247	4.237	4.237	3.2733
k141_5265	431	2.81851	2.81851	0.627658
k141_3149	422	1.64338	1.64338	0.555011
k141_5266	315	2.75152	2.75152	0.261049
k141_7261	714	2.69149	2.69149	1.16575
k141_3150	666	5.47287	5.47287	1.8381
k141_7262	340	4.65263	4.65263	0.905152
k141_7263	306	1.77564	1.77564	0.407403
k141_1049	3079	5.71287	5.71287	4.96087
k141_3151	1439	4.29946	4.29946	4.19442
k141_5267	2153	4.82177	4.82177	4.28941
k141_5268	353	3.83744	3.83744	0.513047
k141_1050	1277	2.85892	2.85892	1.01649
k141_3152	1056	4.98344	4.98344	1.64061
k141_7264	2692	4.50865	4.50865	2.19887
k141_7265	830	4.36324	4.36324	4.35828
k141_7266	588	1.89726	1.89726	0.540909
k141_7267	497	2.92507	2.92507	0.693792
k141_7268	319	1.18935	1.18935	0.154409
k141_7269	419	1.68773	1.68773	0.245409
k141_7270	396	1.49187	1.49187	0.250954
k141_1051	3335	5.10078	5.10078	5.60571
k141_7271	533	4.43603	4.43603	1.16278
k141_7272	409	2.9112	2.9112	0.437821
k141_5270	4289	5.59628	5.59628	5.64244
k141_7273	493	3.41691	3.41691	0.401701
k141_1052	1168	5.10118	5.10118	1.95337
k141_5271	362	2.22642	2.22642	0.441385
k141_5272	783	4.86414	4.86414	3.0891
k141_7274	1096	3.98097	3.98097	3.25466
k141_7275	408	1.10078	1.10078	0.480078
k141_5273	707	3.63734	3.63734	2.93299
k141_3153	5578	4.94234	4.94234	4.15444
k141_5274	955	3.11304	3.11304	1.81184
k141_1053	2227	4.38084	4.38084	2.51722
k141_3154	1033	4.80521	4.80521	2.4813
k141_5275	343	2.41451	2.41451	0.243955
k141_3155	331	2.69613	2.69613	0.24604
k141_5276	333	1.65574	1.65574	0.226986
k141_3156	418	3.57836	3.57836	1.39833
k141_5277	861	2.57947	2.57947	2.17924
k141_5278	310	0.94375	0.94375	0.0534198
k141_1054	2045	4.12296	4.12296	1.6137
k141_3157	1648	4.74967	4.74967	3.39285
k141_7276	3513	3.62474	3.62474	1.86208
k141_7277	319	1.78698	1.78698	0.168639
k141_5279	1347	5.31913	5.31913	1.85459
k141_7278	479	2.1459	2.1459	1.28353
k141_5280	319	2.18935	2.18935	0.154409
k141_5281	331	2.50829	2.50829	0.473542
k141_7279	545	2.92152	2.92152	0.204485
k141_1055	1879	4.83054	4.83054	3.57023
k141_3158	3392	4.81092	4.81092	4.34159
k141_7280	2481	4.49464	4.49464	4.69649
k141_7281	320	1.92941	1.92941	0.492029
k141_5282	3119	4.51499	4.51499	3.47629
k141_1056	2497	6.30337	6.30337	4.26516
k141_7282	575	3.04471	3.04471	1.06167
k141_5283	702	2.58696	2.58696	1.0378
k141_3159	1185	5.89275	5.89275	3.58327
k141_1057	426	2.19203	2.19203	0.512081
k141_1058	357	1.09662	1.09662	0.281881
k141_3160	591	4.90249	4.90249	3.54275
k141_3161	1076	3.73434	3.73434	2.6472
k141_1059	1622	4.7072	4.7072	2.78913
k141_1060	343	2.85492	2.85492	0.916344
k141_5284	2183	4.50172	4.50172	4.09557
k141_1061	847	2.75466	2.75466	1.10783
k141_5285	995	2.48402	2.48402	0.835349
k141_5286	333	1.57377	1.57377	0.245901
k141_5287	307	1.84076	1.84076	0.134738
k141_5288	326	1.65909	1.65909	0.225974
k141_1062	914	2.98953	2.98953	0.93043
k141_1063	343	3.25907	3.25907	0.672118
k141_1064	349	1.52261	1.52261	0.250749
k141_3162	2719	4.75788	4.75788	4.40002
k141_3163	845	6.24604	6.24604	3.66128
k141_5289	1922	4.87133	4.87133	3.30023
k141_3164	647	2.88934	2.88934	0.647003
k141_5290	376	5.69027	5.69027	2.50808
k141_5291	561	1.64234	1.64234	0.274203
k141_3165	749	2.76127	2.76127	1.1787
k141_1065	2387	4.55208	4.55208	4.72859
k141_5292	717	4.10758	4.10758	4.51667
k141_5293	550	2.685	2.685	0.867943
k141_7283	7364	4.31702	4.31702	3.06664
k141_7284	438	3.88889	3.88889	1.22803
k141_1066	1553	4.14683	4.14683	1.96984
k141_1067	415	4.52075	4.52075	1.00051
k141_7285	897	4.67202	4.67202	1.23679
k141_1068	440	3.24138	3.24138	3.8931
k141_1069	459	2.11974	2.11974	0.469381
k141_7286	1110	4.25104	4.25104	1.84617
k141_5294	2270	4.44387	4.44387	4.07236
k141_7287	422	2.09191	2.09191	0.312554
k141_7288	323	2.21965	2.21965	0.614263
k141_1070	1415	5.48458	5.48458	4.087
k141_7289	377	5.35683	5.35683	1.41636
k141_7290	1480	4.22331	4.22331	2.44598
k141_7291	1678	5.69634	5.69634	9.08387
k141_1071	3008	3.9888	3.9888	3.43351
k141_7292	488	2.79586	2.79586	0.685206
k141_1072	802	4.2546	4.2546	4.07639
k141_7293	743	2.90051	2.90051	1.76542
k141_1073	351	2.06965	2.06965	0.525125
k141_1074	414	2.22727	2.22727	0.678187
k141_7294	427	1.36101	1.36101	0.296734
k141_5295	4944	4.30434	4.30434	3.24037
k141_7295	1822	4.71172	4.71172	3.16522
k141_7296	315	2.65455	2.65455	0.227495
k141_5296	3013	4.02655	4.02655	2.86792
k141_5297	465	2.30794	2.30794	0.774297
k141_5298	393	4.61317	4.61317	5.10595
k141_5299	1238	5.5432	5.5432	3.4535
k141_1075	5213	5.24669	5.24669	3.49487
k141_5300	852	5.23077	5.23077	5.53016
k141_5301	348	1.5	1.5	0.251269
k141_3166	13989	4.40718	4.40718	3.25426
k141_7297	4312	5.00336	5.00336	3.67413
k141_1076	1191	3.65034	3.65034	5.88917
k141_3167	500	2.31429	2.31429	0.302089
k141_7298	349	1.52261	1.52261	0.250749
k141_3168	401	2.18327	2.18327	0.334279
k141_7299	323	3.41618	3.41618	0.662994
k141_3169	382	1.30603	1.30603	0.213297
k141_5302	1763	4.82951	4.82951	2.24945
k141_3170	207	5	5	0
k141_5303	472	5	5	2.62305
k141_1077	1398	5.96795	5.96795	4.36946
k141_3171	903	3.52855	3.52855	2.07665
k141_5304	728	2.19204	2.19204	0.81747
k141_3172	283	2	2	0
k141_1078	405	3.48627	3.48627	1.16418
k141_3173	327	5.0226	5.0226	1.45403
k141_5305	408	1.93798	1.93798	0.338551
k141_3174	480	3.16364	3.16364	1.67527
k141_3175	550	1.8125	1.8125	0.152726
k141_5306	837	4.26929	4.26929	2.83554
k141_7300	2271	4.529	4.529	3.43043
k141_1079	1064	3.69475	3.69475	2.40288
k141_1080	412	2.51908	2.51908	1.04753
k141_1081	353	2	2	0.376238
k141_3176	1252	4.01996	4.01996	2.95873
k141_5307	1286	6.17782	6.17782	2.61153
k141_5308	579	1.32867	1.32867	0.221162
k141_3177	845	4.55827	4.55827	5.2124
k141_3178	731	3.80895	3.80895	0.837573
k141_3179	333	2.84153	2.84153	0.276947
k141_1082	2102	5.56301	5.56301	7.54511
k141_7301	2782	4.95555	4.95555	2.73728
k141_5309	1843	4.34672	4.34672	3.0056
k141_1083	789	2.84664	2.84664	1.35261
k141_7302	1227	3.99164	3.99164	1.82244
k141_5310	1804	5.38392	5.38392	2.47626
k141_1084	1440	5.53566	5.53566	4.20083
k141_1085	705	4.3964	4.3964	1.35162
k141_5311	2654	8.17772	8.17772	7.5252
k141_1086	2148	4.92993	4.92993	2.46177
k141_5312	444	1.79932	1.79932	0.679727
k141_3180	5330	5.38147	5.38147	4.03065
k141_3181	336	1.58065	1.58065	0.244812
k141_7303	4301	4.63575	4.63575	5.09488
k141_3182	523	5.0992	5.0992	1.89605
k141_1087	1703	3.63619	3.63619	3.43652
k141_1088	400	5.092	5.092	1.52965
k141_7304	1649	4.26284	4.26284	4.20189
k141_5313	3189	5.20204	5.20204	4.18041
k141_3183	2163	3.77844	3.77844	2.01052
k141_3184	311	1.80745	1.80745	0.156444
k141_3185	403	2.18182	2.18182	0.157287
k141_5314	729	2.29706	2.29706	0.818176
k141_7305	1535	4.15018	4.15018	1.86615
k141_5315	287	7.08759	7.08759	4.40404
k141_5316	229	1	1	0
k141_7306	343	2.46114	2.46114	0.895616
k141_1089	2842	3.67905	3.67905	1.75574
k141_5317	1538	4.49496	4.49496	5.76708
k141_1090	1302	4.80903	4.80903	2.40312
k141_1091	760	2.6	2.6	0.815106
k141_3186	2620	4.54049	4.54049	3.38089
k141_1092	368	1.87615	1.87615	0.532977
k141_5318	1989	4.6335	4.6335	3.17354
k141_7307	3952	3.93898	3.93898	2.9682
k141_3187	1823	5.30126	5.30126	4.63171
k141_7308	420	2.49259	2.49259	1.52225
k141_5319	1159	5.11298	5.11298	5.71342
k141_1093	2108	3.97702	3.97702	1.6944
k141_1094	495	3.95362	3.95362	2.00366
k141_5320	1216	4.9334	4.9334	4.93544
k141_7309	2033	4.81944	4.81944	2.58482
k141_3188	2309	4.30894	4.30894	3.03562
k141_1095	1587	4.96381	4.96381	3.13654
k141_5321	1109	3.86236	3.86236	1.49043
k141_7310	443	2.17065	2.17065	0.895437
k141_7311	304	2.50649	2.50649	0.931329
k141_5322	480	5.02121	5.02121	1.74119
k141_5323	343	2.27979	2.27979	0.202558
k141_1096	845	4.14964	4.14964	2.14471
k141_7312	635	4.15876	4.15876	1.79912
k141_1097	322	2.31977	2.31977	0.218789
k141_7313	519	5.46612	5.46612	3.77671
k141_5324	1944	4.73133	4.73133	4.03259
k141_7314	1473	4.56765	4.56765	2.33789
k141_5325	438	2.56597	2.56597	0.246504
k141_3189	3092	5.05269	5.05269	3.78405
k141_7315	510	2.98889	2.98889	0.930239
k141_7316	304	3.83766	3.83766	0.646676
k141_7317	313	3.23926	3.23926	0.331288
k141_7318	422	3.75368	3.75368	1.8616
k141_7319	315	4.06667	4.06667	1.3065
k141_3190	903	2.72776	2.72776	0.629245
k141_7320	389	2.77406	2.77406	0.747055
k141_1098	3343	4.90573	4.90573	5.46755
k141_3191	1332	5.38748	5.38748	3.47548
k141_3192	311	1.83851	1.83851	0.136258
k141_1099	1257	3.98284	3.98284	2.94094
k141_3193	313	2.06748	2.06748	0.0633188
k141_1100	358	2.98077	2.98077	0.637308
k141_3194	575	1.48	1.48	0.500188
k141_5326	3818	4.64149	4.64149	3.54773
k141_1101	1110	4.375	4.375	1.85923
k141_1102	351	1.9204	1.9204	0.473633
k141_3195	665	2.05437	2.05437	0.658515
k141_5327	394	4.06557	4.06557	1.41132
k141_1103	333	1.60656	1.60656	0.239957
k141_7321	3027	4.57073	4.57073	3.24024
k141_5328	349	1.24121	1.24121	0.850617
k141_7322	326	2.07386	2.07386	0.228798
k141_1104	550	2.2175	2.2175	0.877384
k141_3196	900	4.25333	4.25333	3.95174
k141_3197	304	4.24026	4.24026	1.72621
k141_7323	1017	4.09112	4.09112	1.24226
k141_3198	680	3.67358	3.67358	3.691
k141_5329	1550	3.47214	3.47214	1.1672
k141_1105	1303	4.39376	4.39376	2.79446
k141_3199	719	5.20562	5.20562	2.16011
k141_7324	1232	4.61091	4.61091	2.5506
k141_1106	1042	4.42601	4.42601	2.5366
k141_7325	427	2.02166	2.02166	0.209674
k141_3200	882	4.18443	4.18443	2.18619
k141_7326	332	2.07692	2.07692	0.0713984
k141_3201	308	3.79747	3.79747	2.73579
k141_3202	311	4.1118	4.1118	0.787421
k141_3203	305	4.98065	4.98065	1.09702
k141_5330	1751	4.72954	4.72954	3.41991
k141_5331	365	1.77209	1.77209	0.176787
k141_3204	536	4.05181	4.05181	1.07783
k141_3205	345	4.77436	4.77436	0.948824
k141_5332	702	3.69384	3.69384	0.328965
k141_7327	2798	4.99094	4.99094	2.66934
k141_3206	2106	4.83845	4.83845	3.14317
k141_3207	1340	3.87563	3.87563	0.975262
k141_3208	361	1.43128	1.43128	0.246445
k141_1107	4864	4.40327	4.40327	3.96225
k141_5333	3747	4.6789	4.6789	3.71414
k141_7328	2671	4.04403	4.04403	3.53894
k141_7329	351	2.06468	2.06468	0.0907959
k141_5334	775	3.8672	3.8672	1.79163
k141_7330	574	1.56604	1.56604	0.24622
k141_1108	1433	3.58067	3.58067	2.83806
k141_7331	761	3.75941	3.75941	0.881366
k141_7332	304	1.88961	1.88961	0.0988456
k141_1109	970	5.54268	5.54268	3.29122
k141_3209	3245	4.41422	4.41422	3.43079
k141_7333	1094	3.66208	3.66208	1.30138
k141_5335	2327	4.35737	4.35737	2.72518
k141_1110	1395	5.06104	5.06104	3.83548
k141_7334	832	5.85337	5.85337	4.6011
k141_7335	865	4.96783	4.96783	3.54659
k141_5336	1672	4.53285	4.53285	2.42002
k141_7336	528	5.12169	5.12169	2.86048
k141_1111	2497	5.09161	5.09161	3.94002
k141_1112	337	1.70588	1.70588	0.380771
k141_3210	3516	5.10309	5.10309	3.93083
k141_5337	1685	4.07622	4.07622	3.05481
k141_3211	377	1.99559	1.99559	1.0929
k141_1113	554	2.2797	2.2797	0.767728
k141_5338	499	3.07163	3.07163	2.29658
k141_3212	356	4.36893	4.36893	0.331518
k141_7337	2183	4.697	4.697	4.00953
k141_1114	552	2.80348	2.80348	1.48497
k141_5339	453	2.32013	2.32013	0.450156
k141_1115	495	4.08406	4.08406	1.46675
k141_1116	323	1.20231	1.20231	0.639065
k141_7338	896	5.8874	5.8874	5.72959
k141_5340	1497	4.90572	4.90572	6.12707
k141_7339	987	2.97491	2.97491	1.60821
k141_5341	317	0.886228	0.886228	0.101435
k141_3213	2132	3.89707	3.89707	2.54368
k141_3214	353	4.24631	4.24631	0.592499
k141_5342	486	3.08036	3.08036	1.63233
k141_7340	1567	5.04587	5.04587	5.67794
k141_1117	2563	4.52756	4.52756	2.99477
k141_5343	1153	5.32602	5.32602	4.66706
k141_7341	568	1.44737	1.44737	0.247824
k141_7342	342	3.56771	3.56771	1.16817
k141_5344	660	3.54706	3.54706	2.27578
k141_7343	353	3.08867	3.08867	1.11091
k141_7344	330	3.06667	3.06667	0.878213
k141_7345	1000	4.46471	4.46471	1.25023
k141_1118	1990	3.79565	3.79565	2.4759
k141_5345	1455	4.56782	4.56782	3.81309
k141_1119	504	3.90678	3.90678	0.600352
k141_7346	979	3.78528	3.78528	3.18092
k141_1120	320	2.95294	2.95294	1.44156
k141_1121	402	3.01587	3.01587	2.45393
k141_1122	404	1.76772	1.76772	0.234369
k141_1123	455	1.94098	1.94098	0.430715
k141_5346	1575	4.79579	4.79579	2.11487
k141_5347	365	1.4093	1.4093	0.242904
k141_3215	5893	3.84068	3.84068	2.32834
k141_5348	547	2.21159	2.21159	0.712695
k141_7347	2448	3.50087	3.50087	1.72768
k141_3216	597	3.25727	3.25727	1.29016
k141_1124	1607	4.66369	4.66369	3.64369
k141_1125	344	2.96907	2.96907	0.413545
k141_7348	1301	4.02085	4.02085	4.02219
k141_3217	2050	4.00158	4.00158	2.10795
k141_7349	1605	5.50241	5.50241	2.36984
k141_7350	382	2.89655	2.89655	0.664577
k141_3218	1309	4.14323	4.14323	1.67204
k141_3219	527	1.82493	1.82493	1.4214
k141_5349	3462	6.08454	6.08454	6.23563
k141_3220	361	1.43602	1.43602	0.247078
k141_5350	801	2.90783	2.90783	1.67457
k141_5351	377	3.80176	3.80176	1.30124
k141_3221	1732	4.20291	4.20291	4.63751
k141_3222	825	3.48296	3.48296	2.41329
k141_7351	4414	5.43738	5.43738	4.87437
k141_1126	5409	4.91101	4.91101	3.39338
k141_3223	1480	5.52406	5.52406	2.26466
k141_7352	310	1.89375	1.89375	0.095558
k141_1127	313	1.61963	1.61963	0.237143
k141_3224	433	2.59011	2.59011	0.944866
k141_5352	2583	3.20345	3.20345	2.43266
k141_5353	369	2.47489	2.47489	0.250514
k141_1128	667	2.2205	2.2205	0.734226
k141_1129	330	3.21111	3.21111	0.89373
k141_1130	381	1.85281	1.85281	0.569546
k141_3225	2984	4.87262	4.87262	3.64806
k141_3226	613	2.70842	2.70842	1.07281
k141_5354	2742	3.80864	3.80864	1.89081
k141_1131	3321	6.43236	6.43236	7.57361
k141_5355	1456	6.09495	6.09495	4.84765
k141_1132	603	2.51435	2.51435	0.77247
k141_3227	2086	3.66271	3.66271	2.06241
k141_5356	395	1.3102	1.3102	0.214854
k141_3228	336	1.17742	1.17742	0.14673
k141_5357	367	4.23041	4.23041	4.40962
k141_1133	677	1.99241	1.99241	0.638726
k141_5358	355	1.10244	1.10244	0.239455
k141_3229	649	4.76553	4.76553	4.1678
k141_3230	329	2.36313	2.36313	0.378633
k141_3231	977	5.18622	5.18622	4.39871
k141_7353	7257	4.7366	4.7366	3.93377
k141_1134	1733	5.85471	5.85471	5.94976
k141_3232	726	4.71007	4.71007	1.9245
k141_7354	580	3.2814	3.2814	0.617601
k141_5359	2108	5.46476	5.46476	4.91008
k141_1135	399	4.09237	4.09237	0.34224
k141_1136	317	1.59281	1.59281	0.24284
k141_5360	637	3.24641	3.24641	1.53998
k141_1137	358	4.02885	4.02885	2.9267
k141_3233	1285	4.23436	4.23436	2.68931
k141_5361	373	3.19283	3.19283	0.345533
k141_5362	638	2.09426	2.09426	0.401774
k141_3234	832	4.1261	4.1261	3.78434
k141_5363	690	3.25926	3.25926	1.28331
k141_3235	606	1.97807	1.97807	0.76875
k141_1138	1662	4.83267	4.83267	3.25788
k141_3236	715	2.27257	2.27257	1.97523
k141_5364	810	1.94091	1.94091	0.608035
k141_3237	829	1.93078	1.93078	1.59844
k141_1139	2268	4.11945	4.11945	3.15195
k141_5365	1872	3.26016	3.26016	2.21231
k141_1140	334	2.31522	2.31522	0.708838
k141_1141	386	1.83898	1.83898	0.399495
k141_7355	5430	4.89337	4.89337	3.37659
k141_5366	1276	5.14742	5.14742	2.04402
k141_5367	543	3.07634	3.07634	2.01456
k141_5368	1116	3.91304	3.91304	1.5862
k141_1142	2380	3.787	3.787	3.35656
k141_5369	363	1.96244	1.96244	0.536319
k141_1143	1031	2.98411	2.98411	1.19293
k141_5370	870	4.11528	4.11528	2.14385
k141_7356	3124	4.31372	4.31372	4.01697
k141_3238	5601	4.62466	4.62466	3.92572
k141_7357	849	5.48641	5.48641	1.89488
k141_5371	1626	5.2981	5.2981	5.61007
k141_5372	445	2.5322	2.5322	1.67158
k141_3239	1628	3.72869	3.72869	2.12743
k141_7358	1912	3.72077	3.72077	2.09234
k141_3240	823	4.52006	4.52006	1.71426
k141_5373	1291	5.26468	5.26468	6.97026
k141_7359	667	2.95164	2.95164	1.41432
k141_5374	360	1.50476	1.50476	1.33252
k141_3241	984	3.90168	3.90168	1.41169
k141_5375	461	3.2283	3.2283	1.50577
k141_1144	4226	4.066	4.066	2.80767
k141_3242	372	2.68018	2.68018	0.544312
k141_3243	308	1.87342	1.87342	0.404257
k141_1145	473	3.25077	3.25077	0.418284
k141_7360	1395	4.6996	4.6996	2.44024
k141_5376	1358	6.42798	6.42798	6.30132
k141_1146	1197	3.468	3.468	2.67367
k141_1147	358	2.89904	2.89904	0.74821
k141_3244	1442	4.34907	4.34907	4.57291
k141_7361	1310	4.14569	4.14569	2.93214
k141_3245	371	1.67421	1.67421	0.602469
k141_5377	1253	5.41886	5.41886	4.2636
k141_5378	1428	5.37089	5.37089	3.71823
k141_1148	2287	4.71034	4.71034	3.37158
k141_7362	2497	4.31615	4.31615	2.78667
k141_5379	754	4.53477	4.53477	4.51455
k141_3246	3057	4.35845	4.35845	3.23142
k141_5380	741	4.23519	4.23519	3.1734
k141_3247	524	2.01604	2.01604	0.535936
k141_7363	1491	5.00075	5.00075	3.82164
k141_3248	3406	4.14312	4.14312	2.46923
k141_5381	4022	4.03951	4.03951	2.7923
k141_3249	323	5.39306	5.39306	1.926
k141_7364	4307	4.31441	4.31441	3.08753
k141_3250	2205	5.27932	5.27932	3.91127
k141_3251	473	2.23839	2.23839	0.442993
k141_7365	4316	5.38118	5.38118	5.43151
k141_5382	5168	5.20167	5.20167	3.60582
k141_1149	11426	6.01791	6.01791	4.64852
k141_3252	3270	5.00962	5.00962	5.08871
k141_5383	1116	4.54865	4.54865	1.99297
k141_5384	412	2.40458	2.40458	0.471703
k141_3253	1386	4.95065	4.95065	2.38381
k141_1150	1765	6.24334	6.24334	7.20656
k141_5385	776	4.29073	4.29073	6.82733
k141_3254	953	2.63512	2.63512	1.10485
k141_5386	1030	3.37386	3.37386	1.34244
k141_3255	1017	4.18454	4.18454	3.05365
k141_3256	326	3.55114	3.55114	0.694512
k141_3257	354	1.47549	1.47549	0.250628
k141_7366	4863	4.8536	4.8536	2.83552
k141_7367	514	1.82692	1.82692	0.782636
k141_5387	1971	3.55135	3.55135	1.74528
k141_7368	432	6.74823	6.74823	0.957736
k141_7369	310	1.2875	1.2875	0.206132
k141_7370	425	2.38909	2.38909	0.318858
k141_7371	314	1.81707	1.81707	0.150382
k141_5388	1077	5.23409	5.23409	3.58553
k141_7372	392	1.87603	1.87603	0.407805
k141_1151	4216	5.92302	5.92302	5.16483
k141_7373	463	2.67093	2.67093	0.875336
k141_1152	460	3.28065	3.28065	3.92422
k141_3258	2549	4.88537	4.88537	3.83465
k141_7374	378	2.84649	2.84649	0.183379
k141_7375	712	6.07473	6.07473	5.38121
k141_1153	1270	3.22589	3.22589	1.38682
k141_1154	670	7.49423	7.49423	2.75526
k141_5389	2500	4.89447	4.89447	2.395
k141_5390	303	2.83007	2.83007	0.141984
k141_1155	573	3.14894	3.14894	1.08914
k141_5391	655	4.11287	4.11287	6.02491
k141_7376	2138	4.63984	4.63984	3.86919
k141_1156	951	2.75531	2.75531	0.872551
k141_5392	411	5.48659	5.48659	2.78155
k141_7377	335	2.32432	2.32432	0.220329
k141_3259	3439	5.41684	5.41684	3.99076
k141_1157	1030	4.1625	4.1625	2.47755
k141_1158	909	4.52042	4.52042	4.22089
k141_7378	1672	4.27398	4.27398	2.72633
k141_3260	1409	4.22002	4.22002	4.32914
k141_7379	312	3.00617	3.00617	0.4658
k141_3261	327	3.31638	3.31638	0.297059
k141_5393	2102	3.93596	3.93596	3.67656
k141_5394	350	1.515	1.515	0.25103
k141_1159	1232	3.47597	3.47597	1.77047
k141_5395	328	1.64045	1.64045	0.231575
k141_1160	479	2.47112	2.47112	0.469439
k141_5396	1766	3.7698	3.7698	1.72283
k141_7380	2812	4.784	4.784	3.11118
k141_1161	2514	5.11379	5.11379	3.56427
k141_7381	1042	6.35426	6.35426	5.69029
k141_1162	620	3.34681	3.34681	2.82829
k141_7382	1483	5.57839	5.57839	5.32059
k141_3262	5760	5.9959	5.9959	5.59681
k141_5397	3746	3.88737	3.88737	3.01568
k141_3263	600	2.24222	2.24222	0.402221
k141_1163	2715	6.50487	6.50487	8.86775
k141_5398	667	2.26692	2.26692	0.304581
k141_3264	755	4.47273	4.47273	5.46491
k141_1164	394	6.04098	6.04098	1.81724
k141_1165	345	1.72308	1.72308	0.417764
k141_5399	691	4.70055	4.70055	0.884241
k141_5400	303	2.80392	2.80392	0.158668
k141_3265	851	5.92154	5.92154	2.8781
k141_7383	2735	4.63443	4.63443	2.75059
k141_3266	334	2.04891	2.04891	0.647867
k141_7384	303	1.46405	1.46405	0.250344
k141_3267	321	1.68421	1.68421	0.217338
k141_3268	345	1.13333	1.13333	0.116151
k141_5401	1507	4.78998	4.78998	3.91974
k141_3269	1052	4.14745	4.14745	2.21907
k141_3270	512	2	2	0.448753
k141_3271	395	3.15102	3.15102	1.13694
k141_3272	425	2.4	2.4	0.240876
k141_1166	3239	5.27744	5.27744	3.71093
k141_1167	363	4.3615	4.3615	1.28851
k141_1168	1149	3.49049	3.49049	2.2722
k141_1169	365	2.44186	2.44186	0.247772
k141_5402	3251	3.98775	3.98775	3.02241
k141_5403	337	2.57219	2.57219	0.38589
k141_7385	4604	4.59946	4.59946	5.15235
k141_3273	2837	4.55936	4.55936	2.83783
k141_3274	389	4.06695	4.06695	1.02071
k141_5404	1308	4.38256	4.38256	2.67375
k141_3275	846	4.09052	4.09052	2.26948
k141_7386	2171	4.21277	4.21277	2.93489
k141_7387	360	3.3	3.3	0.756459
k141_7388	337	1.2139	1.2139	0.341095
k141_3276	1933	4.83567	4.83567	3.54703
k141_7389	1656	3.07238	3.07238	1.08514
k141_3277	1294	4.27885	4.27885	1.70433
k141_5405	3895	5.34927	5.34927	3.39401
k141_1170	5925	4.6232	4.6232	3.02773
k141_5406	424	0.551095	0.551095	0.248295
k141_1171	357	1.76812	1.76812	0.373154
k141_5407	502	2.5625	2.5625	0.355057
k141_7390	3380	4.02879	4.02879	2.34948
k141_5408	2126	4.55111	4.55111	4.47837
k141_7391	468	2.18868	2.18868	0.216653
k141_3278	3719	4.06388	4.06388	3.23137
k141_3279	448	1.81208	1.81208	0.281066
k141_3280	303	1.71242	1.71242	0.206226
k141_5409	1516	5.33236	5.33236	4.40964
k141_3281	473	3.36532	3.36532	1.81022
k141_1172	3920	4.61326	4.61326	2.65527
k141_3282	385	2.49362	2.49362	0.413421
k141_1173	708	1.86201	1.86201	1.07428
k141_7392	2476	6	6	5.38667
k141_3283	1793	3.2538	3.2538	1.68526
k141_1174	1499	4.56709	4.56709	2.56615
k141_7393	1311	4.77864	4.77864	2.68285
k141_1175	644	1.75911	1.75911	0.532118
k141_5410	2692	4.61094	4.61094	2.13545
k141_7394	1208	5.43573	5.43573	1.98876
k141_5411	846	4.82184	4.82184	1.75526
k141_3284	1836	5.58837	5.58837	3.43877
k141_7395	571	2.60808	2.60808	3.5627
k141_7396	521	1.73585	1.73585	0.32463
k141_1176	1946	4.02728	4.02728	4.04886
k141_1177	434	2.19014	2.19014	0.571492
k141_3285	1442	5.55031	5.55031	4.47535
k141_3286	357	5.98551	5.98551	2.68426
k141_3287	434	1.57394	1.57394	0.245396
k141_5412	2214	4.42636	4.42636	2.71491
k141_1178	1111	4.91467	4.91467	4.10732
k141_5413	306	0	0	0
k141_5414	744	4.23569	4.23569	2.25465
k141_7397	2455	4.45727	4.45727	4.55645
k141_1179	1129	4.84883	4.84883	3.46997
k141_7398	332	1.38462	1.38462	0.237994
k141_3288	1503	4.65854	4.65854	2.11704
k141_1180	534	4.4974	4.4974	2.79895
k141_3289	547	2.10327	2.10327	0.269611
k141_3290	350	4.23	4.23	1.11266
k141_1181	1458	5.70566	5.70566	2.70059
k141_7399	2014	4.48766	4.48766	2.77711
k141_1182	492	3.68713	3.68713	1.32998
k141_5415	3876	4.45411	4.45411	2.83365
k141_7400	1484	3.35532	3.35532	1.94717
k141_7401	368	2.23394	2.23394	0.253773
k141_5416	680	3.96415	3.96415	1.46752
k141_1183	2236	5.48274	5.48274	2.66039
k141_1184	1266	3.51434	3.51434	2.38275
k141_3291	4951	5.14518	5.14518	4.17034
k141_1185	506	2.04775	2.04775	0.597714
k141_5417	2058	4.7935	4.7935	3.38682
k141_1186	1737	3.78576	3.78576	2.31852
k141_1187	731	1.53012	1.53012	0.249522
k141_7402	5103	4.66969	4.66969	3.79516
k141_5418	3255	5.20998	5.20998	3.23999
k141_7403	531	3.01312	3.01312	0.376144
k141_5419	720	4.05439	4.05439	2.66311
k141_3292	4238	4.43175	4.43175	2.64668
k141_3293	381	3.24242	3.24242	0.740974
k141_1188	2426	4.97671	4.97671	4.07637
k141_3294	676	6.57795	6.57795	5.24248
k141_1189	1160	5.84356	5.84356	2.02901
k141_5420	2213	4.17741	4.17741	3.10915
k141_1190	1156	4.67694	4.67694	2.57313
k141_7404	3985	4.87823	4.87823	3.34484
k141_7405	388	1.83613	1.83613	0.247296
k141_7406	314	1.37195	1.37195	0.235037
k141_1191	1312	4.99742	4.99742	4.28165
k141_1192	521	2.16712	2.16712	0.577402
k141_5421	3333	4.18505	4.18505	2.56501
k141_5422	305	1.65161	1.65161	0.228488
k141_7407	2210	4.04515	4.04515	2.49091
k141_3295	5914	5.63255	5.63255	5.54845
k141_5423	1511	5.61866	5.61866	2.66994
k141_1193	2835	5.23426	5.23426	6.16376
k141_5424	455	2.22951	2.22951	1.17084
k141_1194	462	3.4359	3.4359	0.992659
k141_7408	2037	6.29889	6.29889	4.30082
k141_1195	469	1.80251	1.80251	0.328798
k141_3296	1175	4.17951	4.17951	4.92282
k141_1196	344	4.39175	4.39175	0.280968
k141_7409	564	3.71739	3.71739	0.803715
k141_1197	427	1.63899	1.63899	0.231518
k141_1198	309	2.33333	2.33333	0.312236
k141_3297	997	5.817	5.817	4.1355
k141_1199	561	2.94404	2.94404	1.23345
k141_3298	443	1.84642	1.84642	0.890714
k141_1200	538	4.61598	4.61598	1.54982
k141_1201	538	2.5799	2.5799	0.952254
k141_5425	2567	4.51841	4.51841	3.56762
k141_5426	790	3.525	3.525	3.48295
k141_3299	1659	6.25381	6.25381	6.3938
k141_7410	2900	4.77891	4.77891	4.25376
k141_3300	515	2.06575	2.06575	0.704455
k141_7411	413	1.43726	1.43726	0.353873
k141_5427	996	4.66312	4.66312	3.51124
k141_3301	544	5.42386	5.42386	2.65704
k141_3302	1515	5.67766	5.67766	2.92095
k141_7412	2350	5.73545	5.73545	9.7735
k141_1202	4175	4.2328	4.2328	3.46534
k141_7413	580	5.11628	5.11628	5.08199
k141_1203	2013	3.48524	3.48524	1.47871
k141_5428	4478	4.58618	4.58618	2.90177
k141_7414	2519	5.59054	5.59054	3.20727
k141_7415	331	3.8895	3.8895	1.23217
k141_5429	403	1.72332	1.72332	0.216796
k141_1204	1006	3.49065	3.49065	1.35664
k141_3303	4734	5.7692	5.7692	4.55249
k141_1205	1291	4.23225	4.23225	2.4504
k141_7416	1680	3.70523	3.70523	2.96275
k141_5430	2161	3.8006	3.8006	1.82836
k141_5431	499	2.32378	2.32378	0.66785
k141_5432	310	2.44375	2.44375	0.248388
k141_5433	440	1.56552	1.56552	0.246557
k141_7417	1163	2.95459	2.95459	2.45246
k141_7418	348	2.9697	2.9697	0.313798
k141_3304	2380	4.34708	4.34708	3.64078
k141_1206	1867	5.19627	5.19627	3.47605
k141_3305	341	2.33508	2.33508	0.476605
k141_1207	630	3.85417	3.85417	0.805413
k141_3306	715	3.78407	3.78407	1.0384
k141_3307	318	2.70833	2.70833	1.5252
k141_7419	1310	5.80259	5.80259	3.81344
k141_3308	433	2.25442	2.25442	1.01306
k141_1208	1394	3.98875	3.98875	2.06906
k141_7420	1584	4.06137	4.06137	1.63614
k141_7421	349	4.0804	4.0804	1.29653
k141_5434	3478	3.96034	3.96034	2.59295
k141_7422	395	2.06531	2.06531	0.553094
k141_5435	365	1.13023	1.13023	0.5624
k141_7423	791	2.22621	2.22621	0.85344
k141_5436	769	3.95153	3.95153	1.76787
k141_7424	405	3.39216	3.39216	1.56215
k141_5437	369	2.26027	2.26027	0.899838
k141_7425	592	3.58597	3.58597	1.28171
k141_3309	3387	4.77912	4.77912	4.31245
k141_3310	1267	5.26589	5.26589	7.30295
k141_7426	1380	6.17967	6.17967	8.23207
k141_1209	3669	4.18471	4.18471	4.43263
k141_7427	212	5	5	0
k141_3311	701	3.85662	3.85662	2.04668
k141_7428	860	3.51972	3.51972	1.37267
k141_7429	340	1.55263	1.55263	0.248538
k141_1210	1461	3.51487	3.51487	1.96753
k141_7430	560	1.73902	1.73902	0.320479
k141_3312	1753	5.59513	5.59513	5.64807
k141_7431	777	5.69218	5.69218	5.07602
k141_3313	591	3.41723	3.41723	0.94825
k141_3314	316	2.42169	2.42169	0.342314
k141_3315	343	1.56995	1.56995	0.246384
k141_5438	5129	5.29444	5.29444	3.95917
k141_1211	1951	5.53359	5.53359	3.76013
k141_5439	323	1.13873	1.13873	0.120177
k141_7432	1422	5.84277	5.84277	3.02637
k141_5440	474	2.72222	2.72222	0.808051
k141_1212	597	2.08277	2.08277	0.600755
k141_1213	341	2.17277	2.17277	0.627887
k141_1214	368	2.41743	2.41743	0.410201
k141_1215	320	1.58824	1.58824	0.243648
k141_3316	1820	5.3497	5.3497	6.16042
k141_5441	905	4.83709	4.83709	2.04636
k141_5442	354	2.55882	2.55882	0.306867
k141_7433	1774	3.65948	3.65948	1.66893
k141_5443	783	5.49921	5.49921	0.750393
k141_5444	311	2.3913	2.3913	0.264673
k141_1216	1399	4.47238	4.47238	3.24783
k141_7434	607	2.60394	2.60394	0.630071
k141_7435	488	2.2071	2.2071	0.277457
k141_3317	1952	3.95172	3.95172	2.40136
k141_7436	337	2.14973	2.14973	0.127997
k141_5445	784	3.98265	3.98265	2.51313
k141_5446	347	2.25381	2.25381	0.45566
k141_7437	1429	4.93901	4.93901	2.24354
k141_3318	2151	3.38381	3.38381	2.22164
k141_5447	2080	4.04145	4.04145	3.52138
k141_3319	836	3.74052	3.74052	1.66105
k141_7438	1678	3.8377	3.8377	2.55253
k141_7439	483	4.46847	4.46847	4.00879
k141_3320	677	3.74383	3.74383	2.11105
k141_7440	478	2.6189	2.6189	0.628021
k141_1217	5722	5.15632	5.15632	5.32892
k141_3321	2469	4.19362	4.19362	3.93878
k141_3322	1331	3.60542	3.60542	2.2374
k141_7441	4137	4.39002	4.39002	2.91941
k141_7442	541	2.43478	2.43478	0.702787
k141_7443	399	1.73896	1.73896	0.193678
k141_1218	3694	5.71981	5.71981	5.08906
k141_7444	348	2.26263	2.26263	0.357073
k141_5448	6709	5.4641	5.4641	5.24457
k141_7445	1142	3.85887	3.85887	2.92255
k141_5449	327	2.03955	2.03955	0.810927
k141_1219	2426	3.71221	3.71221	2.38966
k141_3323	3864	4.32149	4.32149	2.32538
k141_7446	1307	3.80035	3.80035	3.4108
k141_5450	1239	2.88246	2.88246	0.771098
k141_1220	527	2.24934	2.24934	0.187666
k141_5451	698	3.18978	3.18978	2.82681
k141_5452	317	2.42515	2.42515	0.486833
k141_5453	364	1.41589	1.41589	0.244065
k141_1221	2110	4.14082	4.14082	2.36404
k141_1222	412	1.90458	1.90458	0.201588
k141_1223	390	1.69583	1.69583	0.212535
k141_7447	3548	4.78958	4.78958	3.7122
k141_5454	2737	3.85775	3.85775	2.48399
k141_5455	1133	4.43337	4.43337	3.7957
k141_3324	4881	4.87001	4.87001	3.79522
k141_5456	598	3.66518	3.66518	1.06438
k141_7448	1759	5.26103	5.26103	2.90817
k141_3325	593	2.71783	2.71783	0.886267
k141_5457	360	1.93333	1.93333	0.665391
k141_3326	455	1.81639	1.81639	0.189862
k141_1225	2779	4.21339	4.21339	3.5858
k141_1226	283	5.24812	5.24812	1.4304
k141_1227	450	3.02667	3.02667	1.33708
k141_5458	1335	5.13418	5.13418	5.44903
k141_5459	497	2.47262	2.47262	1.52743
k141_1228	1538	3.78386	3.78386	2.01525
k141_1229	541	4.26854	4.26854	1.78155
k141_3327	2804	4.17106	4.17106	1.78379
k141_1230	769	2.79968	2.79968	1.38052
k141_7449	6361	4.68379	4.68379	3.51448
k141_7450	341	2.04712	2.04712	0.255663
k141_1231	3379	5.70703	5.70703	7.21287
k141_7451	569	5.02625	5.02625	4.58543
k141_3328	4453	5.39461	5.39461	5.48828
k141_5460	5728	4.27931	4.27931	3.22205
k141_3329	361	1.82464	1.82464	0.145295
k141_7452	756	3.0165	3.0165	1.58981
k141_5461	353	4.50739	4.50739	3.00366
k141_5462	317	1.35928	1.35928	0.315922
k141_5463	836	3.07434	3.07434	2.39884
k141_5464	758	5.3898	5.3898	4.04715
k141_5465	308	1.37342	1.37342	0.452028
k141_5466	420	1.97778	1.97778	0.497644
k141_3330	2530	4.59118	4.59118	5.07746
k141_3331	386	3.93644	3.93644	1.59169
k141_5467	1114	5.24481	5.24481	1.67625
k141_7453	3348	4.66291	4.66291	3.04618
k141_5468	476	1.13804	1.13804	0.605502
k141_7454	412	1.73282	1.73282	0.196543
k141_7455	330	1.61111	1.61111	0.238982
k141_5469	685	4.02804	4.02804	1.10595
k141_5470	514	1.3956	1.3956	0.256289
k141_3332	2218	4.35832	4.35832	1.92913
k141_5471	391	1.61826	1.61826	0.553664
k141_5472	321	1.75439	1.75439	0.256966
k141_3333	499	1.73352	1.73352	0.437406
k141_3334	388	2.31933	2.31933	0.243591
k141_5473	542	1.68878	1.68878	0.532048
k141_3335	308	1.87342	1.87342	0.111263
k141_5474	371	2.14932	2.14932	0.127602
k141_7456	2625	4.48889	4.48889	3.39065
k141_5475	1472	7.06959	7.06959	7.57579
k141_3336	2334	4.61447	4.61447	3.36481
k141_5476	1522	3.22449	3.22449	2.40032
k141_5477	863	2.38289	2.38289	0.534372
k141_3337	1678	4.05497	4.05497	3.02383
k141_7457	3811	5.78995	5.78995	4.27747
k141_3338	431	2.43772	2.43772	1.097
k141_7458	360	4.77143	4.77143	0.741764
k141_7459	387	2.34599	2.34599	0.710292
k141_5478	1331	4.69009	4.69009	4.95132
k141_1232	11911	7.46841	7.46841	9.56039
k141_5479	2296	4.90867	4.90867	4.62186
k141_5480	724	4.24564	4.24564	2.02158
k141_7460	3488	5.49551	5.49551	5.37805
k141_1233	3121	6.00135	6.00135	4.26665
k141_1234	328	1.68539	1.68539	0.216848
k141_3339	4318	5.46881	5.46881	4.05902
k141_7461	840	3.93768	3.93768	3.64052
k141_1235	1367	5.41085	5.41085	3.41824
k141_3340	1449	4.44342	4.44342	3.22078
k141_1236	378	11.1579	11.1579	221.825
k141_3341	560	2.07805	2.07805	0.38998
k141_1237	822	2.9628	2.9628	0.891314
k141_3342	837	1.84862	1.84862	0.4202
k141_5481	3678	4.92432	4.92432	4.33998
k141_7462	3263	5.14712	5.14712	5.21102
k141_7463	798	2.97377	2.97377	1.30843
k141_3343	1894	4.05906	4.05906	2.19902
k141_7464	645	3.71919	3.71919	2.05255
k141_1238	3509	5.15451	5.15451	4.83052
k141_5482	3181	5.13164	5.13164	4.60082
k141_3344	2065	3.75509	3.75509	2.43897
k141_1239	1152	4.68962	4.68962	4.48199
k141_5483	817	3.51124	3.51124	2.11511
k141_5484	462	3.73397	3.73397	2.69748
k141_1240	865	4.22517	4.22517	3.20272
k141_7465	3019	5.40641	5.40641	6.1095
k141_3345	1771	4.34238	4.34238	1.78083
k141_5485	1258	5.23736	5.23736	4.69609
k141_1241	1199	3.33746	3.33746	3.37071
k141_5486	512	3.25691	3.25691	1.48783
k141_5487	330	3.87222	3.87222	1.1847
k141_3346	1694	5.11205	5.11205	5.19361
k141_5488	408	2.33721	2.33721	0.325536
k141_1242	741	4.34179	4.34179	3.38806
k141_7466	2099	4.90354	4.90354	2.65393
k141_1243	668	3.2973	3.2973	1.4008
k141_5489	1046	5.36161	5.36161	4.13054
k141_7467	1338	4.11027	4.11027	1.86568
k141_3347	1945	4.40947	4.40947	5.02009
k141_3348	317	2.04192	2.04192	0.209077
k141_5490	1585	5.73798	5.73798	4.64397
k141_1244	1625	4.12949	4.12949	2.4235
k141_3349	575	4.26824	4.26824	1.08826
k141_5491	975	3.68848	3.68848	1.43318
k141_5492	1491	5.02312	5.02312	3.0838
k141_1245	2744	4.59329	4.59329	6.42728
k141_1246	334	1.64674	1.64674	0.229716
k141_1247	612	3.74459	3.74459	1.71336
k141_5493	2087	4.70831	4.70831	2.82447
k141_3350	4071	5.23897	5.23897	4.89317
k141_5494	350	2.875	2.875	1.07475
k141_1248	2826	4.78924	4.78924	2.57239
k141_7468	7831	4.56985	4.56985	3.42276
k141_1249	519	2.98645	2.98645	0.252533
k141_1250	318	1.75595	1.75595	0.185593
k141_5495	2867	5.36732	5.36732	5.09404
k141_7469	395	1.85306	1.85306	0.511107
k141_5496	341	2.28796	2.28796	0.953483
k141_1251	555	3.09136	3.09136	0.439652
k141_5497	635	1.86186	1.86186	0.396166
k141_5498	1263	4.40072	4.40072	4.75292
k141_5499	350	1.51	1.51	0.251156
k141_1252	2696	4.9619	4.9619	2.72115
k141_7470	3579	3.87781	3.87781	2.00172
k141_1253	666	3.06783	3.06783	1.30218
k141_1254	372	1.36486	1.36486	0.232787
k141_7472	445	1.79322	1.79322	0.579544
k141_1255	455	2.94426	2.94426	0.500173
k141_1256	356	1.96117	1.96117	0.417997
k141_1257	783	3.90363	3.90363	2.60303
k141_5500	3729	5.20844	5.20844	4.30587
k141_7473	2530	4.22143	4.22143	2.33467
k141_3351	9947	8.28509	8.28509	8.59847
k141_5501	1070	4.95435	4.95435	2.8184
k141_3352	319	3.08876	3.08876	0.295646
k141_5502	592	3.46833	3.46833	1.11578
k141_1258	3033	5.16233	5.16233	5.03607
k141_7474	1844	5.82645	5.82645	5.36622
k141_5503	789	5.52426	5.52426	4.3125
k141_3353	1532	4.75832	4.75832	3.63892
k141_5504	395	1.61633	1.61633	0.335798
k141_7475	1013	4.38239	4.38239	2.94409
k141_1259	1224	4.43855	4.43855	1.81216
k141_7476	301	4.25828	4.25828	1.13952
k141_5505	329	1.67598	1.67598	0.220263
k141_1260	373	1.97309	1.97309	0.530805
k141_1261	490	2.32353	2.32353	0.431894
k141_1262	307	3.57325	3.57325	1.64364
k141_3354	1433	3.26656	3.26656	2.23622
k141_3355	540	3.26923	3.26923	0.577716
k141_3356	497	1.60519	1.60519	0.256967
k141_7477	2108	4.68999	4.68999	2.75362
k141_1263	1721	4.0923	4.0923	4.33984
k141_7478	322	2.24419	2.24419	0.618387
k141_1264	240	5	5	0
k141_1265	341	3.46597	3.46597	0.439624
k141_7479	343	1.56995	1.56995	0.246384
k141_3357	1503	4.35772	4.35772	2.67371
k141_3358	376	2.34513	2.34513	0.262576
k141_7480	475	2.19077	2.19077	0.562261
k141_1266	1049	5.94994	5.94994	9.33265
k141_1267	458	2.33766	2.33766	0.452387
k141_7481	427	3.50181	3.50181	0.482787
k141_1268	310	2.38125	2.38125	0.237382
k141_3359	721	1.85289	1.85289	0.287092
k141_7482	1002	4.48944	4.48944	2.96462
k141_3360	1061	3.41712	3.41712	1.56208
k141_7483	683	2.68293	2.68293	1.69815
k141_1269	1859	3.1691	3.1691	3.00594
k141_5506	5065	4.79369	4.79369	3.80078
k141_7484	395	1.23673	1.23673	0.181432
k141_3361	1015	3.49942	3.49942	1.2526
k141_3362	307	3.43949	3.43949	0.747918
k141_5507	577	3.14052	3.14052	1.19148
k141_5508	382	2.47414	2.47414	0.259069
k141_1270	1665	4.63366	4.63366	2.90866
k141_3363	1343	4.48449	4.48449	2.24829
k141_3364	462	1.9391	1.9391	0.578273
k141_3365	324	3.27586	3.27586	0.489934
k141_1271	1236	5.53499	5.53499	4.90707
k141_7485	2555	4.5106	4.5106	3.97712
k141_3366	410	2.32692	2.32692	0.715104
k141_7486	330	2.44444	2.44444	0.27064
k141_3367	329	2.21788	2.21788	0.373611
k141_7487	445	3.70847	3.70847	2.15282
k141_7488	426	2.19203	2.19203	0.795718
k141_5509	2672	4.78033	4.78033	2.72605
k141_5510	559	3.14425	3.14425	0.471788
k141_1272	2037	3.74139	3.74139	2.49614
k141_7489	1317	3.37018	3.37018	2.48381
k141_3368	2045	4.16095	4.16095	4.81729
k141_3369	347	2.63959	2.63959	1.52761
k141_7490	1557	3.71713	3.71713	1.99246
k141_7491	328	1.48876	1.48876	0.251286
k141_1273	2251	3.81437	3.81437	2.19505
k141_5511	3199	3.97999	3.97999	2.27949
k141_5512	363	2.69484	2.69484	0.43002
k141_5513	343	2.53368	2.53368	0.666827
k141_1274	888	3.07859	3.07859	1.02773
k141_1275	415	3.36981	3.36981	0.786965
k141_5514	752	3.24419	3.24419	0.867066
k141_1276	1056	2.61369	2.61369	0.77877
k141_3370	3865	4.04576	4.04576	3.87295
k141_3371	1180	4.31456	4.31456	2.24108
k141_5515	1798	6.2591	6.2591	4.14712
k141_3372	416	2.39474	2.39474	0.458688
k141_5516	710	2.55357	2.55357	1.23505
k141_5517	331	0.41989	0.41989	0.244936
k141_3373	609	3.84749	3.84749	2.59678
k141_3374	543	5.10687	5.10687	3.0804
k141_1277	2667	5.55463	5.55463	4.1374
k141_5518	1733	5.4921	5.4921	4.81268
k141_5519	530	4.02105	4.02105	0.638077
k141_5520	556	2.04926	2.04926	0.614851
k141_1278	2485	4.09336	4.09336	2.89961
k141_5521	1090	4.91809	4.91809	6.13494
k141_7492	8081	5.61203	5.61203	4.59697
k141_7493	818	5.40269	5.40269	2.48077
k141_5522	1291	4.18405	4.18405	1.86784
k141_3375	4111	4.42767	4.42767	3.08978
k141_7494	612	5.69264	5.69264	6.71228
k141_7495	304	1.83766	1.83766	0.136873
k141_5523	425	1.68	1.68	0.576059
k141_1279	1776	4.59041	4.59041	3.19212
k141_7496	1056	4.01987	4.01987	1.92225
k141_1280	943	4.07566	4.07566	0.885682
k141_1281	388	1.81933	1.81933	0.148654
k141_3376	1738	4.19836	4.19836	3.02867
k141_1282	514	6.11538	6.11538	10.3117
k141_7497	2207	4.58337	4.58337	2.90461
k141_3377	1709	3.72867	3.72867	1.48282
k141_3378	414	2.07576	2.07576	0.214771
k141_7498	496	2.74855	2.74855	1.75978
k141_1283	1518	4.48684	4.48684	3.00933
k141_3379	425	2.26182	2.26182	0.551638
k141_1284	869	2.88456	2.88456	2.52844
k141_7499	1182	4.29651	4.29651	2.00316
k141_1285	434	2.37324	2.37324	1.41497
k141_5524	5476	6.29816	6.29816	6.8617
k141_7500	632	4.14938	4.14938	1.75311
k141_1286	615	2.32688	2.32688	1.51792
k141_7501	1745	3.12226	3.12226	1.26922
k141_3380	4562	5.4413	5.4413	4.61204
k141_1287	1931	4.51881	4.51881	2.20368
k141_3381	370	4.52727	4.52727	0.588295
k141_5525	2854	4.50518	4.50518	3.35552
k141_3382	338	4.87234	4.87234	1.65206
k141_1288	452	1.50331	1.50331	0.250819
k141_3383	381	5.35931	5.35931	1.98773
k141_1289	484	2.86527	2.86527	0.62744
k141_1290	443	3.08874	3.08874	2.04005
k141_5526	1738	6.19773	6.19773	5.04719
k141_1291	1000	3.16	3.16	1.42785
k141_5527	428	2.46763	2.46763	0.408696
k141_7502	2962	4.55832	4.55832	2.17911
k141_5528	335	3.3027	3.3027	0.353525
k141_5529	301	2.76159	2.76159	0.222781
k141_1292	829	3.78056	3.78056	4.62288
k141_1293	344	1.56186	1.56186	0.247449
k141_1294	508	2.35475	2.35475	0.705733
k141_1295	333	4.68306	4.68306	1.55834
k141_3384	4628	3.80907	3.80907	2.8218
k141_1296	2293	4.937	4.937	5.41382
k141_5530	4143	5.0268	5.0268	2.56418
k141_3385	1618	4.78202	4.78202	3.76158
k141_7503	4611	4.54719	4.54719	3.94873
k141_3386	379	2.39738	2.39738	0.758063
k141_5531	728	5.92734	5.92734	3.01031
k141_1297	1711	4.15311	4.15311	2.21694
k141_3387	754	3.11755	3.11755	1.58649
k141_7504	1131	4.98675	4.98675	3.00697
k141_7505	380	1.31739	1.31739	0.2176
k141_7506	320	3.65294	3.65294	0.867002
k141_7507	324	2.14368	2.14368	0.470567
k141_3388	1142	3.53226	3.53226	1.35316
k141_7508	540	3.92308	3.92308	0.400239
k141_1298	1584	4.63738	4.63738	2.78396
k141_7509	232	1	1	0
k141_1299	455	3.30164	3.30164	0.638978
k141_5532	2100	3.67282	3.67282	1.46805
k141_7510	350	2.145	2.145	0.124598
k141_3389	907	4.84412	4.84412	2.64233
k141_5533	530	2.87895	2.87895	1.87449
k141_7511	520	3.89189	3.89189	3.30535
k141_3390	361	4.05687	4.05687	0.911037
k141_5534	358	1.45673	1.45673	0.249327
k141_1300	1665	3.87987	3.87987	5.15335
k141_5535	1113	4.69886	4.69886	3.84889
k141_3391	1715	4.45112	4.45112	2.98179
k141_3392	714	2.20035	2.20035	0.640068
k141_1301	1406	4.05494	4.05494	2.67821
k141_5536	1557	2.88202	2.88202	1.03301
k141_5537	354	1.88725	1.88725	0.455206
k141_1302	752	3.26578	3.26578	0.541555
k141_1303	317	2.08982	2.08982	0.166583
k141_7512	3611	4.20485	4.20485	2.78666
k141_3393	1401	3.41007	3.41007	2.17331
k141_3394	449	3.25084	3.25084	1.20869
k141_3395	520	3.66216	3.66216	0.603715
k141_3396	401	1.01594	1.01594	0.103745
k141_5538	2517	5.78454	5.78454	2.62475
k141_3397	679	4.38752	4.38752	0.673405
k141_1304	2721	4.85725	4.85725	4.50608
k141_3398	435	1.4386	1.4386	0.247097
k141_1305	447	1.83838	1.83838	0.358929
k141_5539	794	3.64286	3.64286	1.52389
k141_7513	3114	4.29251	4.29251	2.52354
k141_7514	306	1.82692	1.82692	0.221464
k141_1306	2408	4.74579	4.74579	4.16134
k141_1307	1368	3.81773	3.81773	2.46633
k141_3399	3780	5.73085	5.73085	4.0612
k141_7515	3480	5.08468	5.08468	3.63779
k141_1308	645	5.3798	5.3798	3.32914
k141_5540	6011	4.83348	4.83348	3.69849
k141_5541	495	3.94493	3.94493	3.15684
k141_3400	2732	3.84895	3.84895	3.88261
k141_7516	2795	4.47826	4.47826	2.79121
k141_5542	410	3.06154	3.06154	1.00778
k141_5543	313	2.62577	2.62577	0.235628
k141_3401	1029	3.84642	3.84642	1.46727
k141_1309	3616	4.6708	4.6708	3.33032
k141_5544	1112	3.41476	3.41476	1.74351
k141_5545	431	1.52313	1.52313	0.250355
k141_5546	906	5.80688	5.80688	1.64742
k141_7517	2684	5.01144	5.01144	3.68445
k141_5547	402	1.63492	1.63492	0.296465
k141_1310	1882	4.37587	4.37587	2.48083
k141_5548	383	2.02575	2.02575	0.387265
k141_3402	2480	3.86695	3.86695	1.98661
k141_5549	362	1.95283	1.95283	0.0451578
k141_7518	782	4.51266	4.51266	2.95071
k141_3403	302	2.27632	2.27632	0.20129
k141_5550	353	1.49261	1.49261	0.251183
k141_5551	438	2.52778	2.52778	0.807587
k141_3404	625	2.17474	2.17474	0.617082
k141_3405	1143	5.32125	5.32125	4.30698
k141_7519	1644	3.28046	3.28046	1.66475
k141_7520	392	2.23141	2.23141	0.220088
k141_3406	770	3.16774	3.16774	1.10914
k141_3407	340	1.19474	1.19474	0.45394
k141_5552	2372	4.42799	4.42799	3.33451
k141_3408	438	1.75347	1.75347	0.465144
k141_5553	585	2.68046	2.68046	2.31471
k141_5554	312	1.35185	1.35185	0.428227
k141_5555	449	1.48161	1.48161	0.250499
k141_7521	2159	5.25386	5.25386	4.0182
k141_7522	336	2.98925	2.98925	0.324208
k141_1311	4962	4.33375	4.33375	3.36443
k141_5556	1134	5.21138	5.21138	3.60532
k141_1312	466	3.31013	3.31013	1.05272
k141_5557	312	0.938272	0.938272	0.0582775
k141_5558	364	1.52336	1.52336	0.278794
k141_1313	335	2.30811	2.30811	1.35564
k141_7523	1086	5.45192	5.45192	3.88431
k141_7524	567	2.58993	2.58993	1.58384
k141_7525	332	3.03297	3.03297	0.562443
k141_7526	310	2.6	2.6	0.24151
k141_5559	1401	4.89688	4.89688	3.33099
k141_5560	349	2.17085	2.17085	0.142379
k141_7527	984	4.22422	4.22422	1.45866
k141_1314	2056	3.89087	3.89087	2.72925
k141_5561	1267	3.49508	3.49508	1.68568
k141_1315	685	2.41682	2.41682	0.928927
k141_3409	5161	5.32788	5.32788	5.8764
k141_7528	899	3.96262	3.96262	1.7633
k141_3410	327	2.67797	2.67797	0.219569
k141_1316	935	5.50828	5.50828	2.74514
k141_7529	963	4.75523	4.75523	4.20724
k141_5562	1673	4.70716	4.70716	5.68291
k141_3411	1673	3.86868	3.86868	2.79876
k141_5563	932	2.42199	2.42199	1.00736
k141_5564	496	3.99422	3.99422	3.63476
k141_5565	566	2.0024	2.0024	0.359031
k141_7530	1772	4.60912	4.60912	5.03038
k141_5566	429	3.3405	3.3405	1.0599
k141_3412	2004	3.63916	3.63916	2.19187
k141_5567	1414	3.70728	3.70728	2.32438
k141_5568	497	3.66859	3.66859	0.973663
k141_5569	428	3.59353	3.59353	0.733101
k141_5570	391	3.03734	3.03734	0.59443
k141_3413	2126	5.27227	5.27227	4.39773
k141_7531	2328	5.47199	5.47199	6.86663
k141_7532	351	0.378109	0.378109	0.236319
k141_1317	5405	5.08221	5.08221	5.09717
k141_5571	887	3.68928	3.68928	2.25794
k141_1318	357	1.72947	1.72947	0.421604
k141_3414	865	5.5035	5.5035	1.9226
k141_5572	427	1.52708	1.52708	0.25017
k141_1319	353	0.374384	0.374384	0.23538
k141_5573	440	2.73793	2.73793	0.747691
k141_7533	966	3.77083	3.77083	1.81858
k141_5574	339	1.20106	1.20106	0.406169
k141_5575	658	2.40157	2.40157	1.71219
k141_7534	796	3.69505	3.69505	1.41849
k141_5576	349	1.52261	1.52261	0.250749
k141_7535	462	2.67308	2.67308	0.780237
k141_3415	1757	5.97635	5.97635	4.14513
k141_5577	692	2.95941	2.95941	1.24049
k141_7536	775	1.936	1.936	0.688204
k141_7537	381	1.06926	1.06926	0.0908334
k141_7538	296	3.89726	3.89726	2.5204
k141_1320	2775	4.86971	4.86971	3.28408
k141_5578	997	4.2196	4.2196	2.76733
k141_5579	410	4.06923	4.06923	4.36584
k141_7539	784	2.33754	2.33754	0.751604
k141_3416	1735	5.44606	5.44606	4.34194
k141_5580	643	1.73022	1.73022	0.372195
k141_3417	1046	3.10603	3.10603	1.15634
k141_3418	421	1.3321	1.3321	0.222633
k141_3419	445	4.27458	4.27458	1.21347
k141_1321	2396	4.99599	4.99599	4.06992
k141_3420	352	1.4901	1.4901	0.251145
k141_7540	2195	3.61516	3.61516	2.66446
k141_3421	618	5.97222	5.97222	1.52599
k141_5581	2284	4.27741	4.27741	2.98817
k141_7541	642	2.2378	2.2378	0.694862
k141_7542	450	4.20667	4.20667	0.82671
k141_7543	421	3.50923	3.50923	0.561951
k141_1322	1631	3.86361	3.86361	0.9976
k141_3422	1416	3.7733	3.7733	2.14224
k141_1323	497	2.10375	2.10375	0.457413
k141_7544	753	3.96186	3.96186	0.658012
k141_7545	368	4.92202	4.92202	3.19666
k141_5582	2204	3.59007	3.59007	2.08319
k141_1324	1149	5.5976	5.5976	3.27881
k141_5583	783	4.1485	4.1485	3.40198
k141_7546	1455	2.95785	2.95785	1.00666
k141_3423	3359	4.59177	4.59177	3.92504
k141_5584	1713	4.71977	4.71977	3.88939
k141_7547	1920	5.90452	5.90452	8.74095
k141_3424	548	3.36935	3.36935	0.440063
k141_7548	329	1.17877	1.17877	0.158873
k141_3425	392	2.22727	2.22727	0.217841
k141_7549	389	2.91213	2.91213	0.425021
k141_3426	310	1.375	1.375	0.437107
k141_3427	366	1.15741	1.15741	0.133247
k141_1325	3766	4.125	4.125	3.22642
k141_7550	485	3.73134	3.73134	2.05934
k141_7551	595	4.09663	4.09663	2.77667
k141_1326	674	5.52672	5.52672	5.06811
k141_1327	423	1.98901	1.98901	0.430026
k141_1328	408	1.62403	1.62403	0.328914
k141_7552	829	4.53608	4.53608	2.54108
k141_5585	2826	5.11771	5.11771	2.54802
k141_3428	2155	4.02643	4.02643	5.38304
k141_5586	1547	3.89406	3.89406	2.33403
k141_3429	1391	4.54875	4.54875	3.2091
k141_7553	2103	4.74501	4.74501	4.52919
k141_5587	565	2.79518	2.79518	0.863747
k141_3430	431	2.56228	2.56228	0.882718
k141_7554	433	3.04947	3.04947	0.408893
k141_3431	369	2.44292	2.44292	0.247874
k141_5588	591	3.161	3.161	1.55357
k141_5589	349	3	3	2.32323
k141_5590	578	2.65421	2.65421	0.568668
k141_3432	964	3.543	3.543	1.76384
k141_5591	318	1.77381	1.77381	0.176076
k141_1329	3757	3.90851	3.90851	3.19188
k141_3433	414	1.2197	1.2197	0.172082
k141_1330	410	3.11154	3.11154	0.501026
k141_5592	629	3.00626	3.00626	0.654773
k141_7555	1704	4.9009	4.9009	3.93994
k141_5593	344	1.5567	1.5567	0.248064
k141_5594	1140	3.1596	3.1596	0.98765
k141_1331	1804	4.37303	4.37303	4.51351
k141_3434	2139	3.83258	3.83258	2.47045
k141_3435	320	1.45882	1.45882	0.249774
k141_3436	437	3.5122	3.5122	1.4745
k141_1332	750	3.35833	3.35833	2.98157
k141_3437	304	1.87662	1.87662	0.108862
k141_7556	2561	3.85815	3.85815	2.67441
k141_3438	690	3.16296	3.16296	1.43907
k141_7557	675	3.63429	3.63429	0.942334
k141_3439	318	2.91667	2.91667	1.2984
k141_7558	251	8.74257	8.74257	0.233069
k141_7559	370	2.65	2.65	0.639498
k141_1333	1597	5.08293	5.08293	3.44263
k141_7560	303	1.88889	1.88889	0.0994152
k141_5595	2774	4.72409	4.72409	5.9223
k141_5596	334	1.75	1.75	0.494536
k141_3440	1467	5.62946	5.62946	7.05403
k141_5597	824	4.32641	4.32641	2.56196
k141_3441	384	2.9359	2.9359	0.789864
k141_3442	338	1.57979	1.57979	0.244937
k141_7561	1549	4.5847	4.5847	2.84528
k141_3443	324	1.38506	1.38506	0.342204
k141_1334	1696	4.68952	4.68952	2.96115
k141_5598	640	2.24898	2.24898	0.776326
k141_5599	327	1.65537	1.65537	0.227144
k141_1335	339	1.60317	1.60317	0.240628
k141_3444	474	2.12963	2.12963	0.719986
k141_1336	319	2.78106	2.78106	1.82679
k141_1337	467	2.64984	2.64984	0.373838
k141_5600	766	2.11364	2.11364	0.835851
k141_3445	832	5.28739	5.28739	5.3916
k141_1338	748	5.41472	5.41472	2.92655
k141_7562	1718	4.41582	4.41582	1.44153
k141_7563	649	4.27856	4.27856	1.92828
k141_5601	1474	5.6065	5.6065	4.02267
k141_1339	971	4.61632	4.61632	4.89773
k141_5602	327	6.22034	6.22034	1.5364
k141_7564	401	3.23904	3.23904	0.910631
k141_7565	427	1.88809	1.88809	0.288155
k141_7566	320	1.71176	1.71176	0.20637
k141_5603	1872	3.6324	3.6324	2.0362
k141_1340	1940	5.07989	5.07989	2.8606
k141_3446	3344	5.03882	5.03882	3.94467
k141_5604	302	2.72368	2.72368	0.20129
k141_3447	1171	4.96278	4.96278	5.38882
k141_3448	384	1.81197	1.81197	0.505263
k141_3449	335	3.47568	3.47568	0.772503
k141_3450	660	2.99412	2.99412	0.941026
k141_1341	2819	4.6864	4.6864	2.07667
k141_7567	4187	4.7456	4.7456	3.56135
k141_3451	1233	3.43583	3.43583	1.17956
k141_1342	852	3.63533	3.63533	1.41889
k141_7568	1153	4.03689	4.03689	2.34893
k141_7569	425	2.17818	2.17818	0.256456
k141_5605	4392	5.66266	5.66266	4.05859
k141_1343	1289	4.37577	4.37577	5.48259
k141_3452	1546	4.55802	4.55802	2.44609
k141_3453	443	2.14334	2.14334	0.70541
k141_3454	841	5.47757	5.47757	6.10782
k141_7570	1838	4.31635	4.31635	2.88743
k141_7571	384	3.68803	3.68803	0.601829
k141_7572	354	2.94608	2.94608	0.524172
k141_7573	650	4.108	4.108	0.838009
k141_3455	1565	5.11025	5.11025	4.90296
k141_7574	1792	3.88672	3.88672	1.68249
k141_3456	2035	4.93528	4.93528	5.9406
k141_3457	625	3.76632	3.76632	1.8208
k141_3458	600	3.61333	3.61333	0.790025
k141_1344	5697	5.00324	5.00324	3.72844
k141_3459	468	2.61006	2.61006	0.554095
k141_7575	2667	4.69368	4.69368	4.18315
k141_5606	6786	5.35096	5.35096	5.15527
k141_3460	1486	3.40569	3.40569	2.85853
k141_3461	692	4.63653	4.63653	2.61626
k141_3462	456	3.98366	3.98366	3.73417
k141_5607	2007	3.7259	3.7259	2.49325
k141_5608	381	3.07792	3.07792	0.941729
k141_5609	468	2.39623	2.39623	0.643773
k141_5610	489	1.86431	1.86431	0.437155
k141_1345	4163	5.05981	5.05981	3.47499
k141_5611	842	4.14306	4.14306	3.36447
k141_3463	3271	5.28645	5.28645	6.92372
k141_7576	4944	5.11035	5.11035	4.67588
k141_3464	931	2.59667	2.59667	1.52815
k141_3465	308	1.34177	1.34177	0.506652
k141_3466	375	3.72444	3.72444	1.2273
k141_3467	379	1.11354	1.11354	0.539685
k141_7577	2479	4.64277	4.64277	4.0957
k141_7578	1029	4.13197	4.13197	1.82995
k141_1346	4800	4.2172	4.2172	3.35562
k141_7579	493	1.7551	1.7551	1.63576
k141_3468	2529	4.53174	4.53174	2.85883
k141_3469	361	1.4218	1.4218	0.245046
k141_5612	5698	5.06903	5.06903	2.99845
k141_5613	421	2.16974	2.16974	0.200711
k141_3470	1552	4.08131	4.08131	3.84348
k141_1347	2696	4.26316	4.26316	4.48638
k141_7580	2273	4.07584	4.07584	3.07108
k141_1348	379	5.62445	5.62445	1.24431
k141_7581	426	3.76087	3.76087	0.458973
k141_1349	993	2.96085	2.96085	2.83814
k141_3471	2234	4.60413	4.60413	5.08317
k141_5614	3467	4.12029	4.12029	2.15471
k141_1350	911	2.58476	2.58476	1.62734
k141_5615	309	0.90566	0.90566	0.0859804
k141_1351	503	1.6289	1.6289	0.387459
k141_5616	1386	3.70712	3.70712	3.10121
k141_3472	2566	4.98262	4.98262	3.93178
k141_5617	717	4.35626	4.35626	1.51243
k141_5618	391	2.78008	2.78008	0.805603
k141_5619	369	2.59817	2.59817	0.553391
k141_3473	1093	2.99046	2.99046	0.744065
k141_1352	2205	4.33917	4.33917	3.12495
k141_3474	360	1.85238	1.85238	0.442219
k141_5621	771	1.83575	1.83575	0.369751
k141_3475	328	2.38764	2.38764	0.238716
k141_3476	397	2.31984	2.31984	0.421679
k141_7582	5873	4.71763	4.71763	4.70636
k141_5622	731	4.45095	4.45095	2.00319
k141_3477	375	3.15111	3.15111	2.28956
k141_1353	1050	3.54667	3.54667	1.36935
k141_7583	382	0.978448	0.978448	0.228971
k141_7584	400	2.7	2.7	0.676705
k141_7585	426	2.56884	2.56884	0.915243
k141_1354	675	2.6019	2.6019	0.404194
k141_1355	452	1.65563	1.65563	0.379353
k141_1356	707	1.64093	1.64093	0.475155
k141_1357	1303	5.9974	5.9974	4.24914
k141_5623	3505	5.32876	5.32876	5.64593
k141_7586	2496	4.72293	4.72293	3.46941
k141_5624	315	5.38182	5.38182	0.981375
k141_7587	1494	4.66071	4.66071	4.68894
k141_7588	891	4.61673	4.61673	2.81777
k141_7589	427	2.83755	2.83755	0.187281
k141_5625	2446	4.41507	4.41507	3.70608
k141_5626	301	3.60265	3.60265	0.867725
k141_7590	412	1.72519	1.72519	0.200052
k141_5627	378	1.32895	1.32895	0.221713
k141_7591	351	1.50249	1.50249	0.251244
k141_7592	367	4.43318	4.43318	2.98741
k141_7593	571	3.67458	3.67458	3.08671
k141_1358	4191	4.51373	4.51373	3.74735
k141_3478	7764	4.85014	4.85014	3.24805
k141_5628	1698	4.59561	4.59561	3.00119
k141_5629	406	1.63672	1.63672	0.404764
k141_1359	1477	4.44913	4.44913	2.67142
k141_3479	1273	3.66429	3.66429	2.49947
k141_7594	2356	4.1165	4.1165	2.70433
k141_3480	393	2.07819	2.07819	0.576505
k141_7595	311	0.47205	0.47205	0.250777
k141_3481	354	2.45098	2.45098	0.317782
k141_7596	535	3.97662	3.97662	3.08539
k141_3482	731	4.03098	4.03098	2.45766
k141_1360	2110	4.88571	4.88571	2.60361
k141_5630	2468	5.33218	5.33218	4.35575
k141_1361	631	2.45114	2.45114	0.97729
k141_5631	629	2.28184	2.28184	0.441323
k141_3483	1247	4.89243	4.89243	3.64534
k141_5632	796	4.67492	4.67492	2.02751
k141_3484	740	3.72542	3.72542	1.25895
k141_3485	339	2.44444	2.44444	0.695036
k141_1362	1485	3.98427	3.98427	2.64367
k141_5633	1186	4.57046	4.57046	3.57087
k141_5634	309	0.861635	0.861635	0.119975
k141_5635	514	2.06868	2.06868	0.262487
k141_5636	304	1.76623	1.76623	0.180291
k141_5637	332	3.04396	3.04396	0.362697
k141_7597	4768	5.73733	5.73733	5.04563
k141_7598	324	2.37356	2.37356	0.397216
k141_1363	1853	4.37522	4.37522	3.73748
k141_7599	372	1.36486	1.36486	0.232787
k141_5638	692	3.58303	3.58303	1.52637
k141_3486	2553	4.83978	4.83978	3.69746
k141_1364	589	3.15262	3.15262	3.77346
k141_1365	436	1.9965	1.9965	0.214022
k141_1366	320	2.74706	2.74706	1.14866
k141_7600	1179	5.48396	5.48396	6.87061
k141_3487	1058	3.69273	3.69273	2.29688
k141_1367	713	4.30018	4.30018	1.54852
k141_3488	448	4.27517	4.27517	0.651299
k141_3489	351	2.45274	2.45274	0.259005
k141_1368	977	2.55865	2.55865	1.38488
k141_3490	600	3.21333	3.21333	0.591361
k141_1369	381	1.90476	1.90476	0.173499
k141_3491	537	1.93023	1.93023	0.515844
k141_1370	468	3.7044	3.7044	1.31929
k141_3492	727	5.31369	5.31369	1.85455
k141_7601	2676	5.27435	5.27435	2.55797
k141_1371	979	4.08082	4.08082	1.96086
k141_7602	455	1.79672	1.79672	0.399331
k141_7603	544	2.55076	2.55076	0.548309
k141_3493	1703	3.16162	3.16162	1.67038
k141_1372	1263	4.84996	4.84996	2.54311
k141_5639	5155	4.44895	4.44895	3.00195
k141_3494	528	1.96032	1.96032	0.298155
k141_7604	844	3.87176	3.87176	0.634323
k141_5640	463	2.10543	2.10543	0.261285
k141_3495	319	1.61538	1.61538	0.238095
k141_1373	680	3.46226	3.46226	1.65169
k141_1374	324	3.63793	3.63793	0.683177
k141_1375	388	2.55462	2.55462	1.0835
k141_5641	704	4.44585	4.44585	1.44101
k141_3496	744	2.34175	2.34175	0.562602
k141_1376	502	4.25	4.25	2.5698
k141_3497	507	1.91597	1.91597	1.12213
k141_3498	719	5.6116	5.6116	2.86472
k141_1377	1418	5.3052	5.3052	3.10569
k141_7605	2578	4.75947	4.75947	3.78471
k141_1378	364	1.84112	1.84112	0.340837
k141_7606	327	2.54237	2.54237	0.351888
k141_3499	1483	5.76219	5.76219	7.96519
k141_3500	488	5.10651	5.10651	1.76311
k141_3501	329	1.68715	1.68715	0.216182
k141_7607	1691	3.96301	3.96301	3.18631
k141_7608	346	2.96939	2.96939	0.993931
k141_3502	1060	4.15165	4.15165	5.10127
k141_1379	2260	4.17251	4.17251	4.27083
k141_7609	486	2.11905	2.11905	1.73504
k141_1380	303	2.52288	2.52288	0.30375
k141_7610	355	2.61463	2.61463	0.532138
k141_7611	1147	2.84855	2.84855	1.67683
k141_1381	1164	3.3787	3.3787	2.41715
k141_3503	2319	4.27063	4.27063	3.29158
k141_7612	801	5.16743	5.16743	4.97961
k141_1382	1258	3.58755	3.58755	2.43226
k141_3504	519	4.66667	4.66667	2.2337
k141_5642	6808	5.00406	5.00406	4.05479
k141_3505	851	3.63766	3.63766	1.62281
k141_5643	2603	4.10029	4.10029	4.06335
k141_5644	415	2.06792	2.06792	0.502944
k141_5645	850	2.7	2.7	1.1917
k141_5646	379	1.97817	1.97817	0.240749
k141_3506	3341	5.42871	5.42871	3.37341
k141_7613	4834	4.44641	4.44641	2.8746
k141_3507	316	1.81928	1.81928	0.148959
k141_1383	4868	5.01314	5.01314	4.61627
k141_3508	343	1.89119	1.89119	0.264141
k141_7614	572	1.71564	1.71564	0.470017
k141_3509	391	1.87552	1.87552	0.23444
k141_7615	417	1.58427	1.58427	0.980652
k141_3510	338	3.96277	3.96277	0.955825
k141_3511	397	2.33198	2.33198	0.222672
k141_1384	1133	2.90437	2.90437	1.28413
k141_1385	595	2.53708	2.53708	1.33026
k141_5647	2631	4.35591	4.35591	3.29626
k141_3512	1158	3.93651	3.93651	3.07638
k141_3513	310	2.30625	2.30625	0.578577
k141_3514	331	1.67403	1.67403	0.220933
k141_3515	417	1.93258	1.93258	0.439047
k141_1386	1372	4.40507	4.40507	3.21905
k141_3516	383	1.7897	1.7897	0.339205
k141_3517	732	5.41581	5.41581	2.37758
k141_3518	517	1.83924	1.83924	0.594303
k141_7616	3779	5.00386	5.00386	3.96521
k141_7617	337	6.66845	6.66845	1.42712
k141_3519	1108	3.90814	3.90814	1.4231
k141_3520	349	1.99497	1.99497	0.227248
k141_3521	829	4.32253	4.32253	2.7085
k141_5648	4682	4.76125	4.76125	4.7048
k141_3522	2813	5.0353	5.0353	3.16329
k141_7618	4061	5.42956	5.42956	2.9704
k141_5649	2303	3.65444	3.65444	1.76063
k141_3523	718	2.98944	2.98944	0.973434
k141_7619	852	3.88319	3.88319	4.01487
k141_5650	680	2.56226	2.56226	1.03297
k141_7620	506	1.64888	1.64888	0.228478
k141_5651	812	5.05438	5.05438	3.1589
k141_5652	1233	4.80794	4.80794	2.19228
k141_7621	2373	6.16014	6.16014	3.25337
k141_1387	9667	4.85836	4.85836	4.6552
k141_1388	631	2.35343	2.35343	0.578991
k141_1389	374	2.29911	2.29911	0.309236
k141_7622	1557	5.11443	5.11443	5.12707
k141_1390	491	3.04692	3.04692	1.49191
k141_7623	732	2.64777	2.64777	1.874
k141_5653	2808	5.05418	5.05418	4.29814
k141_5654	313	1.60123	1.60123	0.241233
k141_5655	303	4.4183	4.4183	0.96861
k141_5656	375	1.34667	1.34667	0.2275
k141_1391	1740	4.96792	4.96792	4.22992
k141_3524	6755	4.09538	4.09538	3.54269
k141_1392	814	3.69277	3.69277	1.30214
k141_3525	393	2.33333	2.33333	0.876032
k141_1393	352	4.51485	4.51485	0.907739
k141_7624	2709	4.82298	4.82298	3.1629
k141_3526	988	4.31504	4.31504	1.91975
k141_5657	2198	4.35938	4.35938	4.11294
k141_3527	682	3.91917	3.91917	2.54525
k141_5658	338	2.24468	2.24468	0.1858
k141_1394	1866	4.39452	4.39452	2.83029
k141_3528	428	2.54317	2.54317	0.299573
k141_7625	1870	4.39128	4.39128	4.66766
k141_5659	1122	4.68416	4.68416	4.97224
k141_3529	1056	3.80795	3.80795	3.3045
k141_5660	404	1.7874	1.7874	0.168062
k141_5661	796	3.4613	3.4613	1.55741
k141_5662	403	2.87352	2.87352	0.182351
k141_1395	2458	5.31759	5.31759	4.9537
k141_3530	1954	4.42184	4.42184	5.62941
k141_5663	1290	5.29211	5.29211	4.10685
k141_1396	1449	3.53811	3.53811	1.11623
k141_5664	902	4.50931	4.50931	1.91735
k141_5665	346	3.31633	3.31633	2.56609
k141_7626	3769	4.53385	4.53385	4.23458
k141_3531	1543	4.10768	4.10768	3.82174
k141_5666	489	1.33628	1.33628	0.223857
k141_3532	351	2.52736	2.52736	0.290497
k141_5667	458	3.41234	3.41234	0.738222
k141_5668	630	2.90625	2.90625	1.36698
k141_7627	1325	3.83234	3.83234	3.41396
k141_5669	307	2.07643	2.07643	0.135146
k141_7628	684	3.77528	3.77528	1.61545
k141_1397	2796	4.5873	4.5873	3.81526
k141_3533	2629	3.80718	3.80718	2.52778
k141_3534	667	3.73114	3.73114	1.90237
k141_1398	1484	4.22414	4.22414	1.84697
k141_3535	899	5.21762	5.21762	4.63842
k141_3536	341	2.8534	2.8534	0.588923
k141_5670	3304	5.01997	5.01997	4.08619
k141_3537	320	5.01176	5.01176	0.828262
k141_5671	437	2.3101	2.3101	0.396505
k141_1399	1758	5.23134	5.23134	2.33474
k141_5672	487	1.70326	1.70326	0.209304
k141_1400	391	2.3195	2.3195	0.534992
k141_5673	424	3.70803	3.70803	0.866823
k141_7629	3874	4.46563	4.46563	2.64106
k141_1401	399	2.16867	2.16867	0.229498
k141_5674	517	3.07629	3.07629	0.425857
k141_1402	481	4.51964	4.51964	1.68673
k141_7630	736	2.64164	2.64164	0.924352
k141_1403	398	3.6129	3.6129	2.93457
k141_5675	646	4.46169	4.46169	1.22277
k141_7631	319	1.78698	1.78698	0.168639
k141_5676	647	2.83501	2.83501	1.69853
k141_3538	2718	4.7648	4.7648	3.60343
k141_1404	1421	5.63257	5.63257	4.93179
k141_1405	340	7.53158	7.53158	1.30852
k141_5677	1274	5.29537	5.29537	3.2181
k141_3539	1918	3.82805	3.82805	3.12605
k141_1406	1852	5.4342	5.4342	3.02535
k141_3540	909	4.04743	4.04743	3.0083
k141_7632	3935	4.41982	4.41982	2.36838
k141_7633	501	1.89459	1.89459	0.385998
k141_7634	416	2.96617	2.96617	1.03659
k141_1407	1784	4.58201	4.58201	4.25937
k141_7635	509	4.66574	4.66574	1.42427
k141_3541	1469	5.27142	5.27142	1.75784
k141_1408	321	2.90643	2.90643	0.238253
k141_7636	557	4.77396	4.77396	1.3872
k141_7637	717	2.34392	2.34392	0.628864
k141_7638	376	4.70354	4.70354	1.77394
k141_3542	1556	4.70768	4.70768	2.02481
k141_3543	402	2.05952	2.05952	0.335088
k141_3544	372	2.01802	2.01802	0.280216
k141_3545	301	2.70861	2.70861	0.221193
k141_5678	5778	5.17768	5.17768	4.43146
k141_3546	595	4.9618	4.9618	6.34314
k141_7639	1946	3.35969	3.35969	1.28337
k141_5679	1014	5.76157	5.76157	4.79129
k141_7640	587	1.78032	1.78032	0.46998
k141_7641	480	1.37273	1.37273	0.234512
k141_3547	1509	4.64606	4.64606	4.21409
k141_5680	1008	3.35664	3.35664	1.80031
k141_7642	640	3.8551	3.8551	0.983052
k141_3548	299	2.07383	2.07383	0.636404
k141_1409	5035	5.25425	5.25425	2.94064
k141_5681	989	4.09416	4.09416	1.63194
k141_3549	747	3.13065	3.13065	0.553371
k141_5682	445	2.30847	2.30847	1.09159
k141_1410	554	3.34158	3.34158	0.845811
k141_7643	1264	4.06373	4.06373	3.01394
k141_1411	420	3.52963	3.52963	2.71102
k141_3550	963	5.27429	5.27429	3.22637
k141_5683	734	2.97089	2.97089	1.16725
k141_7644	753	3.51907	3.51907	1.71184
k141_1412	537	2.34367	2.34367	0.904901
k141_5684	405	3.8902	3.8902	4.15326
k141_7645	324	2.22414	2.22414	0.776062
k141_1413	347	2.39086	2.39086	0.535222
k141_3551	1020	3.82414	3.82414	3.9863
k141_1414	919	3.37451	3.37451	1.71633
k141_7646	1318	4.6387	4.6387	3.033
k141_3552	1221	4.11298	4.11298	2.69097
k141_1415	802	6.96472	6.96472	4.58092
k141_7647	1416	4.77962	4.77962	4.52133
k141_3553	1182	2.61531	2.61531	1.38924
k141_7648	309	1.62893	1.62893	0.234854
k141_1416	1533	5.11208	5.11208	5.39914
k141_3554	986	5.67584	5.67584	3.17744
k141_7649	1456	4.17152	4.17152	1.32842
k141_7650	597	2.08949	2.08949	0.404533
k141_3555	812	4.22357	4.22357	2.09821
k141_3556	494	2.65988	2.65988	2.65074
k141_7651	634	4.97521	4.97521	6.80682
k141_1417	2425	3.86637	3.86637	3.03932
k141_7652	918	2.72917	2.72917	0.627991
k141_1418	663	4.30799	4.30799	2.8737
k141_3557	1352	3.82529	3.82529	1.53814
k141_5685	6497	4.74539	4.74539	4.42239
k141_7653	1010	5.2093	5.2093	3.67442
k141_1419	815	4.90376	4.90376	1.77386
k141_1420	326	2.33523	2.33523	0.544123
k141_1421	684	3.33333	3.33333	0.70294
k141_3558	1745	4.70533	4.70533	2.68605
k141_5686	1939	5.26831	5.26831	2.49285
k141_7654	1969	4.55195	4.55195	3.46965
k141_3559	1136	5.07404	5.07404	2.51532
k141_5687	798	4.01543	4.01543	3.77101
k141_7655	609	3.94336	3.94336	3.07102
k141_7656	510	2.26389	2.26389	0.579192
k141_5688	809	5.52352	5.52352	1.72095
k141_1422	2402	4.23224	4.23224	2.59239
k141_3560	2526	4.11111	4.11111	2.60154
k141_1423	1837	4.04386	4.04386	3.96488
k141_1424	320	1.78235	1.78235	0.171285
k141_1425	925	5.29419	5.29419	3.82549
k141_1426	670	4.62692	4.62692	4.02623
k141_1427	354	1.11275	1.11275	0.218753
k141_5689	4171	4.6563	4.6563	2.78334
k141_5690	334	1.6413	1.6413	0.23129
k141_7657	5320	4.5913	4.5913	4.66455
k141_1428	1685	3.83844	3.83844	3.16028
k141_7658	852	3.18234	3.18234	1.47597
k141_5691	2058	6.16195	6.16195	5.39538
k141_7659	1690	5.20714	5.20714	2.80634
k141_7660	526	1.80585	1.80585	0.754205
k141_3561	6375	4.98378	4.98378	3.8242
k141_5692	1754	3.4682	3.4682	2.54482
k141_1429	2530	4.49412	4.49412	2.1828
k141_5693	413	1.92776	1.92776	0.441325
k141_3562	680	4.38113	4.38113	1.66165
k141_3563	326	2.36364	2.36364	0.232728
k141_7661	1157	3.06554	3.06554	0.942022
k141_5694	839	3.67779	3.67779	1.51813
k141_3564	573	2.14184	2.14184	0.690734
k141_7662	468	3.81761	3.81761	0.786818
k141_5695	402	5.04762	5.04762	1.07342
k141_7663	384	1.87607	1.87607	0.109039
k141_7664	657	2.32742	2.32742	0.532904
k141_3565	1717	5.19528	5.19528	3.26197
k141_1430	3184	4.65854	4.65854	3.72572
k141_3566	1355	3.14855	3.14855	2.3641
k141_3567	435	2.82807	2.82807	0.269632
k141_3568	371	2.34389	2.34389	0.97211
k141_7665	3444	3.68822	3.68822	2.51283
k141_3569	1222	5.70802	5.70802	3.93614
k141_3570	1283	4.16681	4.16681	2.48188
k141_5696	6417	5.11792	5.11792	3.3887
k141_3571	700	4.07636	4.07636	3.41492
k141_3572	433	3.58657	3.58657	2.47031
k141_5697	829	4.65685	4.65685	3.80683
k141_3573	1547	4.78812	4.78812	4.75447
k141_7666	3965	5.18716	5.18716	3.97807
k141_5698	1256	3.50271	3.50271	1.31267
k141_7667	611	3.06508	3.06508	1.83054
k141_1431	6908	4.27878	4.27878	3.59825
k141_7668	309	1.62893	1.62893	0.234853
k141_1432	316	4.72892	4.72892	0.635159
k141_3574	1205	4.94408	4.94408	4.27481
k141_7669	449	5.84281	5.84281	1.26044
k141_3575	384	1.81624	1.81624	0.330894
k141_1433	1437	6.22611	6.22611	6.46438
k141_7670	1965	5.78292	5.78292	3.46113
k141_5699	3526	5.16588	5.16588	2.79673
k141_7671	469	1.4232	1.4232	0.244869
k141_1434	2333	4.92167	4.92167	3.29404
k141_5700	616	3.74893	3.74893	2.22715
k141_1435	350	1.515	1.515	0.25103
k141_1436	313	2.41104	2.41104	0.292964
k141_1437	631	4.88773	4.88773	4.07488
k141_1438	1524	4.45415	4.45415	6.22474
k141_7672	3022	4.7211	4.7211	4.29099
k141_7673	404	4.41732	4.41732	2.33899
k141_7674	763	6.79282	6.79282	4.17107
k141_3576	7857	5.21202	5.21202	6.66082
k141_3577	304	1.68831	1.68831	0.215941
k141_7675	1839	4.22499	4.22499	3.70291
k141_3578	810	3.07424	3.07424	1.27673
k141_7676	407	2.31128	2.31128	1.1996
k141_5701	6178	4.79363	4.79363	4.30143
k141_1439	4204	5.37519	5.37519	3.93152
k141_3579	1250	4.86818	4.86818	3.81242
k141_5702	882	5.26913	5.26913	3.14361
k141_5703	369	1.96347	1.96347	0.0353566
k141_1440	1116	3.54244	3.54244	2.68369
k141_7677	2033	4.52045	4.52045	4.97123
k141_5704	2026	5.46162	5.46162	3.87851
k141_3580	2600	4.42694	4.42694	3.24027
k141_3581	383	2.01717	2.01717	0.499704
k141_3582	862	4.74438	4.74438	3.56891
k141_7678	2007	4.21432	4.21432	2.58549
k141_1441	3544	4.54861	4.54861	3.43959
k141_7679	855	3.80709	3.80709	1.82638
k141_7680	321	1.61404	1.61404	0.23839
k141_7681	467	1.7571	1.7571	0.355368
k141_3583	2205	4.90219	4.90219	2.29958
k141_3584	692	1.32657	1.32657	0.686137
k141_3585	379	1.52402	1.52402	0.250517
k141_3586	680	4.15283	4.15283	1.27906
k141_5705	4485	5.01453	5.01453	4.55417
k141_3587	395	1.96327	1.96327	0.48635
k141_5706	352	1.67327	1.67327	0.221073
k141_5707	359	1.89952	1.89952	0.110048
k141_3588	491	2.27859	2.27859	0.383922
k141_3589	370	1.37727	1.37727	0.236011
k141_5708	504	3.29944	3.29944	0.969574
k141_5709	388	1.7563	1.7563	0.185086
k141_5710	514	1.64835	1.64835	0.22862
k141_5711	375	2.16889	2.16889	1.11421
k141_7682	3266	5.08184	5.08184	2.72109
k141_5712	343	2.41451	2.41451	0.264789
k141_7683	549	2.47619	2.47619	0.596796
k141_5713	644	4.27733	4.27733	1.93307
k141_1442	5474	4.33302	4.33302	2.73747
k141_3590	2201	5.18381	5.18381	5.16278
k141_7684	786	1.59591	1.59591	1.06323
k141_3591	1033	4.42242	4.42242	3.60027
k141_1443	1429	5.05708	5.05708	2.32459
k141_5714	1478	3.65211	3.65211	1.4403
k141_7685	1164	4.63905	4.63905	1.51422
k141_7686	484	1.81138	1.81138	0.387737
k141_7687	310	1.85625	1.85625	0.12386
k141_7688	429	2.33692	2.33692	0.814136
k141_7689	515	3.10137	3.10137	0.822111
k141_3592	2160	4.49254	4.49254	3.02059
k141_7690	1153	2.81157	2.81157	1.32474
k141_5715	2730	4.60233	4.60233	3.23152
k141_5716	332	2.96703	2.96703	0.99338
k141_5717	301	4.27815	4.27815	0.642119
k141_5718	365	2.2	2.2	0.562618
k141_3593	1334	3.96791	3.96791	2.70224
k141_5719	553	4.28784	4.28784	4.17069
k141_5720	593	3.69752	3.69752	2.12549
k141_1444	4629	4.76066	4.76066	3.96138
k141_5721	308	1.22785	1.22785	0.177054
k141_7691	2553	4.77653	4.77653	3.85305
k141_5722	605	1.91209	1.91209	0.525293
k141_7692	1151	3.67333	3.67333	1.78417
k141_1445	1428	3.12128	3.12128	1.43322
k141_7693	553	5.56576	5.56576	1.7239
k141_7694	506	4.58427	4.58427	1.40415
k141_1446	1148	4.81162	4.81162	2.91331
k141_7695	688	4.63941	4.63941	2.69653
k141_1447	539	2.55527	2.55527	0.897066
k141_3594	4318	4.03839	4.03839	3.72258
k141_3595	657	3.68836	3.68836	1.01731
k141_1448	1254	3.27355	3.27355	1.77098
k141_7696	1390	3.78145	3.78145	2.7133
k141_1449	483	4.12012	4.12012	1.19035
k141_5723	3254	5.92075	5.92075	9.29122
k141_3596	702	4.57065	4.57065	2.15471
k141_3597	311	3.09938	3.09938	0.565062
k141_5724	497	2.0951	2.0951	0.745267
k141_3598	458	1.63961	1.63961	0.413671
k141_3599	336	0.811828	0.811828	0.153589
k141_5725	549	2.01754	2.01754	1.0022
k141_5726	320	0.447059	0.447059	0.24866
k141_1450	1594	5.23061	5.23061	2.24132
k141_7697	1910	5.73068	5.73068	8.50844
k141_5727	475	2.70769	2.70769	0.87417
k141_1451	345	2.32821	2.32821	0.510284
k141_7698	375	1.81333	1.81333	0.1525
k141_1452	660	2.06667	2.06667	0.659601
k141_5728	1047	3.58305	3.58305	2.97553
k141_3600	1679	4.40942	4.40942	3.58487
k141_5729	356	2.36408	2.36408	0.310703
k141_5730	320	2.90588	2.90588	0.937836
k141_3601	336	1.62903	1.62903	0.234612
k141_7699	2484	3.95758	3.95758	2.67501
k141_3602	1104	5.01992	5.01992	3.46759
k141_7700	338	4.91489	4.91489	5.36169
k141_3603	360	2.06667	2.06667	0.445295
k141_1453	2837	5.11053	5.11053	3.5422
k141_7701	1531	5.96017	5.96017	4.27447
k141_7702	343	0.917098	0.917098	0.0764251
k141_5731	3917	5.94027	5.94027	4.89264
k141_1454	1999	5.23256	5.23256	4.58331
k141_5732	572	4.891	4.891	3.22799
k141_5733	465	2.12064	2.12064	1.444
k141_3604	3234	4.28891	4.28891	3.13902
k141_7703	1875	6.21159	6.21159	4.81775
k141_1455	1568	5.29619	5.29619	5.56357
k141_7704	408	2.93411	2.93411	0.411984
k141_1456	699	3.83242	3.83242	3.69084
k141_1457	305	2.32258	2.32258	0.258902
k141_7705	545	1.82278	1.82278	1.15633
k141_3605	1189	4.07411	4.07411	1.51762
k141_7706	526	1.85638	1.85638	0.400653
k141_5734	2064	5.53553	5.53553	5.45741
k141_1458	872	3.74792	3.74792	3.04871
k141_7707	478	1.62195	1.62195	1.14716
k141_5735	552	3.49005	3.49005	0.624589
k141_1459	708	4.91398	4.91398	3.05542
k141_5736	315	2.12121	2.12121	0.790097
k141_5737	379	1.59825	1.59825	0.2414
k141_1460	529	4.44327	4.44327	0.924684
k141_5738	347	2.96447	2.96447	0.871179
k141_7708	1014	3.90509	3.90509	1.14279
k141_1461	416	2.28947	2.28947	0.764949
k141_1462	325	3.77714	3.77714	0.633958
k141_1463	534	5.98958	5.98958	3.49859
k141_1464	331	1.25414	1.25414	0.31283
k141_5739	1343	3.92791	3.92791	2.62232
k141_1465	773	4.43178	4.43178	1.10748
k141_5740	1258	4.12274	4.12274	1.94695
k141_5741	329	1.24581	1.24581	0.186429
k141_7709	3067	4.80185	4.80185	4.73984
k141_5742	1194	5.31513	5.31513	3.11727
k141_3606	5055	4.05933	4.05933	2.92286
k141_5743	683	3.95685	3.95685	0.33836
k141_7710	805	2.58931	2.58931	0.73781
k141_7711	1209	4.32767	4.32767	1.64585
k141_7712	359	2.73206	2.73206	0.197092
k141_5744	1618	4.76567	4.76567	1.84554
k141_7713	787	4.25746	4.25746	2.26695
k141_3607	2133	5.75744	5.75744	2.72769
k141_1466	5194	4.78311	4.78311	4.78104
k141_7714	538	2.16237	2.16237	0.756516
k141_3608	353	1.37931	1.37931	0.771252
k141_1467	890	2.81622	2.81622	1.47633
k141_7715	938	3.61929	3.61929	2.13696
k141_5745	2114	5.43177	5.43177	6.1721
k141_3609	1311	4.82257	4.82257	4.89952
k141_1468	812	5.73716	5.73716	1.59193
k141_7716	1314	4.78952	4.78952	2.47241
k141_3610	729	2.85147	2.85147	0.891394
k141_5746	1245	4.14703	4.14703	1.75623
k141_7717	318	2.16071	2.16071	0.171621
k141_3611	475	4.88	4.88	2.49481
k141_7718	371	0	0	0
k141_1469	1099	4.1275	4.1275	1.90459
k141_3612	336	1.61828	1.61828	0.237285
k141_7719	588	1.33562	1.33562	0.223489
k141_1470	518	4.3587	4.3587	0.443193
k141_7720	446	3.39189	3.39189	1.81878
k141_7721	1157	4.10427	4.10427	1.97619
k141_7722	312	5.05556	5.05556	0.649069
k141_3613	2093	5.33608	5.33608	4.72892
k141_5747	2969	6.03725	6.03725	6.26162
k141_7723	613	2.49028	2.49028	0.631397
k141_5748	303	1.86275	1.86275	0.119195
k141_5749	578	2.78271	2.78271	0.835578
k141_7724	1189	5.78633	5.78633	1.49958
k141_7725	973	4.51519	4.51519	3.10895
k141_5750	1806	5.01872	5.01872	3.23046
k141_1471	4520	4.88375	4.88375	4.43477
k141_5751	646	3.81452	3.81452	1.11704
k141_3614	3523	4.92618	4.92618	4.0239
k141_1472	823	4.57207	4.57207	1.23029
k141_3615	357	1.13527	1.13527	0.117537
k141_5752	735	4.90256	4.90256	2.547
k141_3616	305	0.967742	0.967742	0.0314202
k141_1473	514	2.87363	2.87363	0.556992
k141_3617	321	2.17544	2.17544	0.674922
k141_7726	1945	4.59387	4.59387	2.41751
k141_3618	377	2.94273	2.94273	0.894937
k141_7727	368	1.9633	1.9633	0.219845
k141_3619	398	2.12097	2.12097	0.479235
k141_1474	1043	4.80179	4.80179	4.71515
k141_3620	849	4.0701	4.0701	1.06242
k141_1475	540	3.67436	3.67436	2.01451
k141_1476	506	3.38764	3.38764	1.96762
k141_5753	1993	3.79544	3.79544	2.26162
k141_3621	920	2.89481	2.89481	1.15276
k141_5754	748	3.50836	3.50836	2.07279
k141_3622	2184	4.54228	4.54228	3.0383
k141_1477	2623	5.51476	5.51476	8.71191
k141_5755	2135	3.85139	3.85139	3.09737
k141_3623	693	4.92265	4.92265	1.61024
k141_1478	900	3.904	3.904	3.08823
k141_3624	483	0.903904	0.903904	0.183509
k141_5756	938	5.27411	5.27411	4.74305
k141_1479	468	1.97484	1.97484	0.459932
k141_5757	317	3.85629	3.85629	1.34067
k141_3625	604	3.9207	3.9207	0.783985
k141_3626	358	1.45673	1.45673	0.249327
k141_3627	246	0	0	0
k141_3628	285	2.35556	2.35556	0.230845
k141_5758	1163	4.07996	4.07996	1.11712
k141_5759	322	2.30233	2.30233	0.212158
k141_1480	1684	5.72881	5.72881	7.78813
k141_3629	972	3.59854	3.59854	1.65106
k141_5760	1062	3.30482	3.30482	2.33507
k141_3630	740	5.27797	5.27797	3.51173
k141_5761	410	4.39615	4.39615	1.41389
k141_7728	8147	4.98562	4.98562	5.30334
k141_7729	325	1.76571	1.76571	0.180427
k141_7730	314	1.19512	1.19512	0.158013
k141_5762	1530	6.1913	6.1913	4.18671
k141_5763	412	0.866412	0.866412	0.545304
k141_1481	2771	4.44945	4.44945	3.16208
k141_1482	316	1.36747	1.36747	0.306571
k141_5764	415	2.35094	2.35094	0.743795
k141_1483	303	1.94118	1.94118	0.0557275
k141_5765	364	1.41589	1.41589	0.244065
k141_1484	413	2.90114	2.90114	0.425304
k141_3631	2699	4.7195	4.7195	4.01905
k141_7731	1684	3.47327	3.47327	2.32117
k141_3632	370	2.98636	2.98636	0.570589
k141_5766	981	3.32371	3.32371	3.13485
k141_5767	321	1.70175	1.70175	0.210526
k141_7732	1288	3.77768	3.77768	2.60574
k141_3633	1586	3.90042	3.90042	2.7657
k141_7733	397	3.16194	3.16194	0.664726
k141_5768	1352	4.10649	4.10649	2.92619
k141_7734	302	2.19737	2.19737	0.159463
k141_5769	422	3.29412	3.29412	1.31539
k141_7735	373	3.55605	3.55605	1.32905
k141_5770	417	2.47191	2.47191	0.317817
k141_5771	398	3.46371	3.46371	0.605967
k141_3634	1325	8.6034	8.6034	10.6842
k141_1485	3407	4.67578	4.67578	3.6265
k141_3635	947	4.38645	4.38645	1.17711
k141_3636	371	1.37104	1.37104	0.23443
k141_1486	1020	3.67126	3.67126	3.0817
k141_7736	2220	4.21691	4.21691	1.76205
k141_1487	317	2.09581	2.09581	0.123296
k141_1488	327	1.28249	1.28249	0.23793
k141_3637	1391	4.22643	4.22643	3.00273
k141_7737	1194	4.98659	4.98659	1.74094
k141_7738	316	4.75904	4.75904	1.14158
k141_7739	391	2.86722	2.86722	0.465629
k141_3638	615	6.31613	6.31613	4.75976
k141_1489	1751	4.10431	4.10431	2.41726
k141_7740	497	3.10663	3.10663	1.45392
k141_3639	647	4.41449	4.41449	2.82381
k141_5772	4178	5.04916	5.04916	4.38589
k141_5773	324	2.24138	2.24138	0.27666
k141_7741	938	2.29949	2.29949	1.14526
k141_5774	318	1.35119	1.35119	0.289101
k141_3640	873	3.64869	3.64869	3.5274
k141_3641	853	4.0256	4.0256	2.62897
k141_3642	418	1.61567	1.61567	0.237506
k141_7742	1538	4.46686	4.46686	2.07173
k141_5775	1400	4.5808	4.5808	2.20366
k141_3643	601	4.38581	4.38581	2.54859
k141_7743	309	2.32704	2.32704	0.221479
k141_7744	306	0.974359	0.974359	0.0251448
k141_3644	343	2.98446	2.98446	0.421633
k141_7745	377	4.17181	4.17181	3.12522
k141_7746	405	1.76471	1.76471	0.314498
k141_1490	3452	4.22108	4.22108	3.71666
k141_5776	1359	4.91729	4.91729	2.04116
k141_5777	352	4.66337	4.66337	1.98562
k141_3645	1400	4.752	4.752	2.52933
k141_3646	446	2.03041	2.03041	0.700767
k141_1491	725	4.5687	4.5687	3.71958
k141_1492	375	1.34667	1.34667	0.2275
k141_1493	822	6.26488	6.26488	1.46774
k141_7747	2136	4.29154	4.29154	1.93257
k141_3647	1227	4.4039	4.4039	3.05697
k141_5778	1700	3.37484	3.37484	0.789681
k141_3648	305	1.92903	1.92903	0.118308
k141_1494	1912	4.72418	4.72418	1.81144
k141_3649	1695	4.08803	4.08803	4.79662
k141_5779	2225	3.7759	3.7759	2.42856
k141_5780	738	3.11735	3.11735	0.754518
k141_7748	4283	4.85797	4.85797	3.20376
k141_7749	368	2.69725	2.69725	0.304232
k141_7750	382	1.30603	1.30603	0.213297
k141_3650	3196	4.42383	4.42383	2.63643
k141_7751	725	2.59652	2.59652	0.540753
k141_7752	1090	4.64043	4.64043	4.1496
k141_7753	923	3.78137	3.78137	2.45863
k141_1495	5671	5.12063	5.12063	4.49158
k141_1496	331	1.9779	1.9779	0.21062
k141_1497	398	2.65323	2.65323	0.543228
k141_1498	321	1.5848	1.5848	0.244238
k141_5781	5651	4.978	4.978	4.99164
k141_3651	3408	3.98496	3.98496	2.81618
k141_3652	714	3.75355	3.75355	3.47913
k141_3653	351	1.52239	1.52239	0.250746
k141_1499	2179	4.24544	4.24544	3.3125
k141_5782	1100	6.02421	6.02421	8.42832
k141_1500	602	5.22566	5.22566	2.31259
k141_7754	3451	4.12723	4.12723	3.79291
k141_5783	512	2.69061	2.69061	0.341685
k141_7755	301	2.56954	2.56954	0.260132
k141_3654	1245	6.20639	6.20639	1.90435
k141_3655	315	1.81212	1.81212	0.153511
k141_3656	487	2.13056	2.13056	0.512664
k141_7756	1130	4.90306	4.90306	4.96398
k141_3657	1568	5.40621	5.40621	6.87799
k141_3658	879	5.78052	5.78052	2.61936
k141_1501	3490	4.43204	4.43204	3.11878
k141_3659	301	0.827815	0.827815	0.143488
k141_5784	3200	4.95049	4.95049	4.32719
k141_7757	2935	4.71634	4.71634	4.30018
k141_3660	760	2.22623	2.22623	0.612118
k141_5785	472	1.40683	1.40683	0.242071
k141_3661	332	3.82967	3.82967	0.705636
k141_5786	313	2.44785	2.44785	0.248807
k141_1502	1221	3.55369	3.55369	1.63987
k141_5787	501	3.01425	3.01425	0.699794
k141_1503	324	1.22989	1.22989	0.594247
k141_5788	425	1.50545	1.50545	0.250883
k141_5789	350	1.51	1.51	0.251156
k141_7758	1537	3.85076	3.85076	0.938025
k141_5790	388	1.73109	1.73109	0.864091
k141_3662	1517	4.33358	4.33358	2.8652
k141_3663	400	2.988	2.988	0.293028
k141_5791	1133	3.87386	3.87386	1.84557
k141_7759	1331	5.8315	5.8315	4.55552
k141_7760	373	1.92825	1.92825	0.274107
k141_7761	587	4.56751	4.56751	1.47078
k141_7762	363	1.42254	1.42254	0.24515
k141_5792	1382	3.88149	3.88149	2.83242
k141_7763	424	2.20438	2.20438	0.551483
k141_7764	696	2.72344	2.72344	0.963744
k141_7765	514	3.58242	3.58242	2.01247
k141_7766	357	2.89855	2.89855	1.40228
k141_7767	379	0.991266	0.991266	0.289397
k141_1504	5318	4.67415	4.67415	3.50633
k141_5793	2725	4.30485	4.30485	3.03407
k141_1505	1202	5.31749	5.31749	4.00376
k141_3664	5639	5.28257	5.28257	5.53512
k141_5794	1106	3.62448	3.62448	1.72585
k141_3665	341	1.58115	1.58115	0.244696
k141_5795	501	4.5641	4.5641	0.835161
k141_3666	360	3.1381	3.1381	0.999977
k141_3667	694	3.73713	3.73713	1.31015
k141_3668	319	1.74556	1.74556	0.190829
k141_5796	1118	4.02169	4.02169	4.13705
k141_3669	359	2.36842	2.36842	0.281883
k141_7768	4754	5.35665	5.35665	7.54047
k141_3670	1787	5.12279	5.12279	4.076
k141_5797	2032	3.76567	3.76567	2.00194
k141_7769	977	4.66022	4.66022	3.45948
k141_7770	512	1.66851	1.66851	0.360723
k141_3671	1548	4.89557	4.89557	3.11006
k141_3672	418	1.09328	1.09328	0.152314
k141_5798	1970	4.06429	4.06429	3.37738
k141_3673	734	4.32877	4.32877	1.12672
k141_1506	6193	3.97088	3.97088	3.20239
k141_7771	2477	3.51053	3.51053	1.91725
k141_3674	550	3.765	3.765	3.80429
k141_7772	504	1.98588	1.98588	0.49555
k141_7773	602	4.88938	4.88938	1.51324
k141_5799	2157	4.94071	4.94071	4.52038
k141_3675	1081	3.36412	3.36412	2.41459
k141_7774	667	3.44681	3.44681	1.53835
k141_5800	432	4.15248	4.15248	0.89126
k141_3676	397	2.12551	2.12551	0.402885
k141_3677	328	2.25843	2.25843	0.192725
k141_3678	464	4.94586	4.94586	1.14402
k141_7775	1046	3.92857	3.92857	1.77813
k141_7776	351	1.50746	1.50746	0.251194
k141_5801	1376	4.49755	4.49755	2.72203
k141_3679	1536	5.83838	5.83838	1.78614
k141_7777	1412	3.02219	3.02219	1.32704
k141_5802	1547	3.65641	3.65641	1.36753
k141_7778	390	3.15417	3.15417	0.348517
k141_7779	409	1.71042	1.71042	0.206519
k141_7780	341	3.25654	3.25654	0.475944
k141_3680	2139	3.64756	3.64756	1.87421
k141_7781	1349	5.37531	5.37531	2.61529
k141_7782	439	3.61592	3.61592	1.69572
k141_3681	809	4.21851	4.21851	1.77285
k141_7783	677	4.19924	4.19924	2.27392
k141_7784	557	1.53563	1.53563	0.254269
k141_7785	393	1.8107	1.8107	0.187158
k141_5803	4074	3.49541	3.49541	3.01986
k141_1508	8672	5.30709	5.30709	3.5141
k141_3682	1987	4.62602	4.62602	3.24732
k141_3683	668	4.13707	4.13707	2.81483
k141_7786	2238	4.62404	4.62404	2.29702
k141_5804	1742	5.68028	5.68028	4.60986
k141_7787	460	2.08387	2.08387	0.750225
k141_3684	533	2.51958	2.51958	0.318333
k141_7788	420	1.66296	1.66296	0.224273
k141_7789	399	2.05221	2.05221	0.380328
k141_3685	596	2.21749	2.21749	0.179559
k141_7790	972	2.36375	2.36375	1.63245
k141_3686	1007	4.81447	4.81447	3.01109
k141_1509	3150	5.61467	5.61467	7.99221
k141_5805	2008	5.39182	5.39182	3.87978
k141_7791	243	8.8172	8.8172	0.411874
k141_3687	555	2.12346	2.12346	0.212444
k141_5806	955	3.57143	3.57143	1.69047
k141_7792	843	4.64935	4.64935	2.16732
k141_5807	531	3.56693	3.56693	2.59354
k141_7793	567	1.70504	1.70504	0.357499
k141_5808	430	2.41071	2.41071	1.03143
k141_3688	1481	4.34636	4.34636	4.02806
k141_3689	958	3.31188	3.31188	2.95589
k141_5809	1236	4.14365	4.14365	0.913905
k141_7794	1578	5.71569	5.71569	8.28769
k141_3690	505	2.80563	2.80563	0.772851
k141_7795	462	1.45192	1.45192	0.248485
k141_5810	832	1.56598	1.56598	0.648361
k141_7796	435	1.59298	1.59298	0.242205
k141_5811	419	5.00372	5.00372	4.48133
k141_7797	336	1.64516	1.64516	0.230166
k141_1510	3889	4.35116	4.35116	2.88007
k141_7798	595	4.79326	4.79326	4.0878
k141_7799	355	3.38537	3.38537	1.51253
k141_5812	1434	4.35047	4.35047	2.85446
k141_5813	577	3.26932	3.26932	0.934343
k141_1511	2016	6.82958	6.82958	4.98862
k141_5814	829	4.3785	4.3785	3.09695
k141_1512	525	1.58133	1.58133	0.244036
k141_3691	3777	4.91315	4.91315	4.12844
k141_7800	3306	5.12041	5.12041	3.62034
k141_3692	1377	5.64466	5.64466	6.83125
k141_7801	551	3.20948	3.20948	1.27601
k141_1513	2286	6.52809	6.52809	4.2699
k141_5815	2614	3.97281	3.97281	2.66231
k141_7802	842	1.8815	1.8815	0.582174
k141_7803	328	1.69663	1.69663	0.212531
k141_5816	624	2.80591	2.80591	2.04258
k141_5817	706	2.46403	2.46403	1.38429
k141_1514	1621	4.94901	4.94901	5.42936
k141_7804	1135	3.94213	3.94213	1.61962
k141_7805	1417	3.5659	3.5659	1.96148
k141_1515	1690	5.30455	5.30455	6.84219
k141_5818	2191	4.08525	4.08525	3.85252
k141_1516	469	2.45455	2.45455	0.355633
k141_3693	4337	4.73322	4.73322	4.92566
k141_5819	724	4.777	4.777	3.27653
k141_1517	1068	3.85621	3.85621	1.56708
k141_5820	915	3.0183	3.0183	2.85043
k141_5821	310	1.7375	1.7375	0.194811
k141_3694	1526	5.41279	5.41279	4.20478
k141_5822	777	7.91707	7.91707	11.0187
k141_5823	415	4.00755	4.00755	0.409033
k141_5824	386	1.79661	1.79661	0.366967
k141_1518	2396	4.66741	4.66741	3.51563
k141_3695	1977	4.67159	4.67159	3.38934
k141_5825	944	2.83375	2.83375	0.547358
k141_1519	880	5.33014	5.33014	6.60826
k141_3696	526	2.63564	2.63564	0.754884
k141_3697	377	1	1	0.389381
k141_1520	1676	3.87287	3.87287	1.7648
k141_1521	465	1.75238	1.75238	0.193266
k141_5826	2322	4.3918	4.3918	3.76123
k141_1522	353	1.49261	1.49261	0.251182
k141_5827	342	2.49479	2.49479	0.251282
k141_1523	407	2.91051	2.91051	0.441178
k141_1524	315	4.50909	4.50909	0.519733
k141_5828	438	3.96875	3.96875	2.62271
k141_1525	306	1.28205	1.28205	0.616707
k141_1526	751	3.54243	3.54243	1.39195
k141_7806	7534	4.60739	4.60739	3.35498
k141_7807	446	2.55743	2.55743	0.40347
k141_1527	1681	4.95689	4.95689	3.86742
k141_5829	2694	4.28616	4.28616	2.4938
k141_7808	1402	4.9385	4.9385	2.95303
k141_7809	541	2.07417	2.07417	0.756025
k141_1528	1378	3.7443	3.7443	1.57597
k141_1529	353	1.11823	1.11823	0.411696
k141_1530	491	2.59531	2.59531	0.753389
k141_1531	431	2.33808	2.33808	0.853156
k141_5830	2268	4.82861	4.82861	2.18172
k141_5831	502	3.02273	3.02273	0.854183
k141_3698	7572	4.85247	4.85247	4.64721
k141_5832	307	2.84713	2.84713	0.207251
k141_1532	1422	3.44733	3.44733	1.0987
k141_7810	3045	4.53126	4.53126	2.77503
k141_7811	658	4.12795	4.12795	3.65026
k141_3699	1750	19.4081	19.4081	69.8414
k141_5833	1958	4.48451	4.48451	1.82487
k141_1533	2080	5.06062	5.06062	2.52873
k141_7812	1666	5.71174	5.71174	5.31949
k141_5834	1375	3.67102	3.67102	2.54446
k141_7813	467	3.56782	3.56782	1.28415
k141_1534	1619	5.92512	5.92512	3.00528
k141_1535	369	1.379	1.379	0.236437
k141_7814	1403	5.05507	5.05507	4.76774
k141_3700	3054	4.40083	4.40083	4.02462
k141_1536	1287	5.00704	5.00704	6.8151
k141_1537	313	1.85276	1.85276	0.126335
k141_1538	354	2.79902	2.79902	1.03822
k141_1539	378	3.63158	3.63158	0.612568
k141_7815	3020	5.4892	5.4892	4.25417
k141_7816	408	4.49225	4.49225	1.20033
k141_3701	3549	5.03207	5.03207	5.91391
k141_1540	2974	3.99858	3.99858	1.9929
k141_3702	832	2.31525	2.31525	0.903401
k141_3703	429	1.48029	1.48029	0.257704
k141_7817	1963	4.8759	4.8759	6.54034
k141_3704	1133	5.14649	5.14649	5.57526
k141_1541	1618	5.99046	5.99046	11.0974
k141_3705	421	5.25092	5.25092	2.69236
k141_3706	408	2.12791	2.12791	0.236495
k141_3707	372	1.76577	1.76577	0.18018
k141_5835	8118	4.87287	4.87287	4.38807
k141_5836	349	1.89447	1.89447	0.862545
k141_1542	1344	4.28224	4.28224	3.30417
k141_5837	1503	4.00887	4.00887	2.42004
k141_7818	2970	5.19645	5.19645	4.86673
k141_7819	406	2.60938	2.60938	0.325245
k141_5838	1204	5.14706	5.14706	2.49781
k141_7820	655	3.54257	3.54257	1.20502
k141_5839	399	2.34137	2.34137	0.580581
k141_1543	3604	4.63028	4.63028	5.41354
k141_5840	1155	4.92935	4.92935	3.14339
k141_3708	4438	5.3659	5.3659	5.07182
k141_3709	350	1.955	1.955	0.595954
k141_7821	1802	5.91404	5.91404	4.99683
k141_5841	710	4.25714	4.25714	2.13411
k141_3710	408	1.67442	1.67442	0.414985
k141_7822	412	2.73282	2.73282	0.87087
k141_5842	522	2.02688	2.02688	0.473668
k141_5843	310	3.4	3.4	0.669183
k141_5844	346	3.71939	3.71939	0.459314
k141_7823	955	4.30807	4.30807	1.87761
k141_3711	1142	3.17238	3.17238	2.0197
k141_5845	358	1.88462	1.88462	0.102564
k141_1544	2091	4.16795	4.16795	3.65943
k141_7824	346	1.87245	1.87245	0.255442
k141_7825	387	6.99578	6.99578	4.25846
k141_1545	499	2.55874	2.55874	1.01737
k141_1546	309	3.49057	3.49057	1.17554
k141_1547	329	5.84358	5.84358	1.49225
k141_1548	382	1.99138	1.99138	1.2207
k141_5846	1386	3.21764	3.21764	1.1696
k141_1549	636	4.1749	4.1749	1.76109
k141_7826	374	1.35268	1.35268	0.22932
k141_1550	661	6.2955	6.2955	3.00074
k141_7827	633	2.19048	2.19048	0.498913
k141_1551	360	1.08095	1.08095	0.15131
k141_5847	1320	5.48462	5.48462	5.54682
k141_7828	665	3.57476	3.57476	3.58341
k141_5848	602	2.36947	2.36947	1.70133
k141_3712	3075	5.7706	5.7706	6.3554
k141_3713	315	1.45455	1.45455	0.249445
k141_7829	686	4.48507	4.48507	3.01659
k141_5849	548	5.26633	5.26633	0.800425
k141_7830	619	1.8209	1.8209	0.493494
k141_7831	458	2.09091	2.09091	0.271839
k141_7832	348	1.5303	1.5303	0.250346
k141_7833	933	2.84163	2.84163	1.74216
k141_7834	575	6.82824	6.82824	7.10013
k141_1552	3621	4.49064	4.49064	3.05981
k141_1553	495	1.52754	1.52754	0.337176
k141_3714	3537	4.78034	4.78034	4.36404
k141_7835	1381	4.24777	4.24777	3.40768
k141_3715	309	6.16352	6.16352	1.82119
k141_7836	409	3.37838	3.37838	1.99581
k141_3716	570	3.85476	3.85476	1.59938
k141_1554	1318	5.24229	5.24229	4.811
k141_5850	4375	4.74651	4.74651	2.99615
k141_3717	1743	5.49466	5.49466	4.60314
k141_7837	2177	4.43315	4.43315	3.16269
k141_5851	2271	5.94908	5.94908	7.20402
k141_5852	369	1.38356	1.38356	0.237527
k141_3718	1532	5.60492	5.60492	9.20222
k141_7838	1597	3.18314	3.18314	1.40697
k141_7839	425	2.52	2.52	1.90014
k141_5853	1048	3.98998	3.98998	2.84829
k141_7840	1781	9.69405	9.69405	36.405
k141_5854	1335	5.65148	5.65148	2.62757
k141_5855	721	4.36602	4.36602	2.35878
k141_3719	3671	4.40954	4.40954	3.33962
k141_7841	1453	3.76976	3.76976	2.17121
k141_3720	357	3.11594	3.11594	2.02532
k141_7842	331	2.83425	2.83425	0.461265
k141_3721	425	2.19636	2.19636	0.924805
k141_3722	598	5.17411	5.17411	3.78617
k141_3723	401	2.50996	2.50996	0.682901
k141_3724	335	1.8973	1.8973	0.679613
k141_3725	469	2.92163	2.92163	0.808305
k141_5856	2744	4.32999	4.32999	3.23389
k141_3726	418	2.8806	2.8806	1.25161
k141_1555	9003	4.34237	4.34237	4.16218
k141_5857	408	2.05039	2.05039	0.888502
k141_3727	517	1.82834	1.82834	0.497772
k141_5858	414	2.29167	2.29167	0.71689
k141_7843	2598	3.95057	3.95057	1.88762
k141_1556	1969	5.45135	5.45135	2.39517
k141_5859	1544	3.81205	3.81205	1.85409
k141_1557	432	2.08511	2.08511	0.43401
k141_7844	2034	3.92463	3.92463	1.71605
k141_7845	444	3.05102	3.05102	0.785785
k141_7846	623	4.49049	4.49049	1.40298
k141_3728	3214	5.35933	5.35933	4.71609
k141_3729	486	3.06548	3.06548	1.11212
k141_1558	2098	5.08316	5.08316	1.81332
k141_3730	1252	4.47641	4.47641	2.31688
k141_3731	468	3.72327	3.72327	0.554093
k141_7847	2321	4.42008	4.42008	3.68794
k141_1559	1649	4.03803	4.03803	3.82297
k141_3732	800	3.18154	3.18154	1.88687
k141_5860	4394	4.73563	4.73563	3.66472
k141_5861	633	2.05176	2.05176	0.397731
k141_1560	1806	5.64372	5.64372	4.38175
k141_1561	306	1.82692	1.82692	0.144045
k141_5862	1407	5.05171	5.05171	4.58091
k141_7848	3420	4.8789	4.8789	5.62551
k141_7849	340	2.07895	2.07895	0.274158
k141_3733	3951	5.09971	5.09971	4.51032
k141_5863	2140	4.56131	4.56131	3.74456
k141_3734	1590	4.64653	4.64653	2.98754
k141_3735	659	5.36739	5.36739	2.41791
k141_5864	2295	4.55804	4.55804	3.77289
k141_5865	347	3.52792	3.52792	1.23008
k141_7850	3184	3.99374	3.99374	2.76122
k141_1562	5601	4.34654	4.34654	3.43821
k141_3736	2314	4.08272	4.08272	2.19612
k141_1563	1569	3.85976	3.85976	3.05155
k141_5866	2900	3.68691	3.68691	2.99436
k141_5867	517	2.55586	2.55586	0.324055
k141_7851	3599	5.36445	5.36445	4.56757
k141_3737	2067	4.32812	4.32812	4.04413
k141_7852	245	3.8	3.8	0.161702
k141_5868	520	2.93784	2.93784	1.44599
k141_3738	847	5.75466	5.75466	2.32622
k141_3739	1449	3.55658	3.55658	2.57981
k141_3740	407	2.10117	2.10117	0.888165
k141_3741	436	2.53147	2.53147	0.284971
k141_7853	3056	4.82622	4.82622	3.26103
k141_3742	422	1.32353	1.32353	0.293466
k141_7854	326	1.64773	1.64773	0.229481
k141_3743	416	2.01128	2.01128	0.267798
k141_7855	308	1.27848	1.27848	0.202209
k141_1564	5345	4.38037	4.38037	4.68775
k141_7856	413	3.9962	3.9962	3.36258
k141_3744	940	3.28608	3.28608	3.53277
k141_3745	455	3.99016	3.99016	1.2203
k141_7857	765	2.22439	2.22439	1.26227
k141_7858	565	3.96386	3.96386	2.90449
k141_7859	502	4.52557	4.52557	0.962306
k141_7860	347	1.51777	1.51777	0.250958
k141_3746	1913	5.26659	5.26659	3.42725
k141_3747	415	1.1434	1.1434	0.282389
k141_1565	3032	4.71027	4.71027	4.54186
k141_5869	7107	4.67601	4.67601	3.02693
k141_3748	2029	5.67589	5.67589	5.40131
k141_3749	323	2.9711	2.9711	0.446834
k141_1566	2230	4.98702	4.98702	3.61455
k141_7861	3329	4.36867	4.36867	3.58894
k141_5870	2118	3.80488	3.80488	2.79772
k141_3750	562	1.82039	1.82039	0.444546
k141_1567	605	3.18462	3.18462	1.07157
k141_7862	592	2.55656	2.55656	0.310853
k141_5871	551	3.13716	3.13716	3.39364
k141_3751	554	3.93069	3.93069	2.4468
k141_7863	371	1.78733	1.78733	0.168202
k141_1568	539	2.75578	2.75578	1.34999
k141_7864	309	1.61635	1.61635	0.237959
k141_5872	684	2.42135	2.42135	0.732077
k141_5873	352	2.60891	2.60891	1.01544
k141_5874	309	3.77987	3.77987	1.09681
k141_7865	785	3.25354	3.25354	1.89934
k141_3752	1270	4.35536	4.35536	4.19353
k141_1569	1280	4.10619	4.10619	3.21455
k141_7866	504	1.64407	1.64407	0.382869
k141_7867	958	3.70792	3.70792	1.09922
k141_1570	1440	3.85426	3.85426	3.22155
k141_3753	1671	3.88429	3.88429	3.77081
k141_1571	558	2.42402	2.42402	0.431561
k141_3754	340	1.73158	1.73158	0.19741
k141_7868	1508	4.69146	4.69146	2.89295
k141_5875	3214	4.59008	4.59008	5.35602
k141_3755	2433	4.83136	4.83136	3.60564
k141_3756	327	6.42938	6.42938	2.33732
k141_1572	3951	4.191	4.191	3.2309
k141_7869	3500	5.10985	5.10985	3.01032
k141_1573	325	3.66286	3.66286	1.61557
k141_5876	3406	4.29914	4.29914	2.97658
k141_7870	555	2.13827	2.13827	0.87687
k141_1574	487	3.30861	3.30861	1.5652
k141_3757	2709	4.39977	4.39977	3.48319
k141_5877	1449	4.96921	4.96921	1.79567
k141_5878	575	3.27294	3.27294	0.88759
k141_3758	1079	3.75888	3.75888	2.56466
k141_5879	830	5.24853	5.24853	2.20176
k141_3759	795	3.02946	3.02946	0.882671
k141_5880	471	1.41433	1.41433	0.243419
k141_5881	551	2.79052	2.79052	0.486009
k141_1575	3615	5.43261	5.43261	3.44473
k141_7871	3879	5.31698	5.31698	4.40807
k141_5882	919	4.62679	4.62679	0.87225
k141_7872	594	3.47973	3.47973	1.55038
k141_1576	1486	3.95958	3.95958	3.6568
k141_5883	1053	3.28128	3.28128	1.11369
k141_7873	1001	4.10458	4.10458	2.27964
k141_5884	524	3.04011	3.04011	0.403211
k141_7874	651	5.93014	5.93014	3.42911
k141_7875	391	1.76349	1.76349	0.706329
k141_5885	1105	4.0534	4.0534	3.30426
k141_7876	1169	3.44161	3.44161	2.15058
k141_5886	440	3.81724	3.81724	1.47859
k141_1577	2703	5.07481	5.07481	4.66408
k141_7877	386	1.2839	1.2839	0.204165
k141_3760	5393	4.59756	4.59756	3.58581
k141_5887	881	4.76197	4.76197	3.25559
k141_5888	311	2.08696	2.08696	0.667391
k141_1578	1567	5.61186	5.61186	6.03282
k141_7878	1860	5.04327	5.04327	5.18479
k141_1579	685	2.60561	2.60561	0.3554
k141_7879	557	2.06388	2.06388	1.28163
k141_7880	329	1.67598	1.67598	0.220262
k141_1580	758	4.41447	4.41447	2.08493
k141_7881	484	2.08683	2.08683	0.499947
k141_3761	2672	4.90246	4.90246	5.40102
k141_1581	438	4.38194	4.38194	1.86755
k141_5889	2356	5.32956	5.32956	6.8078
k141_5890	351	0.756219	0.756219	0.185274
k141_7882	991	4.75862	4.75862	4.11191
k141_5891	468	1.18553	1.18553	0.321936
k141_3762	1010	6.35349	6.35349	8.42676
k141_7883	1400	4.1304	4.1304	2.32486
k141_3763	1708	4.83825	4.83825	3.6938
k141_3764	304	2.46753	2.46753	0.276716
k141_3765	1052	4.23947	4.23947	2.96589
k141_1582	5167	4.44828	4.44828	3.23474
k141_3766	1792	3.61754	3.61754	2.07299
k141_5892	4632	4.00826	4.00826	2.26661
k141_3767	567	4.36211	4.36211	1.61615
k141_7884	3985	5.7661	5.7661	6.04206
k141_5893	627	4.31027	4.31027	3.37832
k141_3768	383	1.30043	1.30043	0.211079
k141_5894	302	1	1	0
k141_3769	329	1.69832	1.69832	0.211851
k141_3770	331	1.54696	1.54696	0.249171
k141_5895	446	1.93243	1.93243	0.341182
k141_3771	352	1.75743	1.75743	0.204547
k141_7885	955	5.27205	5.27205	5.02164
k141_5896	618	2.95299	2.95299	1.41106
k141_5897	745	6.04874	6.04874	6.58517
k141_5898	933	4.19923	4.19923	2.38481
k141_5899	1062	4.89583	4.89583	2.4337
k141_7886	2764	5.1381	5.1381	4.18645
k141_1583	4524	5.40398	5.40398	6.32642
k141_7887	327	3.9209	3.9209	5.83462
k141_1584	399	1.73896	1.73896	0.637227
k141_7888	364	1.41589	1.41589	0.244065
k141_7889	390	1.84583	1.84583	0.164418
k141_7890	369	1.0274	1.0274	0.21943
k141_7891	249	0	0	0
k141_1585	1038	5.31982	5.31982	2.99794
k141_7892	504	2.05367	2.05367	0.328557
k141_5900	1893	4.07458	4.07458	1.65577
k141_3772	4579	4.5473	4.5473	2.58978
k141_1586	713	2.07282	2.07282	0.779383
k141_5901	669	1.91137	1.91137	1.13499
k141_1587	489	1.72861	1.72861	0.511932
k141_7893	1009	3.32363	3.32363	2.24245
k141_7894	366	2.10185	2.10185	0.538416
k141_3773	1339	4.2582	4.2582	2.38865
k141_7895	1091	4.28693	4.28693	2.94096
k141_3774	430	4.59643	4.59643	0.807874
k141_7896	504	3.43503	3.43503	0.830045
k141_5902	1935	4.27395	4.27395	1.98376
k141_3775	375	1.71556	1.71556	0.570515
k141_3776	311	1.69565	1.69565	0.213044
k141_7897	555	5.61481	5.61481	1.08394
k141_5903	526	2.60372	2.60372	0.730547
k141_5904	621	2.27813	2.27813	1.11184
k141_3777	674	1.73092	1.73092	0.403554
k141_7898	1186	3.16892	3.16892	1.4951
k141_3778	998	4.08019	4.08019	3.16946
k141_3779	336	2.08065	2.08065	0.463731
k141_7899	957	4.83395	4.83395	3.19323
k141_1588	4452	4.24291	4.24291	3.95885
k141_7900	409	2.07336	2.07336	0.262039
k141_7901	316	1.46386	1.46386	0.2502
k141_5905	2138	4.37525	4.37525	4.53845
k141_7902	432	1.32979	1.32979	0.221814
k141_7903	685	3.84299	3.84299	4.09516
k141_5906	1096	4.08457	4.08457	2.04364
k141_5907	812	5.50906	5.50906	2.4167
k141_7904	1039	5.66142	5.66142	2.84807
k141_3780	3424	6.06048	6.06048	6.21693
k141_1589	3024	5.25157	5.25157	4.18625
k141_3781	325	2.71429	2.71429	0.239738
k141_5908	1219	4.44528	4.44528	4.31839
k141_3782	381	1.78355	1.78355	0.483382
k141_5909	453	3.56436	3.56436	4.51819
k141_1590	834	5.02193	5.02193	2.32602
k141_5910	405	2.42745	2.42745	0.891372
k141_5911	469	2.06583	2.06583	0.539679
k141_3783	1206	6.27462	6.27462	5.18706
k141_3784	326	4.22159	4.22159	0.550616
k141_3785	594	2.55405	2.55405	0.324386
k141_7905	3198	5.22277	5.22277	2.91954
k141_1591	1454	3.37423	3.37423	2.23895
k141_3786	384	1.29487	1.29487	0.208815
k141_7906	853	4.18919	4.18919	2.99123
k141_7907	1892	3.99828	3.99828	2.17519
k141_7908	816	3.78679	3.78679	1.30184
k141_3787	3182	5.49703	5.49703	5.10785
k141_7909	471	1.40498	1.40498	0.241725
k141_3788	305	1.82581	1.82581	0.144785
k141_7910	350	2.71	2.71	0.297386
k141_3789	545	2.72658	2.72658	2.54942
k141_7911	822	4.2872	4.2872	3.65659
k141_1592	4064	4.88324	4.88324	3.67996
k141_5912	6341	4.62025	4.62025	3.83173
k141_3790	1525	3.57309	3.57309	1.15896
k141_5913	374	3.11161	3.11161	1.41798
k141_3791	369	1.38356	1.38356	0.237527
k141_5914	457	1.98697	1.98697	0.503097
k141_1593	1880	3.45954	3.45954	2.04609
k141_7912	3212	4.37296	4.37296	4.24108
k141_7913	683	4.61538	4.61538	7.62811
k141_3792	2251	6.49881	6.49881	6.4425
k141_5915	2515	5.07526	5.07526	6.05188
k141_3793	336	1.62903	1.62903	0.234612
k141_5916	320	2.28235	2.28235	0.547023
k141_3794	807	4.20852	4.20852	2.34517
k141_3795	976	3.25303	3.25303	1.16136
k141_1594	3632	5.61545	5.61545	4.8492
k141_7914	3020	4.80976	4.80976	4.53884
k141_7915	317	1.8024	1.8024	0.159512
k141_7916	1091	4.37938	4.37938	2.54422
k141_7917	378	2.14035	2.14035	0.244533
k141_1595	2259	4.48174	4.48174	2.48699
k141_1596	309	0.477987	0.477987	0.251095
k141_1597	505	1.64789	1.64789	0.302221
k141_1598	927	7.22265	7.22265	7.58564
k141_3796	5054	5.42945	5.42945	7.08245
k141_7918	3070	4.05719	4.05719	2.16355
k141_1599	1700	5.08	5.08	3.2486
k141_3797	2285	4.72037	4.72037	5.80226
k141_3798	446	2.50676	2.50676	0.738937
k141_1600	1663	4.39128	4.39128	1.96849
k141_3799	384	6.6453	6.6453	2.71914
k141_1601	404	2.16535	2.16535	0.431048
k141_3800	578	3.14019	3.14019	1.62434
k141_7919	3590	4.85698	4.85698	4.37326
k141_7920	348	1.52525	1.52525	0.250628
k141_3801	1419	4.17415	4.17415	2.82849
k141_5917	11280	5.30225	5.30225	4.23793
k141_3802	908	3.4934	3.4934	2.81832
k141_7921	1562	5.63314	5.63314	3.22605
k141_1602	2761	4.92264	4.92264	3.40848
k141_7922	429	1.62724	1.62724	0.234651
k141_7923	332	1.66484	1.66484	0.22406
k141_3803	2210	4.24854	4.24854	2.35685
k141_5918	3148	4.59606	4.59606	3.77776
k141_1603	2514	4.40398	4.40398	5.02291
k141_7924	2409	5.35547	5.35547	5.33721
k141_7925	328	2.38202	2.38202	0.587698
k141_1604	673	4.31549	4.31549	1.67231
k141_7926	402	2.68254	2.68254	0.528301
k141_5919	1438	4.04425	4.04425	4.12314
k141_1605	836	3.36589	3.36589	6.47177
k141_7927	1031	3.63564	3.63564	1.58641
k141_7928	434	1.59859	1.59859	0.241129
k141_1606	915	3.88235	3.88235	1.44688
k141_5920	1078	6.25647	6.25647	5.85431
k141_3804	3862	4.53071	4.53071	2.88457
k141_1607	1147	2.17854	2.17854	0.518291
k141_3805	404	4.24803	4.24803	1.65761
k141_7929	1907	9.67274	9.67274	10.3456
k141_1608	644	1.91903	1.91903	0.301747
k141_7930	355	2.05366	2.05366	0.815735
k141_1609	1416	4.39889	4.39889	4.34432
k141_3806	1801	5.87947	5.87947	5.20182
k141_3807	201	3	3	0
k141_3808	1259	3.72137	3.72137	2.59648
k141_1610	1732	4.07585	4.07585	3.33011
k141_3809	517	2.70572	2.70572	1.06071
k141_3810	447	1.79125	1.79125	0.341409
k141_3811	319	1.60355	1.60355	0.240702
k141_1611	922	4.03497	4.03497	2.99359
k141_1612	535	1.35325	1.35325	0.234267
k141_1613	422	4.43015	4.43015	2.04676
k141_1614	479	3.10638	3.10638	0.284379
k141_1615	307	1.72611	1.72611	0.200147
k141_5921	6913	6.01789	6.01789	4.09679
k141_1616	310	1.1625	1.1625	0.136949
k141_3812	2090	4.26031	4.26031	2.70633
k141_7931	5997	4.4929	4.4929	2.80456
k141_7932	627	2.87421	2.87421	2.04716
k141_7933	356	2.25243	2.25243	0.423775
k141_3813	1402	3.4369	3.4369	2.71306
k141_3814	991	4.8038	4.8038	2.60313
k141_3815	915	4.13856	4.13856	2.27397
k141_5922	5038	5.16653	5.16653	4.57131
k141_5923	364	4	4	1.09859
k141_5924	355	4.29756	4.29756	1.3473
k141_5925	542	3.04592	3.04592	0.780495
k141_5926	397	2.90688	2.90688	0.629505
k141_5927	506	2.0927	2.0927	0.48434
k141_7934	4766	9.23484	9.23484	18.8578
k141_1617	5584	4.31156	4.31156	3.27025
k141_3816	3440	5.0231	5.0231	7.07579
k141_5928	582	1.9537	1.9537	0.536132
k141_3817	327	3.48023	3.48023	1.01239
k141_1618	826	5.03254	5.03254	2.73079
k141_5929	1085	3.81176	3.81176	2.03733
k141_5930	1193	4.81016	4.81016	2.77772
k141_3818	2053	5.72149	5.72149	3.84986
k141_5931	345	2.02051	2.02051	0.432567
k141_5932	380	1.56957	1.56957	0.761513
k141_3819	666	3.17442	3.17442	1.22389
k141_7935	3095	4.31273	4.31273	4.04651
k141_3820	315	0	0	0
k141_7936	322	3.67442	3.67442	1.10975
k141_3821	331	2.75691	2.75691	0.662799
k141_5933	781	3.35658	3.35658	0.740905
k141_1619	3475	3.7594	3.7594	2.08953
k141_1620	380	1.14783	1.14783	0.484602
k141_1621	331	1.25414	1.25414	0.379497
k141_1622	585	2.14483	2.14483	0.755475
k141_1623	468	5.07862	5.07862	1.58055
k141_5934	2399	4.83771	4.83771	4.51234
k141_7937	2819	4.50131	4.50131	4.42623
k141_1624	1707	4.78099	4.78099	3.51431
k141_5935	2044	5.94351	5.94351	4.57421
k141_7938	2214	5.16715	5.16715	6.59205
k141_3822	5168	5.37425	5.37425	4.91707
k141_7939	554	7.30198	7.30198	5.47186
k141_5936	1051	3.58713	3.58713	1.7249
k141_7940	330	1.60556	1.60556	0.240192
k141_3823	547	1.23678	1.23678	1.13066
k141_1625	1840	3.97692	3.97692	2.89406
k141_3824	640	2.58776	2.58776	0.533185
k141_7941	909	4.93149	4.93149	4.54937
k141_3825	988	3.85442	3.85442	1.80196
k141_3826	343	1.51295	1.51295	0.251134
k141_5937	1961	5.91165	5.91165	3.93583
k141_5938	508	1.98883	1.98883	0.397632
k141_7942	1882	3.98095	3.98095	4.18861
k141_7943	462	5.28205	5.28205	2.93627
k141_3827	1572	3.33404	3.33404	1.96082
k141_7944	317	2.17964	2.17964	0.148257
k141_3828	358	1.45673	1.45673	0.249327
k141_7945	332	0.835165	0.835165	0.138425
k141_7946	484	1.13174	1.13174	0.264876
k141_7947	455	1.88852	1.88852	0.652005
k141_7948	437	6.97909	6.97909	4.56599
k141_3829	1423	3.72192	3.72192	3.17265
k141_5939	2576	5.47362	5.47362	6.09039
k141_7949	394	2.77459	2.77459	0.175318
k141_3830	386	3.64831	3.64831	1.24174
k141_7950	623	2.51374	2.51374	0.640169
k141_1626	5289	4.41915	4.41915	4.67952
k141_3831	748	3.91137	3.91137	3.5985
k141_1627	586	3.98165	3.98165	1.71001
k141_7951	748	4.90803	4.90803	1.92619
k141_1628	564	3.67391	3.67391	2.62222
k141_1629	674	2.99046	2.99046	1.16052
k141_3832	1092	5.03503	5.03503	2.70334
k141_5940	2528	3.62994	3.62994	1.74856
k141_5941	337	1.96791	1.96791	0.0312231
k141_3833	420	4.56667	4.56667	2.43234
k141_7952	1386	4.37298	4.37298	2.96117
k141_1630	620	4.48511	4.48511	1.17994
k141_5942	581	1.82831	1.82831	0.27743
k141_1631	408	2.4845	2.4845	0.733222
k141_7953	900	4.64267	4.64267	3.27134
k141_5943	1368	3.16338	3.16338	1.5945
k141_1632	1375	6.28735	6.28735	6.44674
k141_7954	1084	3.697	3.697	2.88023
k141_3834	2171	3.32063	3.32063	2.2001
k141_7955	314	1.79878	1.79878	0.161716
k141_5944	651	3.36926	3.36926	2.64537
k141_3835	499	1.40688	1.40688	0.242022
k141_3836	397	2.97571	2.97571	1.21892
k141_7956	653	3.74155	3.74155	2.32351
k141_3837	333	0.415301	0.415301	0.24416
k141_7957	373	2.03587	2.03587	0.575283
k141_3838	391	0.941909	0.941909	0.246611
k141_7958	413	4.43726	4.43726	2.00273
k141_5945	1379	4.86981	4.86981	5.6931
k141_3839	486	4.5625	4.5625	3.14235
k141_1633	2185	3.78575	3.78575	3.2923
k141_5946	478	1.98476	1.98476	0.920256
k141_1634	487	3.14243	3.14243	1.42608
k141_5947	387	0.510549	0.510549	0.250947
k141_5948	367	2.04608	2.04608	0.534904
k141_1635	685	2.05421	2.05421	0.238628
k141_7959	1780	3.91963	3.91963	2.34896
k141_3840	2213	4.07416	4.07416	2.40137
k141_3841	445	2.49831	2.49831	0.727037
k141_5949	1152	3.72954	3.72954	3.24046
k141_7960	898	4.73128	4.73128	2.54216
k141_3842	574	5.75708	5.75708	2.06142
k141_7961	775	5.4	5.4	2.13462
k141_7962	393	2.18519	2.18519	0.853995
k141_7963	587	3.71396	3.71396	1.47992
k141_3843	2184	5.08653	5.08653	3.94626
k141_1636	3635	5.20086	5.20086	3.947
k141_3844	1117	4.92554	4.92554	0.953044
k141_3845	303	1.42484	1.42484	0.390696
k141_3846	378	2.21053	2.21053	0.316717
k141_7964	3131	4.59812	4.59812	4.33628
k141_7965	378	5.44737	5.44737	2.79457
k141_5950	5146	4.66633	4.66633	3.86
k141_7966	469	1.4232	1.4232	0.244869
k141_7967	505	2.75775	2.75775	0.653011
k141_3847	2178	4.31262	4.31262	3.5559
k141_7968	373	2.93274	2.93274	0.297257
k141_7969	322	2.18023	2.18023	0.768497
k141_3848	362	1.49057	1.49057	0.260574
k141_7970	1228	4.20223	4.20223	2.66659
k141_1637	5163	5.62757	5.62757	3.77893
k141_7971	342	1.33854	1.33854	0.225103
k141_1638	303	4.01307	4.01307	0.762986
k141_7972	313	2.35583	2.35583	0.465197
k141_5951	3122	4.58075	4.58075	3.25201
k141_3849	2437	5.25711	5.25711	4.38969
k141_1639	813	2.59578	2.59578	0.431522
k141_3850	301	5.15232	5.15232	1.95665
k141_1640	522	6.46774	6.46774	1.63508
k141_7973	1677	5.42829	5.42829	3.99993
k141_5952	1773	4.26433	4.26433	3.36967
k141_7974	1269	3.90706	3.90706	2.34913
k141_5953	740	2.86102	2.86102	1.26758
k141_1641	2012	4.04511	4.04511	2.98666
k141_1642	520	1.63514	1.63514	0.248627
k141_3852	3274	3.94078	3.94078	1.87257
k141_1643	848	2.59599	2.59599	1.32865
k141_3853	598	4.1317	4.1317	1.09
k141_5954	2021	4.94922	4.94922	3.82789
k141_1644	1840	4.00118	4.00118	2.43576
k141_3854	1560	3.99929	3.99929	1.86585
k141_7975	3266	5.65501	5.65501	5.16212
k141_5955	1353	3.45054	3.45054	1.73861
k141_7976	363	1.42254	1.42254	0.24515
k141_3855	641	1.89409	1.89409	0.723455
k141_7977	389	2.75732	2.75732	1.23498
k141_5956	669	3.80154	3.80154	3.03969
k141_3856	474	4.91975	4.91975	1.82636
k141_5957	346	1.9898	1.9898	0.481947
k141_3857	370	5	5	2.85845
k141_5958	394	2.37705	2.37705	0.458073
k141_5959	343	1.67876	1.67876	0.219182
k141_3858	659	4.05501	4.05501	1.69382
k141_7978	1351	3.72273	3.72273	4.08723
k141_1645	1680	4.48889	4.48889	3.28077
k141_5960	805	3.64427	3.64427	1.39467
k141_3859	504	3.62429	3.62429	1.93494
k141_7979	435	5.43509	5.43509	0.591721
k141_1646	313	2.90798	2.90798	0.380368
k141_3860	470	1.41875	1.41875	0.300588
k141_5961	486	4.46131	4.46131	3.98058
k141_7980	752	4.62126	4.62126	2.62172
k141_1647	841	3.32706	3.32706	2.19722
k141_7981	388	4	4	0.886076
k141_7982	394	1.71311	1.71311	0.205424
k141_1648	832	4.80792	4.80792	1.60328
k141_1649	519	3.4878	3.4878	0.620097
k141_3861	1987	4.35112	4.35112	2.68
k141_1650	353	2	2	0.455446
k141_5962	2521	3.59258	3.59258	2.30398
k141_7983	1912	6.01873	6.01873	4.84972
k141_5963	507	1.59944	1.59944	0.347528
k141_5964	488	2.09467	2.09467	0.53107
k141_5965	346	1.15306	1.15306	0.284144
k141_3862	1539	4.02088	4.02088	2.17898
k141_1651	1572	4.33052	4.33052	2.38468
k141_1652	302	1.99342	1.99342	0.00657894
k141_3863	422	3.84559	3.84559	1.14212
k141_3864	622	2.86441	2.86441	2.21936
k141_7984	2012	4.81847	4.81847	7.43825
k141_5966	1592	6.09639	6.09639	5.65275
k141_1653	1196	3.82027	3.82027	1.30738
k141_5967	316	4.77711	4.77711	0.440927
k141_1655	329	0	0	0
k141_7985	809	4.17602	4.17602	1.31547
k141_3865	1186	4.64768	4.64768	3.65449
k141_1656	555	1.42469	1.42469	0.244935
k141_1657	435	2.72632	2.72632	0.396665
k141_1658	627	2.1174	2.1174	0.486187
k141_5968	1552	3.87589	3.87589	1.69334
k141_5969	421	2.61255	2.61255	0.467842
k141_1659	816	4.15916	4.15916	8.18815
k141_1660	387	1.85654	1.85654	0.140349
k141_3866	2403	4.09143	4.09143	2.38771
k141_5970	1180	4.85728	4.85728	2.51119
k141_5971	337	2.24599	2.24599	0.691853
k141_3867	690	2.23889	2.23889	0.57548
k141_5972	395	1.23265	1.23265	0.179257
k141_5973	425	3.22182	3.22182	0.684192
k141_1661	1761	4.54128	4.54128	3.40498
k141_1662	523	3.20912	3.20912	0.595939
k141_1663	721	4.95271	4.95271	2.5118
k141_1664	402	4.11111	4.11111	0.903942
k141_3868	2590	4.73852	4.73852	7.97441
k141_7986	5812	4.42335	4.42335	5.59104
k141_3869	393	1.24691	1.24691	0.186716
k141_5974	2612	4.24574	4.24574	1.94077
k141_3870	450	1.69	1.69	0.335016
k141_5975	703	3.40687	3.40687	2.11132
k141_3871	883	2.66712	2.66712	0.427291
k141_3872	776	5.97444	5.97444	2.01214
k141_1665	3183	4.65776	4.65776	2.83797
k141_7987	2600	3.57143	3.57143	2.29397
k141_5976	2010	3.84355	3.84355	2.95613
k141_3873	1268	4.65295	4.65295	3.12205
k141_3874	327	1.71186	1.71186	0.206279
k141_7988	1786	3.85941	3.85941	2.3362
k141_7989	547	2.57683	2.57683	0.719462
k141_7990	520	1.75676	1.75676	0.694059
k141_5977	2606	5.0908	5.0908	2.65777
k141_3875	2235	5.13333	5.13333	5.5282
k141_3876	340	1.53158	1.53158	0.25032
k141_5978	810	3.28485	3.28485	1.35728
k141_7991	1445	3.86641	3.86641	2.26112
k141_3877	1251	3.96276	3.96276	1.76861
k141_7992	615	2.89677	2.89677	0.74794
k141_7993	396	1.65854	1.65854	0.225784
k141_3878	438	1.88889	1.88889	0.545103
k141_7994	311	1.87578	1.87578	0.109472
k141_1666	5700	5.03261	5.03261	4.66123
k141_7995	886	2.25543	2.25543	1.23807
k141_1667	345	5.58462	5.58462	1.11007
k141_5979	2325	5.36276	5.36276	6.78056
k141_7996	643	2.36308	2.36308	0.500021
k141_1668	691	5.74307	5.74307	1.58756
k141_7997	541	3.20972	3.20972	0.376417
k141_1669	553	2.98015	2.98015	0.790651
k141_1670	453	3.55446	3.55446	0.645204
k141_1671	496	2.12139	2.12139	0.483772
k141_1672	419	2.7658	2.7658	0.836737
k141_1673	376	5.20354	5.20354	4.1984
k141_7998	1622	3.85802	3.85802	1.50873
k141_3879	3795	3.893	3.893	2.38754
k141_1674	529	2.61741	2.61741	1.04636
k141_5980	3472	4.42113	4.42113	3.93677
k141_1675	677	4.17268	4.17268	2.37507
k141_3880	1183	3.63698	3.63698	1.72372
k141_3881	322	2.37209	2.37209	0.235006
k141_3882	420	3.29259	3.29259	1.47913
k141_5981	1559	4.7665	4.7665	8.45468
k141_5982	891	2.46424	2.46424	1.33825
k141_7999	3881	4.21522	4.21522	2.46708
k141_3883	1753	4.38428	4.38428	4.25908
k141_8000	633	1.65631	1.65631	0.371262
k141_1676	2870	4.1625	4.1625	4.03684
k141_5983	1124	5.52259	5.52259	4.10174
k141_1677	413	2.85171	2.85171	0.691667
k141_5984	560	3.37073	3.37073	2.08227
k141_1678	921	5.23217	5.23217	7.35251
k141_3884	1863	5.7052	5.7052	2.84703
k141_3885	382	2.39224	2.39224	0.732926
k141_5985	1022	5.62615	5.62615	2.83597
k141_8001	1910	6.04545	6.04545	8.61988
k141_5986	427	2.99278	2.99278	1.32604
k141_8002	1187	3.40984	3.40984	2.1475
k141_3886	1423	5.58366	5.58366	3.08596
k141_8003	383	2.33906	2.33906	0.397477
k141_8004	407	2.82879	2.82879	1.95495
k141_3887	629	3.39666	3.39666	3.79631
k141_1679	2532	5.67086	5.67086	3.93194
k141_3888	347	1.53807	1.53807	0.249819
k141_1680	347	5.29442	5.29442	1.15777
k141_3889	378	2.59211	2.59211	0.938618
k141_1681	337	1.68984	1.68984	1.50544
k141_3890	821	3.8003	3.8003	0.855582
k141_1682	1103	3.59077	3.59077	2.56136
k141_3891	1301	4.26672	4.26672	4.86184
k141_1683	1702	5.15142	5.15142	3.4451
k141_3892	1262	2.97212	2.97212	1.32685
k141_1684	621	2.67304	2.67304	0.450312
k141_3893	685	4.58131	4.58131	2.2813
k141_3894	537	5.94832	5.94832	2.48955
k141_5987	6372	4.68579	4.68579	4.51944
k141_3895	417	4.80899	4.80899	1.9521
k141_5988	403	1.79447	1.79447	0.219493
k141_5989	304	2.19481	2.19481	0.157881
k141_1685	1870	3.77674	3.77674	3.51612
k141_1686	461	2.97428	2.97428	0.883206
k141_8005	6064	4.84866	4.84866	3.63951
k141_5990	1022	3.21904	3.21904	2.12303
k141_8006	370	5.38182	5.38182	8.11839
k141_8007	228	7	7	0
k141_3896	1583	4.57083	4.57083	1.15577
k141_5991	352	1.5	1.5	0.251244
k141_3897	386	2.02966	2.02966	0.207627
k141_5992	397	2.59919	2.59919	0.647641
k141_1687	1047	3.04459	3.04459	1.96676
k141_1688	675	4.25333	4.25333	2.65516
k141_8008	1283	3.17211	3.17211	1.67442
k141_3898	979	6.20507	6.20507	4.27673
k141_1689	528	1.72487	1.72487	0.306065
k141_5993	1385	3.86316	3.86316	1.80864
k141_1690	428	1.63309	1.63309	0.247565
k141_3899	749	4.35893	4.35893	2.76895
k141_1691	364	1.8972	1.8972	0.111448
k141_1692	369	2.23744	2.23744	0.668132
k141_8009	1699	4.62879	4.62879	3.13667
k141_3900	1974	4.46107	4.46107	4.84873
k141_5994	2430	4.63684	4.63684	4.50171
k141_5995	510	2.34167	2.34167	0.364833
k141_3901	703	2.59313	2.59313	2.19829
k141_8010	4327	4.34786	4.34786	2.93428
k141_1693	5065	4.55361	4.55361	4.5504
k141_1694	311	2.91925	2.91925	0.48719
k141_8011	944	4.57935	4.57935	1.09142
k141_1695	793	5.24261	5.24261	1.15288
k141_1696	459	1.38188	1.38188	0.951104
k141_5996	4625	5.24693	5.24693	5.64959
k141_1697	1242	4.92033	4.92033	4.99916
k141_8012	1870	5.03488	5.03488	3.71604
k141_8013	350	2.405	2.405	0.342688
k141_5997	2011	3.4949	3.4949	1.82107
k141_8014	950	4.33	4.33	1.88596
k141_8015	375	2.73333	2.73333	0.285714
k141_1698	1905	4.86895	4.86895	4.44578
k141_8016	617	2.43255	2.43255	1.15156
k141_3902	7717	4.99802	4.99802	4.88117
k141_8017	750	4.605	4.605	1.98896
k141_3903	471	1.65732	1.65732	0.613453
k141_3904	681	2.71186	2.71186	1.13003
k141_5998	2595	3.72556	3.72556	3.15496
k141_8018	1003	4.78077	4.78077	4.84978
k141_3905	410	1.91538	1.91538	0.579684
k141_5999	581	2.65661	2.65661	1.0353
k141_1699	2511	5.13172	5.13172	3.03392
k141_6000	421	2.78967	2.78967	1.00375
k141_1700	353	21.601	21.601	36.4687
k141_3906	1059	4.20572	4.20572	3.65918
k141_1701	383	1.87124	1.87124	0.991973
k141_3907	338	2.25	2.25	0.487968
k141_3908	325	2.24	2.24	0.183448
k141_3909	313	0.631902	0.631902	0.234038
k141_3910	1068	4.76362	4.76362	4.43586
k141_3911	327	2.79096	2.79096	1.37083
k141_6001	2439	4.39581	4.39581	4.30565
k141_8019	4306	5.00577	5.00577	4.5906
k141_8020	362	1.87264	1.87264	0.566642
k141_6002	2345	5.98998	5.98998	5.0901
k141_6003	351	1.92537	1.92537	0.139403
k141_1702	4518	5.09364	5.09364	4.33632
k141_8021	715	4.15575	4.15575	2.15655
k141_8022	445	1.56949	1.56949	0.246004
k141_6004	852	3.95157	3.95157	2.19166
k141_6005	404	2.17323	2.17323	0.73667
k141_6006	317	3.25748	3.25748	0.565833
k141_6007	346	1.54592	1.54592	0.567112
k141_8023	1148	5.84269	5.84269	4.69238
k141_6008	830	3.70441	3.70441	2.37054
k141_6009	427	2.07942	2.07942	0.500916
k141_8024	887	2.75034	2.75034	0.834319
k141_1703	2761	5.31252	5.31252	3.32604
k141_8025	540	3.7359	3.7359	1.3311
k141_6010	1280	4.10354	4.10354	2.89717
k141_8026	790	2.52969	2.52969	1.45452
k141_6011	431	1.82562	1.82562	0.280199
k141_1704	926	3.4884	3.4884	1.33663
k141_3912	7006	4.82876	4.82876	3.82043
k141_8027	458	2.7987	2.7987	0.291594
k141_3913	304	1.7013	1.7013	0.210848
k141_3914	395	1.66531	1.66531	0.469489
k141_1705	906	4.23016	4.23016	3.92048
k141_1706	407	1.94163	1.94163	0.641111
k141_8028	783	3.44234	3.44234	1.71859
k141_6012	1417	4.68666	4.68666	2.84093
k141_1707	419	1.99257	1.99257	0.432779
k141_6013	354	2.47549	2.47549	0.910726
k141_8029	375	1.78667	1.78667	0.329285
k141_6014	453	4.33663	4.33663	2.81345
k141_6015	455	5.00656	5.00656	1.26969
k141_6016	381	2.17749	2.17749	0.677055
k141_1708	1735	5.4877	5.4877	3.62881
k141_8030	1441	4.70875	4.70875	4.34771
k141_1709	609	3.18083	3.18083	0.336226
k141_6017	1069	5.53101	5.53101	5.90073
k141_3915	3249	4.2375	4.2375	2.28833
k141_3916	697	1.37477	1.37477	0.461856
k141_6018	960	2.7321	2.7321	2.01096
k141_8031	1550	5.51071	5.51071	2.14142
k141_6019	509	2.27855	2.27855	0.28532
k141_8032	355	5.08293	5.08293	0.341128
k141_3917	1041	3.67677	3.67677	3.76955
k141_1710	2136	4.88117	4.88117	3.86293
k141_6020	637	2.4846	2.4846	1.92929
k141_8033	729	2.2487	2.2487	0.76157
k141_8034	404	1.80709	1.80709	0.156313
k141_6021	472	2.62112	2.62112	0.341984
k141_1711	1633	4.94268	4.94268	3.34015
k141_6022	1555	3.95516	3.95516	3.35055
k141_3918	3658	5.36802	5.36802	4.1984
k141_6023	1572	4.22785	4.22785	1.54269
k141_3919	1807	4.33374	4.33374	2.85651
k141_8035	4873	4.35549	4.35549	3.39593
k141_1712	4752	4.57714	4.57714	3.5607
k141_3920	1567	3.76782	3.76782	3.33658
k141_6024	3568	5.31685	5.31685	5.98297
k141_1713	1379	4.72661	4.72661	2.1858
k141_6025	678	3.02841	3.02841	0.714561
k141_3921	1745	3.9536	3.9536	3.67661
k141_8036	2679	3.72202	3.72202	1.30994
k141_1714	965	4.42822	4.42822	1.89379
k141_6026	499	3.47564	3.47564	2.50301
k141_3922	476	3.70245	3.70245	5.0035
k141_8037	566	4.57212	4.57212	2.61165
k141_6027	714	4.33688	4.33688	3.56662
k141_1715	576	2.45775	2.45775	0.705268
k141_3923	673	1.58317	1.58317	1.09412
k141_3924	644	3.46559	3.46559	2.04242
k141_6028	1244	3.69744	3.69744	1.98798
k141_3925	357	1.46377	1.46377	0.249894
k141_6029	402	2.94444	2.94444	2.10845
k141_3926	445	2.27458	2.27458	0.315508
k141_3927	330	2.87778	2.87778	0.554811
k141_1716	2016	3.92712	3.92712	2.30892
k141_3928	1339	4.41968	4.41968	3.46764
k141_3929	587	1.35927	1.35927	0.230723
k141_1717	1260	3.76396	3.76396	1.27516
k141_8038	3452	4.36705	4.36705	3.19693
k141_3930	560	2.1439	2.1439	0.328874
k141_1718	402	4.29365	4.29365	1.06084
k141_8039	379	6.27948	6.27948	15.3952
k141_3931	461	3.83601	3.83601	1.09883
k141_8040	316	1.28313	1.28313	0.204199
k141_8041	399	3.69076	3.69076	5.31125
k141_1719	918	4.34766	4.34766	1.98457
k141_8042	619	3.97015	3.97015	1.62303
k141_1720	741	3.43824	3.43824	3.59575
k141_1721	955	4.92547	4.92547	2.99444
k141_6030	5084	4.73612	4.73612	3.72516
k141_8043	1630	5.36486	5.36486	5.02026
k141_6031	471	3.10592	3.10592	0.794993
k141_8044	328	2.11236	2.11236	0.111598
k141_6032	373	1.69955	1.69955	0.625541
k141_3932	3104	4.90284	4.90284	2.4399
k141_6033	305	1.67097	1.67097	0.222203
k141_8045	1395	4.6241	4.6241	4.10134
k141_8046	784	5.22555	5.22555	1.92219
k141_1722	2819	6.1701	6.1701	4.8519
k141_8047	357	1.46377	1.46377	0.249894
k141_8048	438	2.03819	2.03819	0.197142
k141_3933	2945	4.25689	4.25689	2.24823
k141_8049	1809	4.46112	4.46112	2.59963
k141_1723	2349	5.14961	5.14961	3.81338
k141_6034	4067	4.81287	4.81287	3.51067
k141_1724	509	2.68802	2.68802	0.366085
k141_8050	931	3.75544	3.75544	2.76959
k141_1725	549	4.48872	4.48872	2.77311
k141_3934	2144	4.49499	4.49499	4.54813
k141_1726	328	1.66854	1.66854	0.222847
k141_3935	867	4.00837	4.00837	2.61166
k141_1727	920	4.28182	4.28182	3.07912
k141_3936	706	3.15288	3.15288	1.23244
k141_6035	3530	4.78254	4.78254	2.78046
k141_6036	308	1.71519	1.71519	0.204991
k141_6037	313	0.981595	0.981595	0.0181777
k141_3937	1778	5.29607	5.29607	8.28226
k141_6038	333	2.48087	2.48087	0.668588
k141_3938	303	2.24183	2.24183	0.184554
k141_6039	387	1.39662	1.39662	0.240328
k141_1728	2957	4.73958	4.73958	3.35804
k141_8051	4015	4.73506	4.73506	3.46702
k141_6040	454	1.82566	1.82566	0.652675
k141_6041	449	4.2107	4.2107	1.69035
k141_3939	1375	4.09225	4.09225	3.4482
k141_6042	447	1.86869	1.86869	0.323914
k141_6043	417	2.10861	2.10861	0.443046
k141_3940	812	3.87311	3.87311	3.01868
k141_3941	759	3.92447	3.92447	1.97783
k141_3942	1025	5.27771	5.27771	2.85988
k141_3943	373	1.30045	1.30045	0.211126
k141_6044	1927	5.21216	5.21216	3.21673
k141_3944	313	2.43558	2.43558	0.247368
k141_6045	532	1.96597	1.96597	0.216687
k141_8052	4228	4.48847	4.48847	4.09934
k141_3945	1459	4.57678	4.57678	3.9859
k141_3946	309	1.8239	1.8239	0.146008
k141_8053	1067	6.241	6.241	3.44077
k141_8054	796	4.85604	4.85604	3.34514
k141_3947	1252	4.51906	4.51906	2.37157
k141_1729	7092	5.52046	5.52046	4.76187
k141_3948	638	4.04098	4.04098	1.06197
k141_1730	407	3.50195	3.50195	1.30566
k141_8055	1532	5.52243	5.52243	3.72687
k141_3949	549	2.59148	2.59148	0.950784
k141_8056	871	3.89875	3.89875	2.09113
k141_3950	1927	4.19696	4.19696	4.11881
k141_8057	1586	4.38788	4.38788	3.05989
k141_8058	391	1.25726	1.25726	0.191874
k141_8059	403	1.31621	1.31621	0.217078
k141_8060	312	2.77778	2.77778	0.223603
k141_3951	1416	4.87678	4.87678	7.53899
k141_3952	691	0.839187	0.839187	0.398166
k141_3953	346	2.2602	2.2602	0.193486
k141_1731	3636	4.50029	4.50029	3.16256
k141_3954	532	5.22251	5.22251	1.23907
k141_3955	912	4.53412	4.53412	2.15192
k141_8061	2813	5.29854	5.29854	5.9097
k141_8062	673	1.44168	1.44168	0.247072
k141_8063	326	2.60795	2.60795	0.365422
k141_8064	388	3.5084	3.5084	2.82483
k141_6046	10602	5.57224	5.57224	5.24756
k141_1732	2969	4.08443	4.08443	2.65858
k141_6047	419	1.5539	1.5539	0.248016
k141_1733	495	2.48116	2.48116	0.628279
k141_6048	539	2.77635	2.77635	1.79779
k141_3956	3212	4.79295	4.79295	3.64549
k141_6049	658	3.99016	3.99016	1.18136
k141_1734	1038	5.08671	5.08671	2.73542
k141_8065	1702	5.13338	5.13338	3.46575
k141_6050	361	1.79147	1.79147	0.41345
k141_8066	314	1.81707	1.81707	0.150382
k141_6051	330	3.47222	3.47222	0.451738
k141_3957	2702	3.97688	3.97688	2.51102
k141_6052	2480	5.05236	5.05236	4.05827
k141_1735	2568	5.70968	5.70968	5.22887
k141_1736	441	1.56357	1.56357	1.21232
k141_3958	1039	5.24072	5.24072	7.71908
k141_8067	3487	4.76566	4.76566	3.18242
k141_6053	1364	4.47446	4.47446	2.04015
k141_8068	733	2.82161	2.82161	1.57293
k141_6054	401	1.89243	1.89243	0.528384
k141_6055	462	4.91346	4.91346	1.1404
k141_1737	2084	6.07239	6.07239	3.84263
k141_6056	693	2.97974	2.97974	1.67302
k141_3959	1951	6.46585	6.46585	2.90677
k141_6057	983	4.27011	4.27011	2.58201
k141_1738	1223	4.59087	4.59087	6.30913
k141_1739	380	2.15652	2.15652	1.10203
k141_1740	734	3.55479	3.55479	1.34176
k141_6058	1254	3.30254	3.30254	1.70894
k141_8069	3193	3.72429	3.72429	2.44893
k141_1741	323	1.69942	1.69942	0.211453
k141_6059	351	1.99502	1.99502	0.434974
k141_8070	480	2.08182	2.08182	1.13918
k141_1742	485	3.77015	3.77015	1.09372
k141_6060	676	2.30798	2.30798	1.05925
k141_8071	581	3.80742	3.80742	1.61631
k141_3960	2998	5.3427	5.3427	6.82947
k141_3961	308	1.87342	1.87342	0.111263
k141_1743	1563	4.67587	4.67587	1.77163
k141_1744	393	1.32922	1.32922	0.403564
k141_8072	1695	5.58706	5.58706	4.10267
k141_8073	350	2.035	2.035	0.0942463
k141_8074	445	2.11525	2.11525	0.524086
k141_6061	2377	4.56758	4.56758	4.72982
k141_3962	2101	4.81804	4.81804	5.40537
k141_8075	1651	3.87875	3.87875	3.30929
k141_6062	1968	4.55776	4.55776	3.9551
k141_8076	307	3.3121	3.3121	0.857096
k141_6063	330	3.11667	3.11667	1.14274
k141_3963	2754	5.77919	5.77919	8.97726
k141_6064	424	2.40511	2.40511	0.263857
k141_6065	401	2.61355	2.61355	0.254055
k141_3964	949	2.77972	2.77972	1.47522
k141_3965	646	7.21774	7.21774	11.8071
k141_3966	325	2.14286	2.14286	0.70936
k141_8077	2323	4.14082	4.14082	2.90742
k141_3967	1078	4.3653	4.3653	2.00988
k141_6066	2042	4.2611	4.2611	1.661
k141_6067	310	2.975	2.975	0.691194
k141_6068	317	1.16766	1.16766	0.140394
k141_6069	707	3.01257	3.01257	1.12035
k141_3968	1252	3.62341	3.62341	1.90075
k141_1745	7518	5.31501	5.31501	4.33604
k141_8078	1735	5.64795	5.64795	4.36216
k141_1746	931	2.35083	2.35083	0.889582
k141_3969	1080	4.19892	4.19892	1.46416
k141_1747	318	1.97024	1.97024	0.723659
k141_8079	1720	4.61911	4.61911	2.80194
k141_8080	338	2.70213	2.70213	0.691546
k141_8081	1154	4.56773	4.56773	7.12308
k141_3970	3117	4.91271	4.91271	4.06755
k141_8082	500	2.43143	2.43143	0.435112
k141_8083	528	2.89418	2.89418	0.8588
k141_6070	3905	5.61172	5.61172	4.33189
k141_1748	4094	6.16278	6.16278	5.78386
k141_6071	673	4.05545	4.05545	1.65399
k141_3971	1705	4.65016	4.65016	2.06026
k141_3972	549	2.93734	2.93734	0.54129
k141_3973	484	1.81138	1.81138	0.363713
k141_3974	828	5.43658	5.43658	3.64073
k141_3975	785	8.02362	8.02362	9.06412
k141_3976	397	1.53441	1.53441	0.249827
k141_3977	308	2.60127	2.60127	0.241272
k141_3978	472	1.87267	1.87267	0.373144
k141_8084	3731	4.7914	4.7914	3.71654
k141_3979	625	2.68421	2.68421	0.351543
k141_6072	3661	4.97608	4.97608	4.02406
k141_3980	902	4.57181	4.57181	3.3237
k141_8085	1422	4.40645	4.40645	2.76228
k141_1750	5040	5.30532	5.30532	8.58164
k141_3981	866	3.34497	3.34497	3.36191
k141_8086	709	4.37388	4.37388	2.3743
k141_8087	574	3.875	3.875	2.10963
k141_8088	594	3.16667	3.16667	0.902182
k141_3982	1871	4.37536	4.37536	5.24863
k141_6073	2536	4.60813	4.60813	2.66021
k141_3983	361	4.80095	4.80095	1.41733
k141_6074	1084	3.98929	3.98929	3.25604
k141_6075	355	3.32683	3.32683	0.41717
k141_3984	1770	4.70864	4.70864	5.48514
k141_8089	1982	4.7702	4.7702	2.61291
k141_1751	4663	5.69754	5.69754	4.90208
k141_6076	1106	5.31067	5.31067	6.19133
k141_8090	1038	4.18919	4.18919	2.5865
k141_3985	3388	4.92804	4.92804	4.20462
k141_8091	1873	4.82589	4.82589	2.99872
k141_8092	376	1.77876	1.77876	0.466393
k141_8093	403	2.38735	2.38735	0.452537
k141_3986	1833	4.53238	4.53238	2.08145
k141_1752	4769	5.1444	5.1444	3.99801
k141_1753	342	1.54688	1.54688	0.2491
k141_8094	1836	4.49407	4.49407	3.39906
k141_8097	338	1.49468	1.49468	0.711202
k141_3987	1949	5.65536	5.65536	4.08252
k141_3988	998	3.97995	3.97995	2.17787
k141_3989	492	2.36842	2.36842	1.11314
k141_8098	1653	3.73253	3.73253	3.13345
k141_1754	3605	5.93806	5.93806	8.55842
k141_8099	379	2.98253	2.98253	0.578641
k141_1755	1067	4.89531	4.89531	1.43227
k141_1756	345	2.24103	2.24103	0.596247
k141_6077	9577	4.79209	4.79209	4.0009
k141_1757	1438	4.49767	4.49767	1.28826
k141_6078	560	1.87805	1.87805	0.850614
k141_3990	5503	4.70783	4.70783	2.73711
k141_3991	339	2.16402	2.16402	0.478272
k141_3992	362	3.60849	3.60849	0.239358
k141_1758	1930	4.0809	4.0809	2.89283
k141_3993	337	1.33155	1.33155	0.222816
k141_1759	416	1.68421	1.68421	0.284807
k141_6079	3227	5.47774	5.47774	5.02205
k141_3994	1524	4.1361	4.1361	1.54958
k141_1760	1571	4.89866	4.89866	2.54747
k141_8100	6589	5.14164	5.14164	5.21755
k141_1761	371	1.37104	1.37104	0.23443
k141_8101	484	3.54491	3.54491	0.549028
k141_3995	1076	3.74946	3.74946	1.5177
k141_3996	323	2.56647	2.56647	0.29352
k141_1762	538	1.55928	1.55928	0.247123
k141_8102	375	2.01333	2.01333	0.156072
k141_1763	420	4.26667	4.26667	1.57918
k141_8103	671	3.93666	3.93666	1.24406
k141_1764	385	5.85532	5.85532	1.16701
k141_1765	316	2.46386	2.46386	0.480504
k141_3997	1508	3.25258	3.25258	2.1108
k141_6080	3079	4.34312	4.34312	3.39694
k141_1766	949	4.5607	4.5607	2.09122
k141_6081	302	1.85526	1.85526	0.363019
k141_6082	513	2.45455	2.45455	0.408838
k141_6083	488	3.51775	3.51775	0.814225
k141_6084	586	3.19037	3.19037	0.719998
k141_6085	450	4.96333	4.96333	1.31972
k141_1767	2063	6.43126	6.43126	7.33118
k141_8104	2550	5.55125	5.55125	3.73635
k141_8105	337	5.39572	5.39572	3.12213
k141_1768	589	3.7426	3.7426	2.56145
k141_6086	961	4.91615	4.91615	1.91149
k141_1769	330	2.32222	2.32222	0.219615
k141_6087	329	1.55307	1.55307	0.248572
k141_1770	338	1.6117	1.6117	0.238793
k141_3998	3532	4.5275	4.5275	3.04911
k141_1771	354	4.22059	4.22059	1.60135
k141_8106	851	3.42796	3.42796	2.3023
k141_3999	327	1.58192	1.58192	0.244671
k141_8107	318	5.53571	5.53571	0.537639
k141_4000	1142	3.95363	3.95363	2.37929
k141_4001	318	4.38095	4.38095	0.680354
k141_4002	318	1.69048	1.69048	0.214998
k141_8108	1732	5.65107	5.65107	6.66119
k141_1772	2091	4.74446	4.74446	3.71301
k141_4003	942	5.32197	5.32197	3.34122
k141_8109	589	5.01822	5.01822	2.33757
k141_8110	390	1.42917	1.42917	0.246008
k141_4004	611	2.26464	2.26464	1.45155
k141_4005	334	1.11957	1.11957	0.105844
k141_4006	905	4.30331	4.30331	1.14263
k141_8111	1517	4.25677	4.25677	2.13826
k141_6088	4726	4.78759	4.78759	4.98393
k141_8112	583	2.7067	2.7067	0.79109
k141_6089	313	2.57055	2.57055	0.246535
k141_6090	321	3.49123	3.49123	1.07492
k141_8113	634	1.9938	1.9938	0.705963
k141_4007	1784	6.50857	6.50857	8.24514
k141_6091	1446	5.39352	5.39352	4.23576
k141_4008	719	2.0246	2.0246	1.05221
k141_6092	621	2.03822	2.03822	0.645346
k141_8114	2047	4.42225	4.42225	2.80105
k141_1773	5200	4.47485	4.47485	3.2868
k141_8115	369	1.38356	1.38356	0.237527
k141_8116	374	2.02232	2.02232	0.237168
k141_1774	378	2.65351	2.65351	0.738445
k141_8117	318	1.74405	1.74405	0.191581
k141_1775	433	1.62898	1.62898	0.298023
k141_4009	1766	4.46597	4.46597	3.48738
k141_4010	481	2.12387	2.12387	0.660369
k141_1776	833	3.30015	3.30015	1.16931
k141_6093	2709	4.966	4.966	4.51842
k141_6094	435	2.79298	2.79298	0.530937
k141_4011	1676	4.38598	4.38598	1.86075
k141_4012	302	2.29605	2.29605	0.527666
k141_8118	2662	5.30215	5.30215	3.41284
k141_4013	539	3.94602	3.94602	1.77801
k141_6095	1262	4.41817	4.41817	2.28492
k141_4014	2590	5.55656	5.55656	3.70404
k141_6096	2956	5.32787	5.32787	3.6928
k141_4015	375	1.80889	1.80889	0.155277
k141_4016	338	1.57979	1.57979	0.244937
k141_1777	5368	4.94768	4.94768	3.21506
k141_1778	307	1.78344	1.78344	0.170749
k141_4017	676	4.30228	4.30228	4.66085
k141_8119	4314	4.54323	4.54323	3.19699
k141_1779	757	3.87479	3.87479	1.50905
k141_1780	736	4.6587	4.6587	1.49016
k141_8120	587	2.08924	2.08924	1.4622
k141_8121	681	3.12994	3.12994	0.981194
k141_1781	1480	4.60301	4.60301	3.17561
k141_1782	371	4.80543	4.80543	1.40288
k141_1783	353	1.96552	1.96552	0.568112
k141_4018	3208	5.6295	5.6295	4.24838
k141_8122	1620	4.23061	4.23061	2.76433
k141_8123	1150	4.057	4.057	3.13887
k141_8124	378	1.32895	1.32895	0.221713
k141_4019	1720	3.35096	3.35096	1.45292
k141_4020	407	2.19455	2.19455	0.477625
k141_1784	3481	5.01441	5.01441	3.28684
k141_8125	2559	4.90577	4.90577	5.17672
k141_6097	8630	5.27653	5.27653	5.1809
k141_1785	1701	3.33333	3.33333	1.45075
k141_4021	2581	4.25422	4.25422	3.38886
k141_4022	1981	6.26543	6.26543	11.6344
k141_4023	566	4.66587	4.66587	1.94832
k141_6098	2820	4.58277	4.58277	2.77382
k141_4024	390	1.75833	1.75833	0.518758
k141_8126	4226	5.32655	5.32655	5.07491
k141_4025	401	1.80876	1.80876	0.419283
k141_6099	439	2.61246	2.61246	0.606235
k141_4026	600	4.89778	4.89778	1.88708
k141_6100	723	3.38743	3.38743	2.26222
k141_4027	481	3.95468	3.95468	3.33431
k141_6101	458	4.03247	4.03247	2.86538
k141_8127	308	3.1962	3.1962	0.668265
k141_1786	4407	4.58233	4.58233	4.41391
k141_4028	1803	5.65336	5.65336	4.03655
k141_8128	1906	5.63838	5.63838	5.04471
k141_1787	1532	4.64689	4.64689	2.68478
k141_4029	659	2.53242	2.53242	0.729751
k141_1788	303	1.68627	1.68627	0.216718
k141_8129	442	4.38356	4.38356	4.93829
k141_6102	2525	5.16126	5.16126	6.0115
k141_4030	693	2.58932	2.58932	1.03214
k141_1789	672	3.41188	3.41188	2.68417
k141_6103	329	6.46369	6.46369	1.98042
k141_1790	414	2.41288	2.41288	0.471469
k141_4031	782	2.79114	2.79114	0.745531
k141_8130	1116	6.07143	6.07143	5.198
k141_4032	330	4.11111	4.11111	0.803228
k141_1791	682	1.85902	1.85902	0.513047
k141_8131	791	2.90952	2.90952	1.33867
k141_6104	1386	5.12217	5.12217	2.79721
k141_8132	334	2.36957	2.36957	0.420052
k141_4033	930	4.63846	4.63846	2.3595
k141_4034	515	4.07671	4.07671	1.03805
k141_1792	1528	3.918	3.918	2.16542
k141_4035	426	3.29348	3.29348	0.484467
k141_6105	1133	3.57477	3.57477	1.57256
k141_4036	310	1.1625	1.1625	0.765881
k141_6106	325	1.73143	1.73143	0.19757
k141_6107	338	3.48404	3.48404	1.28851
k141_1793	1156	4.1829	4.1829	4.9914
k141_8133	1958	5.50442	5.50442	4.59436
k141_6108	850	5.54571	5.54571	2.45143
k141_8134	379	0.991266	0.991266	0.21045
k141_6109	859	3.53456	3.53456	1.4017
k141_4037	2077	5.12922	5.12922	6.09072
k141_6110	495	1.2058	1.2058	0.361594
k141_8135	1120	3.79381	3.79381	1.69738
k141_4038	375	2.97778	2.97778	0.816468
k141_6111	389	1.2636	1.2636	0.19493
k141_4039	339	2.31746	2.31746	0.409322
k141_6112	423	1.50916	1.50916	0.250835
k141_6113	340	1.58947	1.58947	0.243275
k141_8136	1155	4.51144	4.51144	3.95729
k141_1794	3413	4.73307	4.73307	4.07132
k141_6114	1673	4.61326	4.61326	1.71301
k141_6115	301	2.66225	2.66225	0.238499
k141_8137	1834	4.04513	4.04513	2.0966
k141_6116	690	2.37778	2.37778	0.69561
k141_1795	1311	3.94057	3.94057	2.10078
k141_6117	342	2.875	2.875	0.518325
k141_1796	607	3.14661	3.14661	0.756961
k141_1797	346	1.96939	1.96939	0.245212
k141_4040	4094	4.44498	4.44498	5.33752
k141_4041	779	1.89507	1.89507	0.339292
k141_8138	1922	4.25226	4.25226	2.0916
k141_4042	372	2.25225	2.25225	0.415718
k141_4043	321	1.32749	1.32749	0.374475
k141_6118	2554	3.96672	3.96672	3.02678
k141_4044	699	3.82149	3.82149	1.71626
k141_6119	419	1.4052	1.4052	0.406093
k141_6120	338	1.20745	1.20745	0.3685
k141_4045	575	2.10353	2.10353	0.88548
k141_6121	590	4.23864	4.23864	3.70375
k141_1798	2945	5.73202	5.73202	4.25284
k141_1799	302	1.32895	1.32895	0.619554
k141_8139	1895	4.86074	4.86074	2.76672
k141_4046	856	1.89943	1.89943	0.805475
k141_8140	367	3.9447	3.9447	1.3673
k141_4047	781	1.91125	1.91125	0.341317
k141_8141	824	3.05786	3.05786	1.30572
k141_4048	313	2.18405	2.18405	0.706657
k141_8142	352	2.08416	2.08416	0.48542
k141_6122	1669	4.51876	4.51876	2.05219
k141_8143	319	1.67456	1.67456	0.220837
k141_1800	1778	5.39681	5.39681	3.51793
k141_6123	512	4.20442	4.20442	1.09383
k141_4049	900	3.17333	3.17333	1.94855
k141_1801	524	5.65775	5.65775	2.65467
k141_6124	492	2.1462	2.1462	0.441908
k141_6125	372	2.59009	2.59009	0.288227
k141_6126	357	1.91787	1.91787	0.347592
k141_1802	792	2.61526	2.61526	1.56625
k141_6127	578	4.25701	4.25701	3.06727
k141_1803	652	4.71912	4.71912	1.12854
k141_1804	502	2.14773	2.14773	0.285806
k141_4050	2482	4.58705	4.58705	3.49004
k141_1805	952	2.51122	2.51122	1.50112
k141_1806	315	2.16364	2.16364	0.137694
k141_1807	551	3.57107	3.57107	0.74056
k141_6128	2373	4.63698	4.63698	2.90553
k141_6129	381	3.02165	3.02165	0.264747
k141_4051	1705	6.41736	6.41736	5.10433
k141_6130	341	2.92147	2.92147	0.441168
k141_8144	5007	5.17603	5.17603	4.51166
k141_4052	886	4.56114	4.56114	3.85204
k141_6131	864	4.90896	4.90896	1.67613
k141_8145	472	1.87888	1.87888	0.505533
k141_8146	594	2.56757	2.56757	1.84418
k141_1808	2187	4.80167	4.80167	1.90662
k141_4053	1239	3.92195	3.92195	4.47644
k141_6132	2758	4.47738	4.47738	3.6581
k141_8147	1740	5.14465	5.14465	5.32706
k141_8148	319	2.97041	2.97041	0.719357
k141_6133	621	1.60297	1.60297	0.261183
k141_4054	2482	3.57461	3.57461	1.72199
k141_1809	3802	4.29984	4.29984	3.49783
k141_6134	1771	5.41888	5.41888	6.22504
k141_8149	2773	5.80366	5.80366	6.24865
k141_4055	3204	4.69286	4.69286	4.45337
k141_1810	2197	5.44113	5.44113	4.80385
k141_4056	343	2.2487	2.2487	0.260741
k141_6135	1724	4.67598	4.67598	2.50143
k141_4057	315	2.47879	2.47879	0.251072
k141_4058	471	2.20561	2.20561	1.03259
k141_6136	599	3.96882	3.96882	1.61063
k141_4059	689	3.79777	3.79777	0.752708
k141_1811	2903	4.20923	4.20923	1.97874
k141_6137	2478	5.23668	5.23668	5.44678
k141_8150	3189	4.47647	4.47647	4.04543
k141_4060	2188	4.37929	4.37929	4.84821
k141_6138	347	2.09645	2.09645	0.34269
k141_1812	533	6.36292	6.36292	1.54595
k141_8151	766	5.54383	5.54383	1.60458
k141_4061	885	3.82721	3.82721	3.39108
k141_8152	406	2.125	2.125	0.4
k141_4062	323	1.31214	1.31214	0.47177
k141_8153	340	1.15263	1.15263	0.627374
k141_6139	1380	3.33902	3.33902	1.13722
k141_6140	487	2.43027	2.43027	0.763726
k141_6141	696	5.41758	5.41758	2.5042
k141_1813	2329	4.10601	4.10601	1.9534
k141_4063	1421	4.04642	4.04642	1.99076
k141_6142	569	2.11933	2.11933	0.449839
k141_8154	1928	6.40382	6.40382	5.53409
k141_1814	628	2.68619	2.68619	1.48203
k141_8155	452	3.20199	3.20199	0.733154
k141_6143	937	4.67726	4.67726	4.90842
k141_8156	1249	3.90082	3.90082	2.46831
k141_6144	1046	4.03571	4.03571	1.93614
k141_1815	1752	5.00874	5.00874	3.06926
k141_6145	466	3.63608	3.63608	1.49571
k141_4064	2419	4.58484	4.58484	3.55234
k141_6146	326	1.5625	1.5625	0.2475
k141_1816	555	2.97778	2.97778	1.79406
k141_4065	306	4.97436	4.97436	0.657402
k141_6147	350	1.89	1.89	0.168744
k141_6148	390	4.22083	4.22083	1.13513
k141_8157	1527	4.65359	4.65359	3.85159
k141_4066	780	2.95397	2.95397	2.12984
k141_6149	485	1.61791	1.61791	0.542197
k141_8158	631	4.3763	4.3763	3.72686
k141_4067	808	3.82675	3.82675	1.20586
k141_8159	484	2.20359	2.20359	0.420889
k141_4068	316	2.1506	2.1506	0.746877
k141_6150	1050	4.18333	4.18333	2.20995
k141_1817	2086	4.85744	4.85744	3.59935
k141_6151	418	2.46269	2.46269	0.706469
k141_8160	583	3.02309	3.02309	1.30965
k141_1818	357	3.29952	3.29952	0.608884
k141_4069	810	5.35455	5.35455	5.33995
k141_1819	395	3.08163	3.08163	1.85397
k141_1820	380	2.9087	2.9087	0.441409
k141_8161	847	6.13199	6.13199	3.49118
k141_4070	907	3.09908	3.09908	2.05234
k141_4071	872	4.57756	4.57756	2.76304
k141_8162	1310	4.58621	4.58621	5.58876
k141_4072	336	1.19355	1.19355	0.589365
k141_4073	1572	2.62307	2.62307	1.78603
k141_1821	3149	4.01867	4.01867	2.76818
k141_6152	4111	4.99546	4.99546	3.38988
k141_1822	896	1.9571	1.9571	0.739093
k141_1823	330	4.75	4.75	0.847765
k141_1824	381	2.17316	2.17316	0.613362
k141_4074	1603	5.18376	5.18376	3.74376
k141_1825	362	3.78774	3.78774	0.452362
k141_1826	1100	4.32316	4.32316	1.78903
k141_1827	439	2.3045	2.3045	0.372238
k141_6153	3495	5.28431	5.28431	4.54926
k141_1828	968	4.59046	4.59046	2.69989
k141_8163	5793	5.33209	5.33209	3.82732
k141_8164	392	1.24793	1.24793	0.187237
k141_8165	1003	3.66706	3.66706	1.51812
k141_8166	356	1.46602	1.46602	0.25006
k141_8167	320	3.04118	3.04118	0.264566
k141_8168	1276	4.33748	4.33748	2.44955
k141_4075	6069	4.14259	4.14259	2.70301
k141_6154	4395	5.0285	5.0285	3.44902
k141_6155	834	3.5	3.5	1.34553
k141_1829	5259	4.95792	4.95792	4.03722
k141_6156	355	6.11707	6.11707	1.34897
k141_6157	454	2.51974	2.51974	1.39895
k141_8169	3148	4.50167	4.50167	2.6965
k141_1830	766	3.77597	3.77597	0.593634
k141_6158	436	1.53497	1.53497	0.24965
k141_1831	664	3.37354	3.37354	2.21497
k141_6159	871	6.0208	6.0208	5.18426
k141_1832	682	3.84023	3.84023	1.06105
k141_6160	656	5.44862	5.44862	12.7429
k141_6161	223	1	1	0
k141_6162	585	1.92874	1.92874	0.27832
k141_1833	1384	4.52755	4.52755	2.84313
k141_6163	1200	2.29143	2.29143	1.33158
k141_1834	1020	3.55057	3.55057	3.37317
k141_4076	5543	4.92101	4.92101	4.71498
k141_6164	344	2.76804	2.76804	1.20499
k141_4077	443	1.49147	1.49147	0.524755
k141_8170	4196	4.05413	4.05413	2.27271
k141_4078	1029	5.20023	5.20023	5.12616
k141_4079	215	9.98462	9.98462	0.0153846
k141_4080	306	1.28205	1.28205	0.203805
k141_6165	1568	3.61707	3.61707	2.37763
k141_1835	2439	4.54172	4.54172	4.10939
k141_4081	778	2.75637	2.75637	0.816146
k141_8171	2038	2.77913	2.77913	1.28611
k141_4082	330	2.96667	2.96667	0.356425
k141_4083	431	2.86477	2.86477	0.48879
k141_8172	644	2.40688	2.40688	1.70226
k141_6166	1693	4.3208	4.3208	2.2362
k141_6167	379	2.30568	2.30568	0.335976
k141_6168	364	2.51869	2.51869	1.73439
k141_1836	2332	3.68011	3.68011	1.84352
k141_6169	341	0.39267	0.39267	0.239736
k141_6170	701	1.72414	1.72414	0.345578
k141_6171	345	3.89231	3.89231	1.20999
k141_4084	3234	5.23184	5.23184	5.03118
k141_8173	2117	4.87036	4.87036	4.27056
k141_1837	2105	4.71049	4.71049	2.59883
k141_4085	545	2.32658	2.32658	0.357541
k141_6172	1376	4.05954	4.05954	2.70748
k141_8174	673	3.5717	3.5717	1.54034
k141_4086	478	2.04268	2.04268	0.328449
k141_6173	387	1.27848	1.27848	0.201781
k141_8175	401	1.77291	1.77291	0.320224
k141_4087	415	2.2	2.2	0.395455
k141_1838	965	5.31043	5.31043	2.74504
k141_1839	433	2.29329	2.29329	0.491691
k141_8176	972	3.75669	3.75669	1.94804
k141_6174	1306	5.35554	5.35554	2.70726
k141_1840	1572	3.4571	3.4571	1.06748
k141_1841	650	3.738	3.738	2.28593
k141_8177	1768	2.99629	2.99629	1.75755
k141_6175	1680	5.57582	5.57582	5.90824
k141_1842	367	1.92166	1.92166	0.591056
k141_4088	3216	4.87084	4.87084	3.04103
k141_1843	503	1.84419	1.84419	0.484178
k141_4089	323	1.16763	1.16763	0.140341
k141_1844	327	1.66667	1.66667	0.223485
k141_4090	454	1.49342	1.49342	0.250782
k141_4091	625	5.25895	5.25895	1.20496
k141_1845	1234	4.5572	4.5572	2.82314
k141_4092	576	1.03756	1.03756	0.567995
k141_1846	531	3.26772	3.26772	0.754456
k141_4093	401	1.20717	1.20717	0.164908
k141_4094	945	4.45283	4.45283	2.64103
k141_8178	3302	5.16751	5.16751	4.34965
k141_1847	1019	4.73763	4.73763	3.62695
k141_4095	515	2.26575	2.26575	1.2616
k141_8179	789	4.89671	4.89671	3.39372
k141_8180	329	2.63687	2.63687	0.951668
k141_4096	2114	5.48422	5.48422	4.75215
k141_6176	5679	4.92223	4.92223	5.37987
k141_8181	1997	5.12236	5.12236	3.26668
k141_4097	433	3.17314	3.17314	1.52665
k141_8182	389	2.57741	2.57741	0.413101
k141_1848	3302	4.84645	4.84645	1.91607
k141_6177	699	4.29508	4.29508	1.1281
k141_8183	483	4.23423	4.23423	0.776293
k141_6178	345	1.50769	1.50769	0.251229
k141_1849	633	4.12629	4.12629	2.34294
k141_6179	329	4.53631	4.53631	0.643335
k141_1850	575	1.96235	1.96235	0.668387
k141_4098	1050	4.6	4.6	4.97663
k141_8184	1205	5.65024	5.65024	3.11571
k141_8185	453	1.967	1.967	1.5552
k141_8186	491	2.18475	2.18475	0.804003
k141_8187	889	4.05819	4.05819	1.44512
k141_8188	504	2.34746	2.34746	0.295362
k141_8189	301	2.25828	2.25828	0.592848
k141_6180	2829	5.2639	5.2639	4.19882
k141_6181	389	2.38494	2.38494	0.288176
k141_1851	4172	5.16584	5.16584	6.66523
k141_6182	1422	5.03931	5.03931	2.50829
k141_1852	547	3.42317	3.42317	0.567947
k141_1853	1683	4.53294	4.53294	2.75299
k141_8190	4161	4.55098	4.55098	3.44692
k141_4099	6289	4.97133	4.97133	4.97339
k141_1854	806	4.1997	4.1997	2.34022
k141_4100	444	2.59864	2.59864	1.7974
k141_8191	607	1.99125	1.99125	0.68852
k141_1855	691	2.4122	2.4122	0.498294
k141_8192	674	2.98473	2.98473	0.85254
k141_8193	536	3.07772	3.07772	0.591348
k141_4101	1298	4.37631	4.37631	3.21485
k141_6183	4238	5.07608	5.07608	3.34458
k141_8194	360	1.80952	1.80952	0.508998
k141_6184	346	2.7449	2.7449	0.591
k141_8195	366	1.39815	1.39815	0.240741
k141_6185	376	2.00885	2.00885	0.257699
k141_8196	1424	4.24882	4.24882	3.60421
k141_1856	2918	3.8797	3.8797	2.36391
k141_6186	1807	4.23718	4.23718	2.53124
k141_8197	689	5.52505	5.52505	3.01564
k141_4102	3029	4.38868	4.38868	3.44682
k141_1857	1558	4.20952	4.20952	3.45787
k141_1858	403	1.11462	1.11462	0.879665
k141_1859	383	1.93991	1.93991	0.272236
k141_6187	2597	4.90928	4.90928	3.06125
k141_4103	3389	6.18339	6.18339	4.13687
k141_8198	4777	4.79014	4.79014	1.99551
k141_8199	321	1.09357	1.09357	0.0853113
k141_8200	654	3.12103	3.12103	1.18015
k141_4104	3040	4.37059	4.37059	3.46634
k141_8201	797	2.57805	2.57805	1.04614
k141_4105	562	4.29854	4.29854	1.36807
k141_8202	1041	4.95398	4.95398	2.85296
k141_6188	5808	4.74779	4.74779	3.35854
k141_8203	376	7.18142	7.18142	6.55806
k141_4106	2266	4.50378	4.50378	3.99952
k141_4107	766	4.18831	4.18831	3.15798
k141_6189	1940	5.79106	5.79106	6.13974
k141_4108	442	2.62671	2.62671	0.695229
k141_6190	485	1.80896	1.80896	0.616086
k141_6191	323	4.08671	4.08671	0.754067
k141_1860	10783	4.87445	4.87445	5.28096
k141_8204	5106	4.80508	4.80508	3.06361
k141_4109	3723	3.61489	3.61489	2.15345
k141_6192	4254	5.40546	5.40546	3.20478
k141_4110	1250	3.16091	3.16091	2.4718
k141_8205	2065	4.71593	4.71593	1.81894
k141_4111	365	2.12093	2.12093	1.68624
k141_1861	3274	5.16965	5.16965	3.59398
k141_6193	506	3.83146	3.83146	0.878557
k141_6194	410	2.44615	2.44615	0.433383
k141_8206	959	4.43263	4.43263	1.98092
k141_4112	1079	5.3606	5.3606	4.78256
k141_8207	345	1.1641	1.1641	0.436848
k141_1862	1145	3.4603	3.4603	4.10381
k141_6195	1339	4.27418	4.27418	1.58807
k141_6196	413	1.91255	1.91255	0.278582
k141_1863	923	4.2031	4.2031	3.28125
k141_8208	1085	3.22139	3.22139	1.70362
k141_6197	369	2.89498	2.89498	0.488921
k141_1864	736	2.5273	2.5273	0.796688
k141_8209	804	5.14373	5.14373	2.04975
k141_1865	495	2.87246	2.87246	1.37903
k141_1866	369	2.04566	2.04566	0.309832
k141_6198	1401	3.82814	3.82814	2.91044
k141_4113	2601	4.55243	4.55243	3.91841
k141_6199	494	2.78198	2.78198	0.7774
k141_4114	399	2.85542	2.85542	1.22901
k141_1867	1178	4.28113	4.28113	2.78653
k141_6200	650	2.562	2.562	0.679514
k141_1868	315	1.77576	1.77576	0.175019
k141_6201	388	1.46639	1.46639	0.967218
k141_8210	1874	4.31729	4.31729	5.51566
k141_8211	332	1.78022	1.78022	0.172424
k141_6202	492	3.52632	3.52632	0.947985
k141_8212	323	1.75145	1.75145	0.187861
k141_4115	2023	4.76081	4.76081	2.92993
k141_4116	746	3.54027	3.54027	0.978209
k141_4117	458	1.22727	1.22727	0.404204
k141_6203	2323	4.4717	4.4717	3.40957
k141_8213	2807	3.95371	3.95371	3.36722
k141_1869	3251	4.62109	4.62109	2.98443
k141_8214	311	2.21118	2.21118	0.280124
k141_4118	1376	3.61746	3.61746	2.11069
k141_1870	430	2.46071	2.46071	0.249347
k141_4119	601	2.58315	2.58315	0.434737
k141_4120	357	1.30918	1.30918	0.214624
k141_1871	981	3.61733	3.61733	1.13049
k141_6204	2258	4.93975	4.93975	1.56114
k141_1872	522	3.82527	3.82527	1.38448
k141_4121	984	5.80336	5.80336	5.80282
k141_4122	519	3.23848	3.23848	1.67667
k141_6205	762	3.62255	3.62255	1.61344
k141_1873	737	1.86371	1.86371	0.428494
k141_1874	304	1.93506	1.93506	0.0611152
k141_4123	1334	4.46791	4.46791	2.60594
k141_4124	370	2.10455	2.10455	1.1808
k141_6206	2601	5.61852	5.61852	3.35284
k141_4125	1641	4.26358	4.26358	2.62109
k141_4126	422	3.16912	3.16912	0.672402
k141_4127	665	3.36699	3.36699	1.37673
k141_4128	1181	5.38409	5.38409	4.90475
k141_8215	7271	4.8826	4.8826	3.16285
k141_8216	303	1.95425	1.95425	0.0439456
k141_8217	371	1.90498	1.90498	0.195475
k141_6207	4526	5.22235	5.22235	3.82556
k141_6208	377	1.72687	1.72687	0.261355
k141_1875	7821	5.58558	5.58558	7.09411
k141_6209	442	6.38699	6.38699	5.63324
k141_8218	2485	3.61285	3.61285	2.13024
k141_6210	544	3.61675	3.61675	2.20644
k141_8219	751	5.18136	5.18136	3.25873
k141_8220	354	1.85294	1.85294	0.12605
k141_1876	1426	2.24687	2.24687	1.05822
k141_6211	1135	4.8	4.8	1.8065
k141_8221	500	1.50571	1.50571	0.669024
k141_1877	306	2.6859	2.6859	0.358768
k141_6212	339	5.01058	5.01058	0.850952
k141_8222	451	3.95349	3.95349	2.5445
k141_1878	430	2.10714	2.10714	0.425756
k141_1879	337	1.61497	1.61497	0.238055
k141_8223	720	4.38772	4.38772	1.17982
k141_4129	5832	4.43559	4.43559	3.8462
k141_1880	1032	4.27891	4.27891	3.96752
k141_6213	1950	5.31667	5.31667	6.31879
k141_4130	778	4.92994	4.92994	2.91055
k141_4131	411	4.68582	4.68582	1.75476
k141_6214	794	5.38665	5.38665	3.39771
k141_4132	515	2.73973	2.73973	1.17108
k141_6215	344	2.92268	2.92268	0.372229
k141_6216	438	2.65625	2.65625	0.985954
k141_6217	743	6.34233	6.34233	9.40798
k141_8224	3587	4.05063	4.05063	3.09118
k141_8225	953	3.87547	3.87547	2.45079
k141_8226	1345	3.79163	3.79163	2.37784
k141_6218	2722	4.26244	4.26244	3.12478
k141_6219	305	1.92903	1.92903	0.313113
k141_4133	4392	5.11174	5.11174	4.94999
k141_8227	622	3.13771	3.13771	2.3483
k141_4134	640	4.82857	4.82857	3.06666
k141_4135	371	1.94118	1.94118	0.246524
k141_8228	1949	3.8527	3.8527	2.17684
k141_4136	1464	4.58904	4.58904	1.50958
k141_6220	2562	4.39303	4.39303	4.01792
k141_6221	324	3.52874	3.52874	2.18125
k141_6222	532	4.31937	4.31937	1.68776
k141_8229	1591	4.51631	4.51631	3.06101
k141_4137	1467	4.06226	4.06226	1.98398
k141_8230	315	3.07879	3.07879	0.292536
k141_8231	332	2.73077	2.73077	0.363579
k141_6223	946	3.71357	3.71357	2.43357
k141_4138	922	3.6101	3.6101	2.37565
k141_6224	402	6.81349	6.81349	2.37544
k141_1881	10095	4.8182	4.8182	3.77914
k141_6225	461	2.91961	2.91961	1.93223
k141_1882	340	4.54211	4.54211	1.28658
k141_1883	311	1.7205	1.7205	0.20264
k141_1884	547	1.56927	1.56927	0.245822
k141_4139	1406	3.44188	3.44188	1.69863
k141_6226	1056	3.30684	3.30684	1.55657
k141_4140	314	2.89024	2.89024	0.846776
k141_1885	343	8.54404	8.54404	2.93686
k141_8232	2008	4.95425	4.95425	3.95322
k141_4141	493	2.25656	2.25656	0.530478
k141_1886	312	3.85802	3.85802	0.805805
k141_8233	421	1.38007	1.38007	0.23649
k141_6227	1218	4.17509	4.17509	5.16988
k141_4142	1342	3.85151	3.85151	4.48761
k141_6228	718	4.70951	4.70951	1.72323
k141_1887	1288	4.76626	4.76626	3.57592
k141_1888	356	1.46602	1.46602	0.581765
k141_1889	348	1.14646	1.14646	0.196713
k141_4143	1867	3.41642	3.41642	2.73616
k141_1890	1204	3.87287	3.87287	0.939194
k141_4144	533	2.7154	2.7154	0.533977
k141_8234	2893	5.17645	5.17645	4.33287
k141_4145	323	2.40462	2.40462	0.660907
k141_1891	386	1.83051	1.83051	0.141363
k141_6229	2955	4.54581	4.54581	3.36567
k141_4146	812	2.98489	2.98489	1.70628
k141_8235	816	3.64264	3.64264	2.32923
k141_4147	525	3.15467	3.15467	1.07227
k141_1892	930	5.12436	5.12436	3.61353
k141_4148	379	5.27074	5.27074	1.77725
k141_6230	1256	3.90868	3.90868	2.4541
k141_4149	757	2.80395	2.80395	2.01926
k141_6231	550	2.715	2.715	0.520074
k141_4150	479	2.09119	2.09119	0.363611
k141_8236	1718	2.85459	2.85459	0.7842
k141_6232	696	2.4707	2.4707	1.00923
k141_4151	1235	3.78986	3.78986	1.66431
k141_4152	383	5.83262	5.83262	1.83824
k141_6233	1172	3.93151	3.93151	1.65837
k141_6234	911	4.67937	4.67937	1.92074
k141_6235	462	2.44872	2.44872	1.00058
k141_6236	773	3.64687	3.64687	1.75291
k141_6237	472	2.54348	2.54348	0.361033
k141_6238	546	5.36616	5.36616	3.858
k141_4153	3112	5.13133	5.13133	3.00912
k141_4154	664	4.09144	4.09144	1.78304
k141_8237	4107	4.53222	4.53222	3.48406
k141_8238	344	4.2268	4.2268	4.55969
k141_6239	1889	5.24267	5.24267	4.46933
k141_8239	527	4.39257	4.39257	0.818881
k141_4155	1992	4.85831	4.85831	4.44216
k141_4156	580	2.80465	2.80465	0.950089
k141_1893	7854	4.69276	4.69276	4.06294
k141_6240	2477	5.20928	5.20928	2.94286
k141_8240	2196	5.4477	5.4477	5.18328
k141_8241	355	1.47805	1.47805	0.250742
k141_6241	1492	3.46721	3.46721	2.25209
k141_6242	321	1.65497	1.65497	0.227313
k141_6243	1411	4.34179	4.34179	3.36643
k141_1894	4140	3.95764	3.95764	2.17292
k141_1895	698	3.73358	3.73358	1.98008
k141_6244	2620	5.0583	5.0583	4.2129
k141_4157	6891	4.83563	4.83563	3.47447
k141_4158	356	1.72816	1.72816	0.813545
k141_6245	751	2.57737	2.57737	0.811083
k141_8242	6154	5.13208	5.13208	4.10562
k141_8243	381	1.77489	1.77489	0.175193
k141_6246	2784	5.74829	5.74829	6.2165
k141_6247	328	3.11236	3.11236	0.416682
k141_4159	3507	4.52606	4.52606	2.81497
k141_4160	686	3.60075	3.60075	2.05338
k141_4161	340	3.23684	3.23684	0.94361
k141_6248	1823	4.21937	4.21937	3.18932
k141_8244	2638	5.14148	5.14148	3.50304
k141_8245	2082	3.32971	3.32971	1.78296
k141_8246	591	4.41497	4.41497	5.03424
k141_4162	4362	4.7982	4.7982	5.0103
k141_4163	333	2.31148	2.31148	0.51234
k141_4164	609	2.23094	2.23094	0.946552
k141_8247	1608	5.44444	5.44444	3.81881
k141_1896	9254	4.68311	4.68311	3.56034
k141_8248	319	3.43787	3.43787	0.46189
k141_4165	1232	6.13678	6.13678	2.80828
k141_8249	585	4.01839	4.01839	2.27155
k141_8250	469	2.04702	2.04702	0.353129
k141_1897	1109	4.69969	4.69969	2.70303
k141_1898	1796	4.39915	4.39915	4.18406
k141_1899	813	2.88537	2.88537	1.14394
k141_8251	3374	5.55521	5.55521	3.01158
k141_8252	533	4.68668	4.68668	4.84399
k141_1900	1190	3.62115	3.62115	2.5801
k141_1901	1697	3.3426	3.3426	1.55395
k141_1902	521	4.87601	4.87601	1.5954
k141_8253	2541	4.67461	4.67461	3.96354
k141_8254	303	2.57516	2.57516	1.02227
k141_1903	1589	3.9312	3.9312	2.36731
k141_8255	1234	5.73155	5.73155	7.76811
k141_8256	781	5.71632	5.71632	2.25114
k141_1904	1738	4.5529	4.5529	3.43195
k141_8257	1052	3.86031	3.86031	2.16693
k141_1905	954	3.29851	3.29851	2.67541
k141_1906	472	3.14286	3.14286	0.633734
k141_1907	1496	4.90639	4.90639	5.66859
k141_1908	316	2.92169	2.92169	0.290799
k141_1909	309	1.69182	1.69182	0.214553
k141_8258	3427	5.33598	5.33598	4.58279
k141_1910	2105	4.75959	4.75959	4.63512
k141_8259	3253	4.1982	4.1982	2.3537
k141_1911	2579	4.11486	4.11486	2.84716
k141_1912	438	3.08681	3.08681	0.365261
k141_1913	658	4.15157	4.15157	0.882306
k141_8260	1433	3.55339	3.55339	2.75125
k141_1914	377	3.07048	3.07048	0.756072
k141_1915	347	3.88325	3.88325	3.66487
k141_1916	2236	3.99425	3.99425	2.26568
k141_8261	3019	4.39212	4.39212	3.48953
k141_8262	309	1.72327	1.72327	0.201418
k141_8263	997	5.98111	5.98111	2.70649
k141_1917	1895	5.66132	5.66132	4.29405
k141_8264	1199	3.20019	3.20019	1.9656
k141_8265	2330	4.18395	4.18395	3.12494
k141_1918	3181	5.22237	5.22237	5.63172
k141_8266	581	2.38747	2.38747	0.786729
k141_8267	422	2.09926	2.09926	0.252103
k141_1919	839	4.55007	4.55007	2.07634
k141_8268	333	0.830601	0.830601	0.141476
k141_8269	427	3.82671	3.82671	1.24523
k141_8270	797	5.77589	5.77589	3.24537
k141_8271	409	5.76062	5.76062	4.47735
k141_1920	1853	4.80094	4.80094	3.63899
k141_1921	323	2.30636	2.30636	0.248622
k141_8272	2747	3.85291	3.85291	3.05462
k141_1922	2782	5.20897	5.20897	3.69716
k141_8273	910	4.39211	4.39211	1.81969
k141_1923	465	3.51746	3.51746	0.339663
k141_8274	409	2.62934	2.62934	1.20317
k141_8275	676	4.41065	4.41065	1.42724
k141_1924	1551	4.98787	4.98787	3.88058
k141_8276	1750	3.90188	3.90188	2.55384
k141_8277	937	3.33799	3.33799	1.1019
k141_1925	1923	6.76086	6.76086	5.49132
k141_1926	1231	4.80944	4.80944	4.60813
k141_1927	2778	4.33486	4.33486	2.76487
k141_1928	340	1.19474	1.19474	0.337538
k141_1929	317	6.30539	6.30539	1.9122
k141_8278	5656	6.06593	6.06593	7.52022
k141_1930	2313	4.64632	4.64632	1.66625
k141_8279	2170	4.04554	4.04554	2.01377
k141_8280	446	1.96622	1.96622	0.276821
k141_8281	1373	3.70973	3.70973	2.20291
k141_8282	1042	4.42713	4.42713	4.87344
k141_8283	423	2.51648	2.51648	0.250646
k141_8284	316	2.18072	2.18072	0.318657
k141_1931	5388	4.54754	4.54754	3.28923
k141_1932	375	1.92	1.92	0.0739283
k141_8285	2542	3.33612	3.33612	2.01664
k141_8286	420	1.68148	1.68148	0.217872
k141_1933	1519	5.18188	5.18188	3.09344
k141_8287	2263	4.37814	4.37814	4.28073
k141_8288	329	3.19553	3.19553	0.472788
k141_8289	761	4.60556	4.60556	0.504821
k141_1934	3072	5.19713	5.19713	4.17339
k141_1935	351	4.32836	4.32836	2.14164
k141_1936	1700	3.64516	3.64516	2.13999
k141_8290	3197	4.80965	4.80965	4.09836
k141_1937	2793	3.97314	3.97314	2.19342
k141_1938	1023	3.3425	3.3425	1.11307
k141_1939	349	1.52261	1.52261	0.250749
k141_8291	3282	4.71871	4.71871	4.0764
k141_1940	1256	6.783	6.783	6.00172
k141_8292	2357	4.3865	4.3865	6.02873
k141_1941	1886	4.95737	4.95737	4.79014
k141_1942	309	0.955975	0.955975	0.0423534
k141_1943	641	5.6721	5.6721	7.50653
k141_1944	495	4.32174	4.32174	2.95142
k141_8293	1754	5.79052	5.79052	4.97047
k141_1945	1809	3.46655	3.46655	2.126
k141_8294	1718	5.02997	5.02997	3.38584
k141_1946	343	1.1658	1.1658	0.139033
k141_8295	567	6.85132	6.85132	7.82887
k141_1947	567	2.15827	2.15827	0.614313
k141_1948	391	2.57261	2.57261	1.09575
k141_1949	370	1.37273	1.37273	0.234869
k141_8296	1380	4.02602	4.02602	2.51683
k141_8297	429	1.75986	1.75986	0.298239
k141_8298	309	1.6478	1.6478	0.368841
k141_8299	377	1.32599	1.32599	0.229543
k141_8300	387	3.05907	3.05907	0.615139
k141_8301	573	2.66903	2.66903	3.65325
k141_8302	269	0.840336	0.840336	0.135308
k141_8303	272	1	1	0
k141_8304	327	1.35028	1.35028	0.228877
k141_8305	310	0.85625	0.85625	0.12386
k141_1950	3663	4.17876	4.17876	2.30687
k141_1951	339	2.67196	2.67196	0.253518
k141_8306	657	3.10848	3.10848	2.22338
k141_1952	388	1.27311	1.27311	0.199358
k141_8307	369	2.05023	2.05023	1.57085
k141_1953	430	2.43214	2.43214	0.246275
k141_8308	810	2.82273	2.82273	2.46777
k141_8309	279	1.92248	1.92248	0.150194
k141_8310	429	2.70609	2.70609	4.38813
k141_8311	328	1.70225	1.70225	1.8148
k141_8312	366	1.08333	1.08333	0.160465
k141_8313	340	2.53158	2.53158	0.366723
k141_8314	287	1.37226	1.37226	0.83834
k141_1954	2127	3.74962	3.74962	2.54303
k141_8315	461	2.26688	2.26688	1.16403
k141_8316	280	0	0	0
k141_8317	269	4.7395	4.7395	1.36377
k141_8318	303	0	0	0
k141_8319	304	0.779221	0.779221	0.173161
k141_8320	365	1.82326	1.82326	0.706931
k141_8321	279	0	0	0
k141_8322	309	0	0	0
k141_8323	281	0	0	0
k141_8324	274	0.967742	0.967742	0.0314714
k141_8325	276	0	0	0
k141_8326	276	0	0	0
k141_8327	397	1.66802	1.66802	0.547875
k141_8328	278	1.77344	1.77344	0.381336
k141_8329	269	1	1	0
k141_1955	3420	5.86972	5.86972	6.06375
k141_8330	282	4.93182	4.93182	1.6976
k141_8331	287	0	0	0
k141_1956	8299	5.04516	5.04516	3.50834
k141_1957	1785	5.06667	5.06667	4.60692
k141_1958	431	2.53737	2.53737	0.749492
k141_1959	1049	3.2436	3.2436	1.26019
k141_1960	321	1.26316	1.26316	0.195046
k141_1961	873	5.8036	5.8036	3.81179
k141_1962	1608	5.32785	5.32785	2.78883
k141_1963	978	4.56763	4.56763	8.30136
k141_1964	480	1.41515	1.41515	0.243539
k141_1965	590	1.34545	1.34545	0.226631
k141_1966	576	5.75117	5.75117	2.89324
k141_1967	313	3.10429	3.10429	0.427327
k141_1968	1789	3.04149	3.04149	2.34138
k141_1969	703	2.86618	2.86618	0.529163
k141_1970	340	2.12105	2.12105	0.445586
k141_1971	1061	3.30077	3.30077	2.4501
k141_1972	398	2.51613	2.51613	0.785163
k141_1973	1611	4.74059	4.74059	4.80043
k141_1974	1065	3.99891	3.99891	2.53501
k141_1975	1082	3.72639	3.72639	0.877803
k141_1976	1852	4.49177	4.49177	3.54814
k141_1977	735	3.25812	3.25812	1.42128
k141_1978	369	6.02283	6.02283	5.22425
k141_1979	573	2.44208	2.44208	1.12875
k141_1980	318	1.80357	1.80357	0.158789
k141_1981	541	2.58056	2.58056	1.22362
k141_1982	877	4.1293	4.1293	1.18987
k141_1983	315	3.18788	3.18788	1.61692
k141_1984	332	4.07692	4.07692	0.513389
k141_1985	413	4.89734	4.89734	1.36728
k141_1986	3303	4.27085	4.27085	2.58906
k141_1987	517	3.39782	3.39782	0.693767
k141_1988	405	1.76471	1.76471	0.196387
k141_1989	687	2.92179	2.92179	1.23641
k141_1990	5404	3.61934	3.61934	1.84137
k141_1991	417	1.98127	1.98127	0.74025
k141_1992	1477	3.55916	3.55916	1.58605
k141_1993	657	5.51479	5.51479	5.17518
k141_1994	777	4.95056	4.95056	3.11736
k141_1995	380	3.66522	3.66522	0.47695
k141_1996	453	3.30363	3.30363	3.62936
k141_1997	1309	4.16221	4.16221	1.45036
k141_1998	314	4.64634	4.64634	0.941644
k141_1999	687	3.46369	3.46369	1.529
k141_2000	2966	4.97301	4.97301	2.99395
k141_2001	372	1.39189	1.39189	0.239391
k141_2002	763	4.78303	4.78303	4.3107
k141_2003	370	2.42273	2.42273	0.436925
k141_2004	1020	4.1954	4.1954	1.52909
k141_2005	1534	4.34176	4.34176	2.60255
k141_2006	406	5.01172	5.01172	0.560646
k141_2007	2015	4.95174	4.95174	7.22518
k141_2008	1502	5.12648	5.12648	6.03657
k141_2009	2325	4.33747	4.33747	4.04524
k141_2010	772	2.73151	2.73151	1.83923
k141_2011	622	3.49788	3.49788	0.530781
k141_2012	703	2.45931	2.45931	0.984302
k141_2013	544	4.97462	4.97462	1.53625
k141_2014	375	1.34222	1.34222	0.226111
k141_2015	579	2.02564	2.02564	0.431583
k141_2016	13710	5.9927	5.9927	5.05153
k141_2017	736	4.44881	4.44881	1.9948
k141_2018	1597	4.34485	4.34485	3.28003
k141_2019	956	4.45534	4.45534	3.63463
k141_2020	320	2.37059	2.37059	0.234633
k141_2021	483	4.56456	4.56456	0.511635
k141_2022	1990	5.14837	5.14837	9.95455
k141_2023	308	3.0443	3.0443	1.62223
k141_2024	852	4.85185	4.85185	2.76548
k141_2025	1860	3.81287	3.81287	2.38387
k141_2026	702	5.47283	5.47283	3.992
k141_2027	2173	5.13594	5.13594	4.61408
k141_2028	982	4.65865	4.65865	1.35146
k141_2029	563	4.20097	4.20097	3.90369
k141_2030	1213	4.23236	4.23236	5.74163
k141_2031	454	1.89803	1.89803	0.263495
k141_2032	1028	5.12756	5.12756	1.89476
k141_2033	3869	5.93063	5.93063	4.16631
k141_2034	1229	3.70621	3.70621	1.67522
k141_2035	451	1.99336	1.99336	0.45329
k141_2036	5462	3.88159	3.88159	3.28161
k141_2037	9713	4.54544	4.54544	4.02366
k141_2038	1351	3.4846	3.4846	2.21499
k141_2039	362	1.42925	1.42925	0.246155
k141_2040	5414	3.77204	3.77204	2.26564
k141_2041	343	1.82383	1.82383	0.677138
k141_2042	796	3.60836	3.60836	1.02002
k141_2043	1726	5.49429	5.49429	3.4781
k141_2044	1489	5.79761	5.79761	4.10181
k141_2045	1357	4.54598	4.54598	2.98939
k141_2046	977	5.48005	5.48005	4.57678
k141_2047	1965	3.78898	3.78898	3.83143
k141_2048	3446	4.77882	4.77882	3.76011
k141_2049	502	2.65625	2.65625	0.505431
k141_2050	2443	3.7379	3.7379	2.6045
k141_2051	342	1.57812	1.57812	0.245173
k141_2052	896	5.19035	5.19035	2.36908
k141_2053	492	2.7193	2.7193	0.970831
k141_2054	1234	4.76199	4.76199	6.15197
k141_2055	842	3.57948	3.57948	0.892373
k141_2056	922	4.18653	4.18653	1.16879
k141_2057	417	1.64794	1.64794	0.228972
k141_2058	894	4.70565	4.70565	2.29144
k141_2059	355	2.92683	2.92683	0.215209
k141_2060	890	2.88784	2.88784	1.60986
k141_2061	1214	5.67387	5.67387	3.39966
k141_2062	1184	6.26692	6.26692	4.02551
k141_2063	356	7.55825	7.55825	1.71123
k141_2064	1081	3.05371	3.05371	1.62508
k141_2065	379	1.81659	1.81659	0.229373
k141_2066	1937	4.54001	4.54001	2.97192
k141_2067	1065	4.64918	4.64918	2.81879
k141_2068	312	3.33333	3.33333	0.956521
k141_2069	993	5.2669	5.2669	2.956
k141_2070	343	1.17617	1.17617	0.239637
k141_2071	2220	5.03285	5.03285	4.37013
k141_2072	1055	4.70387	4.70387	3.1821
k141_2073	1514	5.31085	5.31085	2.81894
k141_2074	2081	3.87002	3.87002	2.49345
k141_2075	315	3.23636	3.23636	0.705986
k141_2076	1665	4.11287	4.11287	2.15305
k141_2077	438	3.11111	3.11111	0.977159
k141_2078	747	2.84757	2.84757	2.51531
k141_2079	502	3.94318	3.94318	0.959723
k141_2080	1755	4.25794	4.25794	3.21897
k141_2081	2356	5.48051	5.48051	3.32278
k141_2082	305	5.50323	5.50323	2.19966
