bin.001Ωk141_274_2	UniRef100_F8FHU5~K15667	30.1	2415	1467	68	386	2700	3	2296	1.56e-232	778
bin.001Ωk141_472_1	UniRef100_A0A075R803~K15654	30.4	2255	1390	56	144	2278	392	2587	3.00e-244	808
bin.001Ωk141_2950_1	UniRef100_A0A0F7NFV4~K04780	34.4	2195	1259	52	11	2087	15	2145	2.45e-269	870
bin.001Ωk141_7492_1	UniRef100_R9TUM2~K15664	33.1	2183	1304	42	165	2279	450	2544	8.10e-302	957
bin.001Ωk141_2398_2	UniRef100_F8FHU5~K15667	31.6	2282	1390	52	7	2212	110	2296	4.99e-256	832
bin.001Ωk141_3524_1	UniRef100_H6NAX3~K15654	30.5	1904	1183	47	151	2002	26	1840	2.76e-198	661
bin.001Ωk141_2178_1	UniRef100_Q6WZB2~K16099	30.8	2076	1297	41	2	2003	109	2119	9.40e-233	759
bin.001Ωk141_4157_1	UniRef100_A0A0X8KDF8~K15665	31.5	2153	1290	64	8	2029	294	2392	6.00e-231	762
bin.001Ωk141_8005_1	UniRef100_A0A1P8Y833~K04780	33.1	2030	1234	44	1	1970	146	2110	2.03e-257	827
bin.001Ωk141_4898_1	UniRef100_A0A0C5QCG8~K13614	32.0	1808	1015	48	41	1754	41	1727	3.44e-212	696
bin.001Ωk141_4652_1	UniRef100_A0A1D9FM43~K13612	39.2	1808	991	35	217	1934	135	1923	0.0	1146
bin.001Ωk141_36_1	UniRef100_G8SBN5~K04780	34.0	1894	1102	50	39	1853	29	1853	8.64e-229	738
bin.001Ωk141_2125_2	UniRef100_Q8RJY4~K16407	38.8	1857	1043	33	22	1796	1	1845	0.0	1107
bin.001Ωk141_7355_1	UniRef100_A0A1S6HN45~K04784	30.2	1993	976	31	172	1796	30	1975	6.92e-256	809
bin.001Ωk141_2972_1	UniRef100_U5WUW5~K12441	31.6	1573	910	45	119	1613	28	1512	1.73e-163	544
bin.001Ωk141_6722_2	UniRef100_Q8RJY4~K16407	36.4	1801	993	37	18	1678	7	1794	1.10e-303	927
bin.001Ωk141_682_1	UniRef100_A0A2D3DQ84~K13613	34.5	1688	881	33	18	1539	272	1900	1.39e-266	829
bin.001Ωk141_78_1	UniRef100_G2P426~K16378	32.2	1533	952	25	48	1526	28	1526	2.08e-222	699
bin.001Ωk141_1729_1	UniRef100_R4LAH4~K16378	33.1	1387	833	33	72	1398	42	1393	1.00e-169	557
bin.001Ωk141_3698_2	UniRef100_Q4JFF4~K12912	35.9	1183	697	22	266	1409	17	1177	9.93e-182	578
bin.001Ωk141_1149_2	UniRef100_Q8RJY5~K16406	31.1	1587	822	41	30	1395	28	1563	6.85e-172	561
bin.001Ωk141_512_1	UniRef100_A0A0A0NV22~K16378	32.4	1270	771	25	2	1191	281	1543	8.67e-154	511
bin.001Ωk141_1896_5	UniRef100_F5YU20~K12444	35.2	1249	735	25	15	1220	10	1227	1.03e-191	611
bin.001Ωk141_1023_2	UniRef100_G2P426~K16378	37.0	1350	770	28	20	1322	4	1319	8.67e-235	725
bin.001Ωk141_160_1	UniRef100_Q4JFF4~K12912	38.2	1172	661	20	107	1238	14	1162	5.72e-201	624
bin.001Ωk141_7183_1	UniRef100_K0NNP3~K01932	39.7	1179	650	12	104	1238	100	1261	1.27e-258	780
bin.001Ωk141_3719_1	UniRef100_B0JPV3~K16132	30.2	1071	690	17	150	1192	7	1047	1.14e-142	471
bin.001Ωk141_2891_2	UniRef100_I3TVT1~K01469	58.0	1226	480	10	6	1213	2	1210	0.0	1323
bin.002Ωk141_7258_2	UniRef100_D0LKL7~K03296	56.9	1173	474	8	5	1153	14	1178	0.0	1143
bin.001Ωk141_2899_1	UniRef100_A0A0A0NID7~K12436	35.1	1135	622	36	22	1117	3	1061	1.54e-132	438
bin.002Ωk141_5173_2	UniRef100_Q314D8~K02316	39.3	1101	642	11	22	1107	11	1100	8.72e-260	769
bin.001Ωk141_2048_1	UniRef100_Q4JFF4~K12912	32.2	989	609	18	162	1111	36	1001	1.43e-110	379
bin.001Ωk141_5950_1	UniRef100_P26225~K01179	40.9	1112	545	28	17	1106	23	1044	3.40e-241	719
bin.001Ωk141_3698_1	UniRef100_A0A191VAL0~K04780	37.6	1077	589	27	43	1069	2	1045	3.19e-179	565
bin.001Ωk141_3252_1	UniRef100_A8KCJ2~K04780	33.4	995	587	24	2	946	114	1082	1.70e-118	397
bin.001Ωk141_5685_2	UniRef100_Q1QQA0~K03296	58.2	1043	428	2	1	1040	1	1038	0.0	1138
bin.001Ωk141_8190_2	UniRef100_A0A0K1IZY0~K22116	39.7	1078	623	14	3	1056	7	1081	1.17e-209	637
bin.001Ωk141_8169_1	UniRef100_Q4JFF2~K12913	35.2	1007	604	17	1	983	96	1077	1.70e-160	508
bin.001Ωk141_4088_2	UniRef100_P0C062~K16096	31.9	1068	657	25	5	1041	65	1093	5.81e-159	504
bin.001Ωk141_1131_1	UniRef100_Q4JFF2~K12913	36.4	1029	607	19	4	1011	72	1074	4.24e-152	486
bin.001Ωk141_300_1	UniRef100_K0EH71~K03296	30.9	970	651	11	2	968	46	999	6.61e-149	475
bin.001Ωk141_2033_1	UniRef100_A0A1G4G9U1~K00688	30.0	863	584	7	111	970	8	853	2.52e-134	431
bin.001Ωk141_7404_2	UniRef100_Q4JFF2~K12913	37.9	990	574	16	1	968	1	971	1.42e-183	566
bin.002Ωk141_3189_2	UniRef100_A0A1D7QCP6~K11942	61.8	964	322	7	21	966	10	945	0.0	1145
bin.001Ωk141_2455_1	UniRef100_Q312G5~K15371	37.2	970	580	10	1	957	30	983	3.75e-191	582
bin.002Ωk141_8204_2	UniRef100_A0LA77~K07678	35.9	811	468	22	12	810	6	776	2.70e-119	392
bin.001Ωk141_1676_1	UniRef100_A0A0A0NI94~K12436	35.1	846	467	23	28	835	121	922	4.30e-113	377
bin.001Ωk141_5295_2	UniRef100_B3QUB2~K07263	43.9	927	516	2	9	931	12	938	8.61e-267	775
bin.001Ωk141_2614_3	UniRef100_I0H625~K04780	33.0	804	458	27	128	887	43	809	2.27e-74	268
bin.002Ωk141_6035_2	UniRef100_A0A0A7EDN7~K03580	41.3	923	508	15	2	905	55	962	2.63e-211	632
bin.002Ωk141_1617_2	UniRef100_A0A0Q8CPB5~K07678	32.1	935	528	23	26	896	24	915	2.55e-101	342
bin.001Ωk141_6077_2	UniRef100_A0A0K2SMH0~K01006	55.9	897	362	8	4	894	7	875	0.0	959
bin.001Ωk141_7575_1	UniRef100_A0A068N7J8~K04780	33.0	813	511	15	98	882	30	836	4.93e-107	359
bin.001Ωk141_5202_1	UniRef100_A0A290SJ73~K02014	50.6	861	408	5	31	881	41	894	0.0	909
bin.001Ωk141_7851_2	UniRef100_A0A127MP53~K01872	51.8	874	392	11	1	856	1	863	2.55e-283	811
bin.001Ωk141_204_1	UniRef100_A0A0K0XW71~K03724	43.5	841	441	10	6	844	4	812	6.80e-219	650
bin.002Ωk141_7748_1	UniRef100_I3YEW5~K03169	50.9	864	383	8	3	840	4	852	2.03e-280	803
bin.001Ωk141_2891_5	UniRef100_A1TQE5~K01955	51.6	859	387	9	1	836	197	1049	3.19e-275	796
bin.001Ωk141_1555_2	UniRef100_Q3IDF4~K01303	36.7	763	463	11	85	837	79	831	2.33e-160	494
bin.001Ωk141_8067_2	UniRef100_L7U820~K06147	37.7	848	505	10	3	839	57	892	7.76e-159	492
bin.001Ωk141_6481_2	UniRef100_A0A142WY35~K03579	41.1	849	452	16	7	823	8	840	6.90e-179	542
bin.001Ωk141_8100_3	UniRef100_F8L209~K01775	35.5	820	509	10	24	831	24	835	1.38e-145	455
bin.002Ωk141_3804_1	UniRef100_A0A143BGP4~K02014	32.3	867	498	19	10	830	10	833	2.69e-105	349
bin.002Ωk141_5068_2	UniRef100_C6E8Q3~K00184	32.8	838	487	21	3	827	192	966	1.34e-109	364
bin.001Ωk141_1572_1	UniRef100_A0A250J763~K03696	32.9	721	429	17	62	750	55	752	4.78e-81	282
bin.001Ωk141_4522_2	UniRef100_D3P7R6~K00362	57.1	808	337	3	2	802	30	834	3.08e-315	890
bin.002Ωk141_6971_2	UniRef100_F0KKQ2~K03043	53.3	854	294	5	1	802	42	842	6.53e-288	820
bin.001Ωk141_5625_1	UniRef100_A0A0M3QGA3~K15726	52.5	824	382	3	1	815	4	827	2.34e-274	792
bin.001Ωk141_6594_1	UniRef100_E8RHS9~K03407	45.7	731	382	5	79	800	166	890	7.74e-206	612
bin.001Ωk141_5980_2	UniRef100_A0A143BNQ2~K01533	32.7	819	495	18	14	802	14	806	2.63e-103	343
bin.001Ωk141_6491_2	UniRef100_B1KRS5~K03406	30.4	764	417	19	9	714	36	742	2.58e-85	293
bin.001Ωk141_5333_4	UniRef100_A0A1Q2M4R6~K01434	45.7	784	409	7	19	800	5	773	2.83e-223	652
bin.002Ωk141_1552_1	UniRef100_A0A0S2SJR2~K02470	54.5	803	350	6	8	800	6	803	1.46e-295	837
bin.001Ωk141_1752_1	UniRef100_A0A143HP68~K02014	42.1	800	419	13	3	797	64	824	2.44e-185	556
bin.001Ωk141_8119_2	UniRef100_B8FB75~K06888	49.7	718	357	3	77	791	2	718	4.44e-245	705
bin.002Ωk141_276_2	UniRef100_A0A143PRI0~K07277	30.9	818	463	20	47	791	73	861	1.72e-106	352
bin.001Ωk141_7621_1	UniRef100_R4LZS9~K04789	33.4	787	486	14	19	787	9	775	8.92e-116	377
bin.001Ωk141_7447_1	UniRef100_Q1IQ72~K01090	52.5	785	363	4	3	783	72	850	5.25e-288	819
bin.002Ωk141_3238_2	UniRef100_A0A150P5B8~K01886	58.3	769	312	7	18	779	17	783	1.06e-305	862
bin.001Ωk141_5047_1	UniRef100_A0A0F7K215~K00163	72.8	779	210	2	1	778	83	860	0.0	1159
bin.001Ωk141_7847_1	UniRef100_B8FIN6~K14162	32.0	805	472	19	3	753	77	860	1.30e-102	342
bin.001Ωk141_7465_2	UniRef100_Q7NN53~K07093	39.5	783	364	24	10	770	5	699	1.39e-150	462
bin.001Ωk141_30_2	UniRef100_L7U820~K06147	41.4	785	434	13	1	769	112	886	1.02e-162	499
bin.001Ωk141_5922_2	UniRef100_A0A142HIM8~K13482	63.4	760	277	1	1	760	1	759	0.0	962
bin.001Ωk141_2867_2	UniRef100_A0A1R0X6B4~K00702	55.7	758	335	1	5	762	55	811	0.0	904
bin.002Ωk141_2430_2	UniRef100_A2U2P9~K16091	46.5	718	367	9	60	768	34	743	2.64e-212	622
bin.001Ωk141_3106_2	UniRef100_G0FVM8~K09136	36.2	755	436	11	13	757	7	725	4.86e-129	406
bin.001Ωk141_4495_2	UniRef100_W0HAD1~K16126	30.3	714	433	14	7	704	23	687	9.78e-76	265
bin.001Ωk141_6097_1	UniRef100_Q607T3~K05365	33.4	752	465	11	9	739	1	737	4.58e-108	352
bin.001Ωk141_7159_1	UniRef100_D8TNQ3~K00284	41.9	787	361	15	1	745	86	818	4.94e-164	500
bin.002Ωk141_7171_1	UniRef100_A0A167G834~K12132	32.2	762	483	15	1	744	91	836	1.89e-89	306
bin.001Ωk141_8019_3	UniRef100_A9EUF2~K07093	52.8	702	297	12	58	751	142	817	1.06e-257	740
bin.001Ωk141_2417_3	UniRef100_E1TJT6~K00123	54.5	745	328	4	14	747	13	757	8.48e-281	797
bin.001Ωk141_7666_1	UniRef100_A0A1S4A4G8~K00284	36.6	803	407	21	31	747	100	886	7.06e-129	411
bin.001Ωk141_5525_2	UniRef100_D0MFF8~K07303	38.6	748	424	11	1	741	19	738	2.73e-149	459
bin.001Ωk141_1777_3	UniRef100_A0A1J1E5C7~K11381	52.7	742	337	9	3	737	30	764	2.80e-247	711
bin.002Ωk141_5076_3	UniRef100_Q029J7~K00951	43.9	719	394	3	26	740	27	740	2.54e-213	623
bin.001Ωk141_5614_2	UniRef100_E6W195~K01952	57.3	715	299	5	2	713	4	715	3.49e-275	781
bin.002Ωk141_2166_2	UniRef100_D8K2Z0~K03581	45.1	720	388	4	12	727	12	728	1.22e-204	601
bin.001Ωk141_6702_1	UniRef100_Q3A8L9~K05366	33.1	710	386	15	47	737	8	647	7.39e-99	328
bin.002Ωk141_6752_1	UniRef100_A0A0G2ZQ23~K16055	42.8	706	388	6	3	704	27	720	5.86e-186	552
bin.001Ωk141_6337_1	UniRef100_A0A0D5VM74~K07303	49.0	741	367	3	2	732	7	746	4.23e-224	651
bin.001Ωk141_516_1	UniRef100_A0A223E8G2~K02519	55.1	594	258	2	135	728	132	716	1.46e-209	612
bin.001Ωk141_1798_2	UniRef100_Q3A2U5~K12297	47.9	725	358	6	4	727	7	712	3.46e-227	657
bin.001Ωk141_2690_3	UniRef100_A0A1D8ASG0~K02014	35.4	711	426	14	35	728	44	738	7.71e-126	397
bin.001Ωk141_227_1	UniRef100_Q73WQ6~K12432	39.8	648	344	10	37	643	8	650	3.63e-112	362
bin.002Ωk141_1626_3	UniRef100_E1R3P6~K03407	30.3	765	479	11	1	723	100	852	2.47e-103	342
bin.002Ωk141_8035_4	UniRef100_A0A0U5B196~K06147	34.4	710	463	3	2	710	1	708	5.33e-126	397
bin.001Ωk141_4863_2	UniRef100_I3YUM7~K02030	41.0	713	396	10	1	702	1	699	1.24e-168	507
bin.001Ωk141_5130_4	UniRef100_A0A160DTH8~K12132	30.6	710	427	21	13	699	3	669	4.99e-49	191
bin.002Ωk141_5421_1	UniRef100_D5C0Z8~K02014	30.1	698	402	23	40	711	42	679	4.91e-61	224
bin.002Ωk141_7629_1	UniRef100_C7RA17~K01278	54.2	716	321	3	1	713	52	763	2.41e-291	822
bin.002Ωk141_7353_6	UniRef100_A0A222SH23~K15987	62.8	707	238	9	7	709	7	692	1.03e-276	781
bin.002Ωk141_2767_2	UniRef100_A0LJL6~K13598	30.8	720	448	15	22	708	38	740	9.21e-82	281
bin.002Ωk141_275_1	UniRef100_L0EFX4~K01869	61.0	707	237	6	1	705	102	771	6.60e-316	885
bin.002Ωk141_3327_1	UniRef100_A0A126T5E8~K11904	30.5	596	322	15	26	589	20	555	1.77e-71	251
bin.001Ωk141_1773_1	UniRef100_A0A1Z3HGU7~K06147	39.5	565	338	2	118	680	26	588	4.26e-122	382
bin.001Ωk141_3044_3	UniRef100_A0A1V0DIT5~K02004	41.7	686	391	5	16	695	3	685	2.60e-160	489
bin.001Ωk141_6128_1	UniRef100_D7CT07~K06147	41.3	569	322	4	115	677	34	596	6.81e-127	395
bin.001Ωk141_5352_1	UniRef100_D3NYU3~K01214	62.6	680	245	4	5	682	34	706	0.0	888
bin.001Ωk141_2223_2	UniRef100_S4XVS0~K06147	38.1	701	412	9	4	691	18	709	1.64e-123	389
bin.001Ωk141_5381_1	UniRef100_Q3BN97~K02364	32.9	602	372	11	78	674	2	576	9.86e-79	268
bin.002Ωk141_1442_5	UniRef100_G2LHG1~K07516	51.0	690	322	8	5	684	2	685	8.29e-227	657
bin.001Ωk141_7212_1	UniRef100_Q9F8V2~K12701	32.9	574	342	17	22	568	36	593	9.99e-62	223
bin.002Ωk141_1022_2	UniRef100_F0SFT0~K03654	48.0	612	299	6	79	682	1	601	6.67e-189	558
bin.001Ωk141_1509_2	UniRef100_A0A1Y0RPD6~K01895	52.3	683	304	7	9	681	10	680	2.72e-239	685
bin.002Ωk141_6246_2	UniRef100_I6YU08~K03797	44.6	615	331	4	21	635	29	633	2.59e-163	491
bin.002Ωk141_4099_3	UniRef100_E1X373~K02355	64.5	699	222	5	4	680	7	701	1.08e-309	865
bin.001Ωk141_1218_1	UniRef100_A0A0F7JVK0~K00219	67.3	678	220	1	1	676	1	678	0.0	926
bin.002Ωk141_4761_3	UniRef100_A0A0H4VK17~K07386	48.3	642	332	0	33	674	57	698	1.98e-223	645
bin.001Ωk141_3350_1	UniRef100_A0A142IVY1~K12349	51.9	669	309	5	11	673	5	666	8.62e-227	652
bin.002Ωk141_3215_2	UniRef100_D0LZB6~K00615	60.7	659	254	3	12	666	8	665	1.52e-278	784
bin.001Ωk141_2911_1	UniRef100_A0B6W5~K19076	34.9	674	381	14	5	665	10	638	1.24e-115	366
bin.002Ωk141_3787_1	UniRef100_A0A1Y0IQV4~K01400	32.0	578	329	20	86	640	32	568	2.51e-55	204
bin.001Ωk141_5428_3	UniRef100_H8WBH5~K13777	49.1	627	307	4	8	634	4	618	1.87e-183	541
bin.001Ωk141_7198_1	UniRef100_Q1ILN0~K03572	41.1	681	332	10	18	664	1	646	5.77e-152	460
bin.002Ωk141_5642_3	UniRef100_A0A1L3GRA2~K03702	61.4	664	255	1	1	663	1	664	1.74e-283	796
bin.002Ωk141_7280_1	UniRef100_A0A0S2HZI8~K02014	31.2	702	424	14	1	661	83	766	4.31e-97	321
bin.001Ωk141_7576_2	UniRef100_Q1IVN1~K03798	58.7	627	223	8	1	620	1	598	4.05e-237	677
bin.001Ωk141_1056_2	UniRef100_A0A1B1YWJ4~K01847	75.7	651	158	0	3	653	63	713	0.0	970
bin.001Ωk141_4768_2	UniRef100_K0MBS3~K03230	59.6	658	263	2	3	659	44	699	3.58e-268	758
bin.002Ωk141_5481_2	UniRef100_C9R871~K01662	46.0	628	322	8	4	630	1	612	5.25e-178	526
bin.001Ωk141_5781_4	UniRef100_A0A1Z4C557~K02014	33.9	663	389	17	5	657	15	638	8.35e-113	358
bin.001Ωk141_5030_1	UniRef100_R4SV98~K16432	37.7	600	314	18	23	596	13	578	2.28e-83	279
bin.002Ωk141_8170_2	UniRef100_M1PCP4~K02621	52.8	629	289	4	4	625	7	634	9.32e-226	649
bin.001Ωk141_4075_2	UniRef100_A0A286RK90~K07798	45.2	610	312	9	47	634	82	691	5.67e-154	466
bin.001Ωk141_3180_3	UniRef100_A0A0F6YK83~K01897	54.0	643	293	1	1	643	1	640	6.94e-238	678
bin.001Ωk141_7871_1	UniRef100_L0F480~K07456	31.8	666	400	11	3	642	152	789	1.87e-84	287
bin.002Ωk141_8204_1	UniRef100_I3Y8L3~K02014	37.0	640	352	16	26	625	13	641	1.01e-110	353
bin.002Ωk141_5696_6	UniRef100_A0A223DW95~K19421	41.1	540	299	9	68	601	61	587	2.34e-121	379
bin.002Ωk141_6088_1	UniRef100_G2LGD0~K04043	67.9	633	196	2	1	631	1	628	8.38e-287	801
bin.001Ωk141_8291_4	UniRef100_Q2JT52~K03655	40.6	647	355	9	1	628	110	746	9.51e-132	410
bin.001Ωk141_1735_2	UniRef100_K9Q098~K00158	71.3	617	173	3	12	624	8	624	0.0	893
bin.001Ωk141_3292_4	UniRef100_S5AD14~K15726	32.5	557	360	8	74	621	8	557	1.28e-83	278
bin.002Ωk141_221_10	UniRef100_E1QHX3~K06907	54.4	614	174	2	1	614	1	508	1.00e-227	646
bin.002Ωk141_7385_4	UniRef100_F8EIE4~K04773	37.4	575	321	12	61	618	33	585	5.65e-95	309
bin.002Ωk141_1040_1	UniRef100_M4NLD3~K06147	65.7	597	200	1	27	618	19	615	5.86e-272	763
bin.001Ωk141_207_4	UniRef100_B4S3X9~K00955	52.0	606	285	4	13	616	13	614	4.58e-215	619
bin.002Ωk141_3760_4	UniRef100_D5H1T9~K03657	39.3	639	352	11	1	614	121	748	2.65e-133	413
bin.002Ωk141_2765_3	UniRef100_I0ICN3~K00381	46.8	649	282	11	7	603	8	645	4.41e-190	556
bin.001Ωk141_2066_2	UniRef100_Q028L7~K02014	35.1	593	371	8	4	586	68	656	3.21e-112	357
bin.001Ωk141_5851_1	UniRef100_Q080W0~K11904	32.2	525	301	13	47	544	34	530	7.15e-67	235
bin.002Ωk141_3650_2	UniRef100_I0I4D6~K01868	49.9	613	275	5	11	607	14	610	9.64e-203	586
bin.002Ωk141_7937_1	UniRef100_A0A1U9N862~K02014	30.7	610	389	14	4	597	11	602	3.71e-63	226
bin.002Ωk141_2705_3	UniRef100_W0RM89~K00820	53.0	608	285	1	1	608	1	607	3.76e-219	628
bin.002Ωk141_4506_6	UniRef100_R0GTH3~K01254	37.4	618	350	8	16	606	5	612	2.96e-133	409
bin.002Ωk141_7677_1	UniRef100_W5WYJ0~K01887	37.5	602	251	5	2	602	105	582	7.90e-129	396
bin.002Ωk141_187_2	UniRef100_A0A143PV81~K03596	65.2	597	208	0	3	599	1	597	4.82e-287	800
bin.002Ωk141_1633_1	UniRef100_A0A0S2K8M7~K02014	30.2	580	349	15	23	580	16	561	2.53e-63	226
bin.001Ωk141_5876_3	UniRef100_B4S3X9~K00955	48.2	571	281	4	4	560	7	576	5.00e-173	511
bin.001Ωk141_4279_5	UniRef100_L0D5Q5~K04043	42.5	600	327	7	11	598	4	597	2.77e-139	423
bin.002Ωk141_7453_2	UniRef100_F4LRS1~K08483	41.4	582	326	7	4	580	2	573	9.36e-145	436
bin.002Ωk141_507_2	UniRef100_A0A250B6L8~K11904	31.1	595	376	9	31	598	25	612	1.50e-72	251
bin.001Ωk141_6990_4	UniRef100_Q092U1~K06147	58.9	582	233	3	14	594	11	587	1.49e-220	630
bin.002Ωk141_3227_2	UniRef100_H9UKK9~K02584	31.8	576	317	16	31	595	6	516	3.12e-73	249
bin.002Ωk141_2101_5	UniRef100_D5MJH7~K02454	50.8	567	267	6	35	594	10	571	6.19e-191	554
bin.001Ωk141_8144_1	UniRef100_A0A0E1E4P2~K13409	32.3	579	378	6	19	591	14	584	3.93e-75	259
bin.001Ωk141_3158_3	UniRef100_A0A0S2TEA3~K05592	62.5	560	193	2	10	560	10	561	4.17e-234	665
bin.001Ωk141_5952_1	UniRef100_R4SV98~K16432	37.7	575	318	15	26	587	14	561	2.53e-93	303
bin.001Ωk141_6764_2	UniRef100_W0RGN4~K01897	37.5	592	361	7	5	590	24	612	3.13e-117	367
bin.002Ωk141_6793_2	UniRef100_A0A1X9NIH7~K20035	40.0	582	328	7	1	572	1	571	2.88e-137	417
bin.002Ωk141_1352_1	UniRef100_M4RI53~K02014	31.7	580	338	13	18	588	24	554	1.72e-71	248
bin.002Ωk141_7259_2	UniRef100_A0A0A0NQB5~K06978	30.6	576	347	16	21	558	10	570	5.91e-54	199
bin.002Ωk141_7754_1	UniRef100_A0A143PUX2~K02652	64.4	579	198	2	14	585	4	581	3.24e-262	735
bin.001Ωk141_26_1	UniRef100_A0A0H6BXX4~K01200	45.2	615	284	11	8	583	1	601	1.20e-171	509
bin.002Ωk141_6920_1	UniRef100_C1F1D9~K03086	53.5	581	237	6	2	580	46	595	1.89e-184	538
bin.001Ωk141_1860_2	UniRef100_A0A0G2ZMB0~K01966	66.7	519	172	1	62	580	3	520	4.50e-250	702
bin.002Ωk141_6413_1	UniRef100_A4FC61~K02337	40.6	540	299	9	58	577	42	579	5.32e-113	356
bin.002Ωk141_7210_2	UniRef100_A0A1L3GNV9~K13599	33.3	571	247	7	13	577	4	446	9.56e-84	274
bin.002Ωk141_3985_2	UniRef100_Q2IQ35~K00129	43.2	562	313	4	19	577	8	566	8.71e-155	461
bin.002Ωk141_7577_2	UniRef100_C1A4E0~K01961	44.6	466	234	5	11	475	4	446	1.37e-126	385
bin.001Ωk141_6491_1	UniRef100_Q07JM9~K03406	38.6	559	334	2	13	571	103	652	6.55e-66	233
bin.001Ωk141_1170_1	UniRef100_Q7NPN4~K06147	39.0	572	334	7	13	571	8	577	4.71e-109	345
bin.001Ωk141_354_2	UniRef100_A0A0U3F5W8~K01113	40.4	584	227	13	19	576	33	521	1.21e-124	384
bin.001Ωk141_834_3	UniRef100_Q8KDS0~K03307	48.7	540	261	8	1	535	47	575	1.78e-169	499
bin.001Ωk141_700_1	UniRef100_A0A241R0M7~K02014	49.1	588	280	7	1	573	125	708	4.17e-190	556
bin.002Ωk141_6976_2	UniRef100_B6IPM0~K01895	65.1	570	194	2	1	570	81	645	8.23e-280	782
bin.001Ωk141_1049_2	UniRef100_A0A120HT97~K20754	31.3	512	260	17	88	571	66	513	1.40e-44	171
bin.002Ωk141_630_2	UniRef100_A0A250JJA9~K07712	43.9	517	284	5	37	548	24	539	3.75e-128	392
bin.001Ωk141_8036_2	UniRef100_W0ERL5~K05349	43.4	579	296	6	1	565	53	613	1.15e-145	439
bin.002Ωk141_7172_3	UniRef100_A0A0X8WY65~K00937	50.2	532	244	7	25	539	4	531	4.52e-166	488
bin.001Ωk141_8052_1	UniRef100_A0A0K1PWE0~K01687	61.8	544	208	0	23	566	3	546	3.20e-236	667
bin.002Ωk141_6276_3	UniRef100_A0A0U2JK00~K12266	33.7	493	280	12	77	561	52	505	1.34e-62	220
bin.001Ωk141_7513_2	UniRef100_R4WXM1~K00382	58.6	563	225	6	5	566	4	559	1.04e-187	549
bin.002Ωk141_1407_1	UniRef100_Q1QV87~K11896	30.7	600	355	24	9	563	8	591	6.74e-53	196
bin.001Ωk141_859_1	UniRef100_H1XPH6~K01972	46.9	559	294	3	2	557	55	613	2.58e-161	481
bin.001Ωk141_4843_1	UniRef100_G0TH74~K12432	40.9	491	264	9	55	537	5	477	5.18e-101	320
bin.002Ωk141_3717_1	UniRef100_A5D637~K03723	48.9	519	265	0	4	522	6	524	1.22e-167	494
bin.002Ωk141_4959_6	UniRef100_A0A0B5FIN8~K02038	49.6	526	255	4	44	560	8	532	3.11e-158	468
bin.001Ωk141_4380_1	UniRef100_A0A223S4X6~K12434	40.3	580	302	11	11	555	12	582	2.65e-106	338
bin.001Ωk141_3339_3	UniRef100_B3S2M4~K19511	38.3	566	289	19	31	546	2	557	2.40e-96	310
bin.002Ωk141_7050_2	UniRef100_A0A0K2RRJ9~K03070	55.5	564	239	4	8	559	7	570	5.88e-205	589
bin.002Ωk141_6547_1	UniRef100_A0A0M4LFH1~K06020	60.5	555	217	1	4	558	3	555	1.28e-240	678
bin.002Ωk141_4640_2	UniRef100_A0A0H3A6Z2~K06400	37.5	509	272	8	17	492	5	500	3.07e-94	303
bin.002Ωk141_6380_2	UniRef100_M4ZQF4~K03217	30.1	501	289	15	86	555	64	534	1.38e-59	213
bin.001Ωk141_633_1	UniRef100_D5GKG4~K03695	31.0	578	344	14	12	555	124	680	4.78e-66	233
bin.001Ωk141_2424_3	UniRef100_L0FYR0~K00239	73.8	560	137	3	1	553	1	557	5.69e-305	845
bin.002Ωk141_5540_2	UniRef100_A0A291RNW3~K12574	36.2	538	332	7	12	540	125	660	7.91e-98	317
bin.001Ωk141_5937_1	UniRef100_A0A0M4D2V5~K22319	59.4	547	216	5	1	543	1	545	4.95e-221	628
bin.001Ωk141_6540_5	UniRef100_E8WW17~K01937	61.5	533	204	1	3	535	4	535	2.31e-243	685
bin.002Ωk141_2726_3	UniRef100_B5EFY7~K03631	37.2	565	317	12	1	544	1	548	9.32e-88	287
bin.001Ωk141_2016_1	UniRef100_Q1D5F9~K15329	42.7	454	258	2	60	512	15	467	3.06e-114	353
bin.002Ωk141_7276_2	UniRef100_A0A0C5V7T3~K06159	41.8	531	305	1	18	544	18	548	1.05e-134	408
bin.001Ωk141_7657_1	UniRef100_F0T255~K07462	38.2	555	315	12	1	540	1	542	5.53e-101	325
bin.001Ωk141_6899_1	UniRef100_A0A1P8R151~K01690	70.7	546	157	1	2	547	9	551	7.42e-284	790
bin.001Ωk141_2468_2	UniRef100_E1SRC3~K03933	37.4	492	217	15	32	491	21	453	4.49e-80	264
bin.001Ωk141_1821_2	UniRef100_A0A1W1IAM7~K06160	36.6	555	317	10	1	531	1	544	1.37e-89	292
bin.001Ωk141_6517_4	UniRef100_V5XLB7~K03367	30.7	449	271	11	72	511	73	490	7.99e-49	182
bin.002Ωk141_1957_1	UniRef100_A0A0K2RJP8~K03696	43.1	562	295	5	1	544	1	555	1.40e-146	440
bin.001Ωk141_1698_1	UniRef100_Q65VV9~K04561	57.8	505	211	2	1	504	110	613	5.99e-210	602
bin.001Ωk141_55_2	UniRef100_A0A0K1PAL5~K07137	45.0	538	280	7	7	540	4	529	1.10e-142	427
bin.001Ωk141_6563_3	UniRef100_A1TXF4~K09516	51.2	518	252	1	3	519	17	534	1.99e-181	527
bin.001Ωk141_6676_2	UniRef100_A0A0K1QDV5~K02652	57.6	538	195	6	6	540	61	568	6.61e-200	575
bin.002Ωk141_4040_4	UniRef100_Q9KCX3~K03317	42.3	437	213	9	105	538	4	404	2.43e-95	301
bin.001Ωk141_6183_5	UniRef100_A7NH85~K01810	66.6	536	179	0	3	538	4	539	2.55e-249	699
bin.001Ωk141_7212_4	UniRef100_A0A1U7CQG8~K01953	40.8	552	292	9	4	529	96	638	1.66e-115	361
bin.002Ωk141_4524_6	UniRef100_A0A109QJE5~K01897	31.0	510	304	15	30	521	13	492	1.09e-62	219
bin.001Ωk141_7378_1	UniRef100_Q3BN97~K02364	32.9	572	321	18	16	533	2	564	6.49e-58	209
bin.001Ωk141_6046_3	UniRef100_R4SV98~K16432	39.9	496	274	9	26	515	12	489	4.29e-97	311
bin.001Ωk141_6359_2	UniRef100_A0A1D8RYX4~K01969	67.1	535	176	0	1	535	1	535	1.44e-257	719
bin.001Ωk141_1431_3	UniRef100_A0A0D5NNW9~K02100	38.4	505	242	7	7	510	27	463	4.97e-99	313
bin.002Ωk141_5157_2	UniRef100_A0A150PUG5~K06160	44.3	521	281	4	2	521	29	541	1.12e-138	417
bin.001Ωk141_6024_1	UniRef100_Q39FV4~K10834&K10826	44.8	525	288	2	1	524	1	524	1.68e-163	480
bin.002Ωk141_1344_5	UniRef100_A0A286NV97~K01649	64.4	497	175	2	17	512	8	503	5.16e-224	634
bin.002Ωk141_639_1	UniRef100_C3KQD1~K17686	63.8	475	167	4	10	481	25	497	2.03e-194	558
bin.001Ωk141_143_3	UniRef100_Q0K5C8~K00108	58.8	520	213	1	9	527	10	529	7.04e-215	611
bin.002Ωk141_2166_11	UniRef100_Q310B4~K06400	40.0	510	283	7	17	517	15	510	7.57e-109	340
bin.002Ωk141_2459_3	UniRef100_A0A0G3YW61~K00602	53.3	527	235	5	5	527	2	521	3.03e-178	517
bin.002Ωk141_4726_2	UniRef100_A0A1P8WEV0~K03307	59.0	520	197	5	1	506	1	518	3.01e-203	581
bin.002Ωk141_5515_1	UniRef100_A0A1L3GEV7~K16092	33.2	530	333	11	11	526	8	530	1.42e-78	265
bin.001Ωk141_4334_2	UniRef100_B9M3T2~K01236	45.9	516	277	1	3	516	11	526	4.48e-170	500
bin.001Ωk141_6993_2	UniRef100_K9UPH8~K07028	43.3	490	277	1	6	495	4	492	4.65e-131	396
bin.001Ωk141_3035_1	UniRef100_C7RD40~K12942	66.3	505	168	2	11	515	10	512	1.12e-233	657
bin.002Ωk141_4544_2	UniRef100_E6V472~K11089	55.6	522	223	4	1	518	1	517	4.12e-195	560
bin.001Ωk141_940_4	UniRef100_Q5QXE5~K01745	56.8	507	213	3	1	504	1	504	1.18e-183	530
bin.001Ωk141_3045_3	UniRef100_Q7V8V0~K01739	43.1	496	268	8	2	493	4	489	1.50e-116	358
bin.002Ωk141_5642_1	UniRef100_Q01P25~K01585	47.2	515	270	2	2	516	121	633	1.86e-171	504
bin.002Ωk141_436_2	UniRef100_A6UYD3~K01754	61.7	499	191	0	6	504	5	503	2.96e-218	618
bin.001Ωk141_5381_2	UniRef100_F0SMS4~K17713	32.9	499	304	11	29	501	65	558	2.99e-79	264
bin.002Ωk141_822_3	UniRef100_D0MFP8~K01951	60.2	520	195	3	6	514	4	522	4.15e-222	628
bin.002Ωk141_7232_1	UniRef100_G8QP58~K12132	32.4	438	271	10	38	466	8	429	3.56e-52	189
bin.001Ωk141_8237_3	UniRef100_D2B8R8~K21184	56.2	493	212	3	4	492	19	511	1.79e-204	583
bin.002Ωk141_590_1	UniRef100_A0M7G2~K00786	37.8	439	256	7	55	482	49	481	8.75e-94	299
bin.001Ωk141_4659_1	UniRef100_B1Y4F8~K01845	65.6	506	174	0	1	506	44	549	2.26e-248	696
bin.002Ωk141_7180_1	UniRef100_B9JZJ6~K03820	31.8	447	243	23	35	443	50	472	1.97e-32	136
bin.002Ωk141_3651_2	UniRef100_B9LZ86~K02111	68.7	502	157	0	1	502	1	502	2.98e-253	706
bin.001Ωk141_1277_3	UniRef100_F0RTK8~K00600	63.0	494	182	1	7	500	15	507	4.64e-220	622
bin.001Ωk141_4983_1	UniRef100_A0A249CXL6~K01638	47.1	476	231	6	36	502	26	489	2.42e-140	420
bin.001Ωk141_3324_3	UniRef100_A0A090AC95~K11900	63.9	476	171	1	23	498	18	492	3.11e-226	637
bin.001Ωk141_1829_4	UniRef100_A0A143PQL4~K02396	30.4	481	286	12	19	497	18	451	1.83e-47	176
bin.001Ωk141_3772_2	UniRef100_A0A127M704~K14392	58.8	459	186	1	10	468	7	462	3.69e-174	504
bin.002Ωk141_7736_1	UniRef100_A0A0H3A6Z2~K06400	38.3	494	265	7	23	490	6	485	1.28e-93	299
bin.001Ωk141_549_5	UniRef100_A0A0G3EEC4~K00703	59.8	490	196	1	4	493	12	500	1.56e-219	620
bin.001Ωk141_2754_4	UniRef100_I3Z6N3~K01669	50.9	487	239	0	9	495	2	488	4.07e-178	514
bin.001Ωk141_2754_3	UniRef100_I0AGX1~K06876	50.9	491	237	2	2	489	3	492	4.98e-174	504
bin.002Ωk141_5092_1	UniRef100_A0A0G3ED11~K07058	33.7	433	272	5	58	480	8	435	2.93e-66	226
bin.002Ωk141_8084_2	UniRef100_G7ZE65~K19641	41.2	430	217	4	24	423	9	432	6.43e-92	294
bin.002Ωk141_5772_4	UniRef100_A0A160IIC7~K04567	52.8	496	227	5	1	492	1	493	1.37e-175	508
bin.002Ωk141_819_2	UniRef100_A0A160F4U6~K01712	68.7	498	156	0	1	498	7	504	4.61e-256	715
bin.002Ωk141_712_2	UniRef100_D1AEG1~K19170	63.7	465	168	1	10	474	20	483	1.71e-220	623
bin.002Ωk141_4498_1	UniRef100_C3ZED9~K01594	35.6	416	250	8	21	427	6	412	2.21e-76	253
bin.001Ωk141_2972_2	UniRef100_G0TH74~K12432	43.1	445	232	9	55	494	9	437	9.61e-109	337
bin.002Ωk141_7172_2	UniRef100_S6AB25~K01524	44.8	487	267	2	7	492	7	492	5.84e-135	405
bin.001Ωk141_1217_2	UniRef100_A0A0U3SFS2~K01426	52.5	484	227	2	3	483	6	489	1.28e-160	470
bin.001Ωk141_724_2	UniRef100_B3EC60~K02232	52.6	492	227	3	6	494	8	496	2.37e-172	500
bin.001Ωk141_2780_2	UniRef100_A0A075KEA2~K01928	41.5	492	278	4	2	483	4	495	2.29e-123	375
bin.001Ωk141_2463_1	UniRef100_A0A0S2SGH7~K07787	34.7	455	247	8	37	487	71	479	1.93e-66	228
bin.001Ωk141_2613_2	UniRef100_A0A0S3U2H6~K01580	34.1	425	265	6	52	476	60	469	7.40e-72	241
bin.002Ωk141_225_3	UniRef100_C9RK10~K03307	52.5	493	219	6	1	483	1	488	1.23e-160	470
bin.001Ωk141_2827_3	UniRef100_M9RUR3~K00274	34.3	435	265	8	44	476	9	424	2.04e-54	194
bin.001Ωk141_6454_2	UniRef100_A0A0S3UCN5~K00464	31.7	483	304	8	27	488	24	501	5.41e-65	224
bin.002Ωk141_7848_1	UniRef100_I4APF4~K03305	47.6	519	221	7	8	490	25	528	3.62e-151	447
bin.001Ωk141_1501_2	UniRef100_A0A1C3K7H9~K02031&K02032	31.0	504	285	12	13	471	5	490	5.18e-48	179
bin.002Ωk141_6547_2	UniRef100_A2SFQ2~K01752	46.2	457	230	7	34	478	3	455	1.26e-112	346
bin.002Ωk141_4969_2	UniRef100_A0A0G3EGM1~K07484	47.1	442	228	3	32	469	28	467	4.91e-119	363
bin.002Ωk141_2804_1	UniRef100_H8MVI7~K01176	43.9	488	229	16	22	476	30	505	2.54e-115	355
bin.001Ωk141_6375_2	UniRef100_G2LE20~K00088	64.2	483	169	3	8	488	8	488	1.61e-212	602
bin.002Ωk141_7410_2	UniRef100_I0FDH3~K01873	48.8	492	242	5	2	489	5	490	9.57e-165	481
bin.002Ωk141_1422_2	UniRef100_U3U586~K07678	32.6	427	264	6	4	422	22	432	1.44e-53	192
bin.001Ωk141_5921_1	UniRef100_D5UZ36~K04790	31.2	439	273	10	34	460	6	427	1.71e-47	176
bin.001Ωk141_7869_3	UniRef100_A0A1L6LEJ2~K11896	38.6	503	283	9	1	486	122	615	1.66e-101	322
bin.001Ωk141_1321_3	UniRef100_D7KLJ9~K01874	54.9	479	206	4	18	487	10	487	4.93e-194	558
bin.001Ωk141_8251_2	UniRef100_A0A024FKF0~K01354	55.2	469	208	2	6	472	89	557	1.42e-183	531
bin.002Ωk141_7364_1	UniRef100_A0A143B4R4~K02434	55.0	482	217	0	1	482	1	482	2.52e-184	530
bin.002Ωk141_1344_3	UniRef100_A7NJH2~K01703	67.3	471	148	2	19	483	2	472	3.03e-228	640
bin.002Ωk141_5050_3	UniRef100_Q6AJ30~K01338	59.2	473	192	1	11	482	5	477	3.10e-196	560
bin.001Ωk141_4940_3	UniRef100_A0A291N2V6~K00375	30.2	441	271	9	37	442	18	456	3.85e-34	140
bin.001Ωk141_4550_1	UniRef100_W0ECX6~K00703	38.4	489	281	11	1	482	1	476	6.66e-102	319
bin.001Ωk141_2120_2	UniRef100_A0A1D8TXM4~K01580	32.0	447	292	9	31	472	27	466	2.54e-65	224
bin.002Ωk141_877_3	UniRef100_W8ERC7~K10217	60.3	479	190	0	1	479	1	479	1.45e-201	573
bin.001Ωk141_3963_2	UniRef100_S0EYS9~K00104	51.5	462	224	0	3	464	7	468	9.23e-157	459
bin.001Ωk141_4586_1	UniRef100_A0A0X8WT16~K00962	46.2	493	240	7	3	478	23	507	6.43e-128	390
bin.001Ωk141_2754_2	UniRef100_K9S9A9~K01669	49.9	455	206	5	10	459	7	444	5.36e-140	417
bin.002Ωk141_3576_3	UniRef100_Q21H97~K17759&K17758	37.8	490	288	7	4	479	10	496	4.01e-82	268
bin.001Ωk141_3295_3	UniRef100_A0A0E1E734~K02482	33.7	486	265	14	3	464	8	460	5.34e-72	241
bin.001Ωk141_2402_1	UniRef100_Q1AX02~K00027	63.7	463	168	0	11	473	7	469	3.14e-212	600
bin.001Ωk141_4863_3	UniRef100_R4VPY8~K16011	41.5	484	257	8	1	470	6	477	2.64e-106	330
bin.001Ωk141_2242_3	UniRef100_A0A1P8WMM4~K03307	45.1	517	236	9	9	478	10	525	6.72e-142	423
bin.001Ωk141_1296_1	UniRef100_D6Z2W4~K10943	48.0	502	215	7	9	469	7	503	7.83e-138	412
bin.001Ωk141_7112_1	UniRef100_X5D7J6~K03310	43.7	483	244	10	8	475	4	473	1.23e-104	329
bin.001Ωk141_527_1	UniRef100_E1QMA0~K01929	39.0	441	255	6	38	471	25	458	5.64e-89	285
bin.001Ωk141_4543_2	UniRef100_Q1AR79~K00130	49.1	454	220	4	24	477	3	445	1.06e-140	417
bin.002Ωk141_4506_2	UniRef100_L0GG79~K22187	62.9	472	175	0	4	475	9	480	1.06e-204	581
bin.001Ωk141_5922_3	UniRef100_G8T6K6~K13481	50.2	464	226	4	5	467	2	461	7.77e-151	443
bin.002Ωk141_655_1	UniRef100_R0I3S9~K01593	32.7	453	290	5	19	457	1	452	8.44e-81	264
bin.001Ωk141_2919_6	UniRef100_Q0UTW0~K00549	35.6	491	292	10	1	475	2	484	1.93e-82	269
bin.001Ωk141_4877_2	UniRef100_M1WYL1~K19294	43.2	405	210	6	1	398	1	392	8.98e-100	313
bin.002Ωk141_7184_2	UniRef100_C0QE05~K07484	45.5	431	226	4	24	446	32	461	7.42e-116	356
bin.001Ωk141_3106_6	UniRef100_A0A0D5YVC2~K01992	35.6	432	277	1	1	431	1	432	3.69e-86	278
bin.001Ωk141_3016_4	UniRef100_I1YG84~K18300	50.9	470	220	3	7	470	9	473	5.99e-139	413
bin.001Ωk141_6974_1	UniRef100_G7T9U4~K00548	55.7	490	199	1	1	472	66	555	2.27e-189	545
bin.002Ωk141_7408_1	UniRef100_I4C3D7~K01897	35.6	483	299	5	1	473	1	481	7.81e-104	327
bin.001Ωk141_7503_2	UniRef100_A0A142Y314~K13832	30.4	484	301	14	1	460	1	472	4.89e-41	159
bin.002Ωk141_7562_1	UniRef100_Q2LRM4~K02669	58.7	383	158	0	2	384	15	397	5.00e-151	441
bin.002Ωk141_541_3	UniRef100_W6K6D3~K05568	51.1	474	207	9	7	470	6	464	8.47e-138	414
bin.002Ωk141_1311_1	UniRef100_F2NF29~K08300	45.8	467	248	3	6	468	1	466	1.20e-145	432
bin.001Ωk141_6767_3	UniRef100_A0A0G3BN67~K12132	32.3	402	241	9	68	466	65	438	1.92e-47	176
bin.002Ωk141_1450_2	UniRef100_A0A286RBY6~K07713	45.3	448	238	2	15	457	23	468	5.05e-131	393
bin.001Ωk141_6884_2	UniRef100_A7HD47~K02481	41.0	463	253	5	2	463	14	457	7.78e-103	321
bin.002Ωk141_1619_2	UniRef100_A0A0B5BC14~K13599	51.8	452	206	3	22	461	5	456	6.41e-146	430
bin.002Ωk141_234_5	UniRef100_D0LTP2~K00382	53.4	468	207	6	8	466	9	474	6.30e-158	461
bin.001Ωk141_6861_1	UniRef100_D1C8G7~K01679	62.5	459	169	1	5	463	10	465	9.88e-191	545
bin.002Ωk141_4232_1	UniRef100_B8BQH0~K10841	31.0	494	289	10	7	460	50	531	3.15e-68	233
bin.002Ωk141_1927_2	UniRef100_D3PD79~K06213	36.6	445	268	6	23	462	16	451	2.46e-75	249
bin.001Ωk141_6342_3	UniRef100_A4XV61~K03406	30.0	423	240	4	61	462	37	424	3.23e-11	72.0
bin.002Ωk141_4153_1	UniRef100_A0A0C4Y6K3~K21023	35.0	460	277	4	15	453	88	546	1.42e-80	265
bin.002Ωk141_763_3	UniRef100_I0I1L5~K01755	45.4	460	250	1	2	460	4	463	5.49e-124	374
bin.002Ωk141_6409_1	UniRef100_A0A120MXT6~K07787	43.4	452	226	6	11	461	2	424	1.63e-118	359
bin.002Ωk141_6786_3	UniRef100_F3YV16~K04771	41.4	442	221	11	10	425	22	451	4.92e-83	270
bin.002Ωk141_206_2	UniRef100_A0A127M4C2~K02454	44.8	487	231	7	8	459	3	486	4.97e-121	368
bin.002Ωk141_770_4	UniRef100_A0A1L3GNV9~K13599	44.2	457	245	4	1	454	1	450	7.01e-121	366
bin.001Ωk141_3790_1	UniRef100_A0A0M3QFD6~K07478	43.2	405	206	4	2	398	49	437	1.00e-92	293
bin.001Ωk141_7884_1	UniRef100_A0A0S2TAT7~K03406	32.0	400	202	6	54	453	66	395	1.16e-18	94.4
bin.001Ωk141_5096_4	UniRef100_A1ARP2~K03601	43.8	441	230	6	16	447	10	441	4.38e-108	334
bin.001Ωk141_6377_1	UniRef100_Q7D6E0~K12430	38.7	437	251	6	19	446	49	477	2.18e-81	266
bin.001Ωk141_7290_1	UniRef100_A0A0X8VA85~K03701	63.6	456	166	0	1	456	84	539	4.45e-212	601
bin.001Ωk141_3029_2	UniRef100_G2LI75~K01113	45.3	448	237	5	7	448	11	456	3.34e-137	408
bin.001Ωk141_6436_4	UniRef100_A0A0B5FU95~K13599	43.4	458	250	5	5	457	3	456	1.91e-118	360
bin.002Ωk141_7460_2	UniRef100_Q3A223~K13599	45.4	456	242	5	1	453	1	452	1.15e-119	363
bin.002Ωk141_6848_1	UniRef100_A2SS01~K03703	38.8	459	268	4	1	459	9	454	1.53e-101	318
bin.001Ωk141_5215_2	UniRef100_D8PBC0~K01924	53.1	448	204	3	1	443	1	447	1.93e-168	487
bin.001Ωk141_4863_5	UniRef100_Q2LR13~K00012	69.0	455	138	2	2	454	5	458	4.32e-227	636
bin.001Ωk141_4491_1	UniRef100_E3G055~K00627	45.9	434	215	5	25	456	5	420	9.99e-115	349
bin.002Ωk141_4658_2	UniRef100_A0A076LR41~K07714	44.6	455	246	2	7	456	7	460	3.03e-130	390
bin.001Ωk141_3399_1	UniRef100_W0SDI2~K00372	33.8	432	246	10	47	452	4	421	2.07e-50	184
bin.001Ωk141_7076_4	UniRef100_Q63AQ7~K01179	36.7	395	235	6	19	407	47	432	3.42e-77	253
bin.001Ωk141_4493_3	UniRef100_A0A1W5ZTK0~K01637	79.6	417	85	0	35	451	6	422	1.06e-241	672
bin.001Ωk141_5253_2	UniRef100_Q6WZA0~K16103	39.0	405	236	6	47	447	14	411	3.82e-72	240
bin.001Ωk141_6093_1	UniRef100_E6SIU9~K03498	41.5	463	253	7	3	452	25	482	2.88e-86	278
bin.001Ωk141_2636_2	UniRef100_Q67NX9~K01990	32.3	400	247	3	64	449	61	450	2.74e-54	193
bin.002Ωk141_7441_4	UniRef100_U3TRG9~K03168	45.4	452	200	6	1	423	1	434	5.84e-113	348
bin.002Ωk141_1166_1	UniRef100_A0A0D6BBM0~K02666	34.2	424	254	8	36	450	61	468	3.01e-63	218
bin.002Ωk141_1071_1	UniRef100_F0RMG7~K02837	59.3	445	179	2	8	452	6	448	6.76e-185	531
bin.002Ωk141_2900_3	UniRef100_Q1IPQ5~K14441	45.9	484	222	5	2	445	19	502	1.06e-141	421
bin.001Ωk141_7931_3	UniRef100_F1ZSJ8~K02412	62.1	417	157	1	4	420	5	420	6.15e-177	508
bin.001Ωk141_1377_1	UniRef100_G8R220~K00104	41.3	453	263	1	2	451	3	455	1.17e-120	365
bin.002Ωk141_4517_1	UniRef100_A0A0M4CX78~K06076	35.2	460	273	9	10	451	6	458	1.42e-79	259
bin.001Ωk141_5144_2	UniRef100_Q8EQI8~K00103	45.0	433	237	1	16	448	1	432	4.03e-133	396
bin.002Ωk141_7297_1	UniRef100_F2LVK8~K01961	59.5	442	179	0	2	443	6	447	9.33e-196	558
bin.001Ωk141_1036_3	UniRef100_Q2J2N5~K11754	37.5	437	271	2	13	449	4	438	6.22e-71	236
bin.001Ωk141_4773_5	UniRef100_Q0BPS4~K00103	40.2	408	227	8	40	438	48	447	5.13e-76	250
bin.002Ωk141_5526_1	UniRef100_F8CIX4~K06871	52.6	441	207	2	4	443	4	443	1.70e-166	483
bin.001Ωk141_8052_3	UniRef100_A0A0K1PWE7~K01652	61.4	451	170	3	1	449	1	449	1.58e-184	531
bin.001Ωk141_7844_2	UniRef100_E1QL16~K02481	49.3	448	221	4	4	447	3	448	2.72e-119	361
bin.002Ωk141_1722_2	UniRef100_G2LE80~K06885	43.0	440	233	5	2	435	36	463	6.86e-109	336
bin.001Ωk141_8253_2	UniRef100_Q2RFK3~K01042	44.6	386	195	6	75	444	78	460	4.21e-87	279
bin.001Ωk141_4359_2	UniRef100_A0A0C5VT46~K05603	49.4	391	195	2	29	417	43	432	8.13e-123	370
bin.002Ωk141_6683_2	UniRef100_A0D363~K04079	32.9	496	269	11	5	445	55	541	1.36e-73	247
bin.001Ωk141_1955_2	UniRef100_A0A0G2ZKS4~K11893	35.1	447	273	4	1	441	1	436	4.45e-77	252
bin.001Ωk141_68_4	UniRef100_L0DK10~K12132	43.9	394	205	5	5	388	13	400	2.34e-89	285
bin.002Ωk141_4765_1	UniRef100_H1XNR8~K00528	37.8	444	265	5	3	443	2	437	2.28e-95	300
bin.001Ωk141_4410_5	UniRef100_G4T3G6~K09015	38.4	445	251	9	3	436	2	434	8.35e-91	288
bin.001Ωk141_7513_1	UniRef100_R4VKG6~K00627	57.4	465	161	5	1	441	1	452	1.77e-155	453
bin.001Ωk141_3107_1	UniRef100_A1UIR7~K04790	41.4	415	232	6	5	409	26	439	2.46e-96	302
bin.002Ωk141_7597_3	UniRef100_Q3A6R7~K06027	36.2	442	246	9	17	435	14	442	9.04e-81	263
bin.002Ωk141_3080_2	UniRef100_D7CTV9~K11105	33.6	420	230	17	19	417	17	408	1.93e-31	132
bin.001Ωk141_7726_1	UniRef100_W8X202~K03224	67.3	441	141	1	1	438	1	441	4.30e-205	579
bin.001Ωk141_1565_3	UniRef100_E1ZEH9~K19001	31.9	442	262	10	1	404	30	470	2.49e-61	212
bin.001Ωk141_3223_1	UniRef100_A0A0X8WX35~K01915	55.9	438	192	1	2	439	4	440	1.48e-185	530
bin.001Ωk141_44_2	UniRef100_A0A221K767~K11690	32.1	430	274	7	9	436	5	418	4.77e-51	184
bin.002Ωk141_3960_2	UniRef100_A0A0C5VPU0~K20974	34.0	397	249	5	39	432	29	415	1.38e-63	216
bin.002Ωk141_3912_2	UniRef100_A8ZTY2~K00850	51.4	430	198	4	10	432	12	437	3.08e-148	434
bin.001Ωk141_7657_3	UniRef100_A0A160DVP3~K02527	34.3	394	249	8	51	435	38	430	2.49e-54	192
bin.002Ωk141_2357_2	UniRef100_A0A0S3U851~K03327	42.1	420	240	2	7	424	11	429	8.01e-101	313
bin.001Ωk141_3328_3	UniRef100_D0LV38~K01992	39.4	431	231	9	1	413	1	419	3.01e-82	265
bin.001Ωk141_651_1	UniRef100_A0A142Y2D1~K17713	37.6	426	236	11	24	434	22	432	7.71e-84	269
bin.001Ωk141_6527_4	UniRef100_G2LHT0~K03431	38.2	434	235	8	1	412	8	430	2.38e-75	248
bin.002Ωk141_1107_2	UniRef100_A6UU02~K12452	56.5	421	182	1	5	425	3	422	1.22e-178	511
bin.001Ωk141_6070_1	UniRef100_D4LMS7~K01915	41.4	437	242	6	1	431	47	475	1.08e-98	309
bin.001Ωk141_5826_1	UniRef100_B8FGF8~K00111	42.1	418	230	5	2	410	103	517	7.12e-101	316
bin.002Ωk141_8240_3	UniRef100_D4J0U8~K04066	41.0	432	249	4	2	433	73	498	1.60e-106	330
bin.001Ωk141_1936_2	UniRef100_A0A0F6YI86~K03688	30.8	383	235	8	65	425	9	383	8.54e-44	165
bin.001Ωk141_8218_2	UniRef100_A0A1U7CWR4~K00525	41.5	434	231	7	2	432	25	438	2.31e-96	301
bin.001Ωk141_5750_1	UniRef100_G2SK33~K00135	60.2	432	172	0	2	433	9	440	4.70e-181	518
bin.001Ωk141_1090_1	UniRef100_A0A0C5VPU0~K20974	33.5	403	226	8	35	433	34	398	2.88e-55	194
bin.001Ωk141_5080_1	UniRef100_I7A0E8~K07263	56.3	430	185	1	7	433	1	430	3.86e-165	478
bin.001Ωk141_7412_1	UniRef100_S4XH10~K12266	57.3	429	181	2	4	430	3	431	2.33e-157	460
bin.002Ωk141_1990_2	UniRef100_A0A1A9F205~K01424	34.4	355	205	8	6	355	4	335	3.01e-52	184
bin.001Ωk141_6204_1	UniRef100_A0A1W6X9P7~K00428	43.1	383	198	9	46	424	32	398	2.60e-84	269
bin.002Ωk141_2705_7	UniRef100_A1S257~K03742	45.0	409	225	0	2	410	1	409	3.28e-120	362
bin.002Ωk141_8265_2	UniRef100_A0A143PP95~K02390	40.0	438	228	11	4	429	5	419	1.85e-76	249
bin.002Ωk141_2900_4	UniRef100_G2LDV9~K01893	61.3	434	160	3	4	429	17	450	7.35e-188	535
bin.002Ωk141_772_2	UniRef100_Q984A4~K06954	32.2	407	254	11	3	401	10	402	9.49e-46	170
bin.002Ωk141_6826_4	UniRef100_D8TNA2~K17732	32.9	425	268	6	4	413	61	483	1.60e-59	207
bin.002Ωk141_2705_5	UniRef100_Q31H60~K03309	48.5	421	202	6	8	424	2	411	1.06e-114	348
bin.002Ωk141_5850_3	UniRef100_A0A1D9BGG2~K02492	32.3	393	242	9	33	416	33	410	5.28e-41	156
bin.002Ωk141_5552_2	UniRef100_A0A1D9H9J1~K00362	45.1	401	215	2	2	402	5	400	2.32e-113	344
bin.002Ωk141_2528_1	UniRef100_I7C0Q8~K03695	42.2	396	217	5	33	425	3	389	2.79e-88	280
bin.002Ωk141_6259_2	UniRef100_H6PAE7~K03699	30.4	451	249	18	1	406	1	431	5.98e-38	149
bin.001Ωk141_2218_1	UniRef100_G0TH74~K12432	41.6	433	227	10	7	427	5	423	4.21e-90	287
bin.002Ωk141_43_2	UniRef100_B2A3F6~K00986	54.3	416	190	0	9	424	2	417	4.38e-155	451
bin.001Ωk141_7047_1	UniRef100_Q4T5R6~K01958	45.2	378	170	7	72	416	1	374	3.44e-94	296
bin.002Ωk141_1566_2	UniRef100_I4C9K9~K02584	62.9	426	158	0	1	426	96	521	7.30e-185	530
bin.002Ωk141_1232_15	UniRef100_Q310G6~K06905	59.7	414	167	0	6	419	7	420	7.14e-177	506
bin.001Ωk141_1589_2	UniRef100_K6XNJ0~K00147	60.8	408	160	0	18	425	9	416	3.73e-164	473
bin.001Ωk141_1032_2	UniRef100_Q74AR6~K01689	69.0	426	131	1	1	425	1	426	9.61e-206	579
bin.002Ωk141_926_2	UniRef100_A0A0B5IHF1~K05552	31.8	418	254	11	16	421	4	402	3.49e-39	151
bin.001Ωk141_2643_2	UniRef100_A0A0M5IQW3~K01875	60.3	418	162	3	1	415	1	417	1.74e-161	467
bin.001Ωk141_90_4	UniRef100_Q2JYF1~K02198	36.1	391	235	3	33	420	4	382	5.31e-73	241
bin.002Ωk141_814_1	UniRef100_A0A1J1EJT2~K08151	30.0	413	251	14	20	421	56	441	1.78e-19	97.1
bin.002Ωk141_763_4	UniRef100_D1CA16~K01940	59.3	408	163	2	1	406	1	407	8.52e-180	513
bin.001Ωk141_5689_4	UniRef100_C6XSS8~K01845	52.2	406	193	1	1	405	35	440	6.07e-142	418
bin.001Ωk141_5678_3	UniRef100_C6W874~K16033	33.1	363	227	7	8	361	3	358	8.79e-49	177
bin.001Ωk141_5206_1	UniRef100_A0A0A1B220~K07715	63.7	422	152	1	2	422	7	428	2.44e-180	515
bin.001Ωk141_5167_2	UniRef100_A0A1B4B2Y6~K18306	30.8	357	202	9	68	414	39	360	6.03e-27	117
bin.001Ωk141_4550_2	UniRef100_A7NHW3~K00975	44.9	412	212	6	1	402	1	407	1.70e-118	357
bin.002Ωk141_5092_2	UniRef100_I0HYI0~K00021	62.9	421	154	2	3	422	5	424	2.55e-182	523
bin.001Ωk141_6902_3	UniRef100_A0A1W5ZZM8~K00836	58.2	414	168	3	1	413	7	416	1.71e-173	497
bin.002Ωk141_6104_1	UniRef100_A0A1U7RZH0~K00485	32.1	365	224	10	1	345	34	394	1.99e-51	183
bin.002Ωk141_5458_1	UniRef100_A0A0S2DI04~K08604	54.1	425	173	7	16	421	5	426	1.20e-137	409
bin.001Ωk141_1345_2	UniRef100_F4L1N2~K02022	35.9	412	261	2	5	414	7	417	2.18e-79	257
bin.001Ωk141_3772_3	UniRef100_A0A1U9JML9~K00666	45.3	408	210	3	1	397	78	483	2.54e-109	336
bin.001Ωk141_5768_1	UniRef100_A0A1A9AZ51~K01338	54.6	388	175	1	1	388	43	429	2.08e-137	406
bin.002Ωk141_3087_1	UniRef100_A9I488~K03585	30.0	360	199	12	60	416	59	368	4.95e-26	114
bin.001Ωk141_4410_4	UniRef100_Q3J8A6~K11717	63.8	403	146	0	14	416	17	419	2.70e-194	550
bin.002Ωk141_1940_1	UniRef100_Q6AJ30~K01338	59.4	419	151	2	1	418	23	423	8.94e-171	493
bin.002Ωk141_2810_3	UniRef100_A0A143PUU8~K03628	78.6	416	89	0	1	416	92	507	7.99e-234	653
bin.001Ωk141_1036_2	UniRef100_B1ZQM6~K11754	34.7	395	235	11	29	402	25	417	1.24e-47	174
bin.001Ωk141_4940_2	UniRef100_F3LSF4~K01753	50.4	395	187	6	30	416	44	437	1.41e-107	330
bin.001Ωk141_6646_1	UniRef100_A0A1B3LL72~K00428	31.7	369	168	9	1	367	41	327	2.35e-43	160
bin.002Ωk141_3877_1	UniRef100_A2SBU2~K12132	33.2	352	179	12	12	354	34	338	1.80e-33	134
bin.002Ωk141_6671_5	UniRef100_A0A0S2HXX0~K02004	48.6	416	214	0	1	416	1	416	1.07e-141	416
bin.002Ωk141_192_1	UniRef100_A0A250JFV9~K05994	50.2	404	189	8	9	408	10	405	8.85e-120	360
bin.001Ωk141_7531_1	UniRef100_C6XX35~K02429	48.6	422	200	4	5	415	9	424	1.35e-123	372
bin.001Ωk141_5606_1	UniRef100_G7Z3Q8~K01255	50.2	406	195	3	10	415	12	410	1.64e-127	381
bin.002Ωk141_864_2	UniRef100_Q1ITU1~K02669	68.1	367	117	0	1	367	1	367	7.37e-175	499
bin.002Ωk141_6671_4	UniRef100_I4AL51~K02004	45.9	416	219	2	4	414	5	419	1.52e-123	370
bin.001Ωk141_6207_4	UniRef100_H0PSQ1~K17315	62.4	412	150	2	1	407	1	412	1.36e-185	527
bin.001Ωk141_7159_3	UniRef100_A0A1V0DFT0~K06147	52.7	408	192	1	6	413	7	413	1.09e-143	424
bin.002Ωk141_578_1	UniRef100_A0A0D2LBS6~K02355	45.6	386	208	2	11	394	1	386	2.85e-113	343
bin.001Ωk141_4842_6	UniRef100_Q0SI92~K01757	47.1	333	171	4	69	400	15	343	3.89e-84	266
bin.001Ωk141_1001_2	UniRef100_A0A1L6LV16~K03543	35.1	396	249	3	18	408	14	406	2.42e-47	172
bin.002Ωk141_2037_2	UniRef100_C0QUD4~K09458	57.6	410	172	1	1	408	1	410	3.47e-165	475
bin.002Ωk141_5296_2	UniRef100_A0A1Q2MB82~K02004	50.5	412	198	2	4	409	6	417	1.13e-126	377
bin.001Ωk141_6154_1	UniRef100_A0A1Y0I7Q5~K01782	49.0	410	206	2	3	409	5	414	3.98e-121	365
bin.001Ωk141_5231_1	UniRef100_K9XK70~K03885	58.8	393	161	1	1	393	36	427	1.65e-162	470
bin.001Ωk141_3921_1	UniRef100_I8TP79~K00646	57.4	408	172	2	1	407	1	407	5.57e-167	479
bin.001Ωk141_6902_4	UniRef100_A0A0K1PE17~K00928	50.0	346	157	5	1	333	1	343	1.03e-88	280
bin.001Ωk141_2452_2	UniRef100_A0A1B3BBR3~K00013	46.3	402	214	1	1	402	12	411	1.61e-111	338
bin.001Ωk141_1341_2	UniRef100_A0A0K2DCA8~K00658	55.0	420	165	7	1	406	1	410	3.85e-135	399
bin.001Ωk141_3292_3	UniRef100_C0QF77~K03325	80.2	378	75	0	8	385	13	390	5.35e-215	600
bin.001Ωk141_3106_7	UniRef100_Q7NGR2~K01992	33.4	416	246	11	8	406	8	409	2.76e-40	155
bin.001Ωk141_6585_1	UniRef100_A0A250IK15~K07071	30.1	399	250	11	4	381	7	397	1.34e-29	125
bin.002Ωk141_6971_1	UniRef100_C6V5G3~K03046	67.2	357	115	2	15	370	16	371	9.06e-167	479
bin.001Ωk141_5781_3	UniRef100_I3TJN7~K00031	78.9	403	85	0	1	403	11	413	1.43e-243	674
bin.001Ωk141_1358_3	UniRef100_A0A0G3A1P1~K15770	65.5	397	134	2	10	404	11	406	1.22e-186	529
bin.001Ωk141_3472_1	UniRef100_L0FVH8~K01593	51.1	409	195	3	1	405	3	410	1.24e-144	425
bin.001Ωk141_730_1	UniRef100_A0A0K2RHC3~K00281	55.2	348	147	4	17	359	10	353	8.64e-123	365
bin.001Ωk141_5261_4	UniRef100_F0Q231~K00647	52.3	392	177	6	6	395	7	390	2.16e-112	340
bin.002Ωk141_3796_4	UniRef100_A0A0C5X4F4~K00652	48.1	362	186	2	34	395	13	372	1.81e-97	301
bin.002Ωk141_4441_3	UniRef100_A0A1Z4BXP4~K05946	31.0	352	228	3	52	402	1	338	3.40e-49	177
bin.001Ωk141_1346_2	UniRef100_A0A0K1PS01~K01872	35.4	404	248	4	6	399	13	413	2.47e-64	218
bin.002Ωk141_4376_1	UniRef100_A0A0K2RE37~K03466	44.3	397	204	4	1	393	64	447	6.12e-114	347
bin.001Ωk141_6154_2	UniRef100_A0A291T097~K00626	67.3	401	129	2	3	401	4	404	3.96e-186	528
bin.001Ωk141_1593_2	UniRef100_G2SHY2~K01696	69.0	397	117	4	3	394	5	400	1.63e-192	544
bin.002Ωk141_5951_1	UniRef100_K0D083~K06969	40.0	403	226	9	6	401	4	397	4.54e-86	273
bin.002Ωk141_653_1	UniRef100_A0A0G3GUA4~K12583	31.5	362	235	5	15	373	3	354	2.66e-48	174
bin.001Ωk141_5934_2	UniRef100_A0A1V0DD12~K01939	52.0	398	182	3	6	399	6	398	1.36e-139	410
bin.001Ωk141_815_1	UniRef100_V9W2C8~K07787	32.2	339	226	3	1	337	2	338	6.97e-54	187
bin.001Ωk141_2731_1	UniRef100_C1F4I3~K01745	50.7	420	187	5	1	402	1	418	2.74e-129	387
bin.001Ωk141_6590_4	UniRef100_A0A0F6W3K3~K04568	35.3	405	202	9	25	399	23	397	2.09e-61	209
bin.002Ωk141_2166_15	UniRef100_G2LGS9~K02653	33.7	353	232	1	1	351	1	353	3.01e-61	209
bin.001Ωk141_3440_2	UniRef100_A0A127QCV8~K00375	40.3	395	221	3	9	389	99	492	3.41e-91	289
bin.002Ωk141_1745_4	UniRef100_H1XQA8~K05830	49.9	381	191	0	16	396	5	385	1.50e-125	373
bin.002Ωk141_1609_1	UniRef100_Q8YRN8~K06926	33.3	424	246	11	1	401	1	410	5.05e-59	204
bin.002Ωk141_7117_2	UniRef100_Q2RG67~K01940	45.2	341	180	4	2	336	10	349	6.92e-93	290
bin.002Ωk141_2307_2	UniRef100_C9XY55~K05820	30.5	351	227	12	1	342	9	351	6.41e-31	127
bin.001Ωk141_890_3	UniRef100_A0A142X377~K13954	52.6	380	177	2	17	396	14	390	1.54e-125	373
bin.002Ωk141_3015_2	UniRef100_H1XWP3~K00641	54.4	371	144	4	36	390	8	369	2.19e-135	397
bin.001Ωk141_3755_3	UniRef100_S0EVB7~K03526	66.1	384	128	2	7	389	13	395	1.51e-177	506
bin.001Ωk141_2674_2	UniRef100_M9RT09~K03593	43.9	380	195	6	19	389	24	394	1.35e-93	292
bin.002Ωk141_2101_3	UniRef100_T0I5J3~K00773	56.2	365	159	1	3	366	5	369	1.32e-146	426
bin.001Ωk141_7861_1	UniRef100_K9SCH4~K04487	58.8	386	156	3	8	392	4	387	1.06e-140	412
bin.002Ωk141_7515_3	UniRef100_B1XNI9~K09919	49.1	371	187	2	7	376	11	380	4.42e-130	385
bin.001Ωk141_2682_1	UniRef100_Q8TJ02~K07485	42.6	385	219	2	4	388	6	388	6.81e-116	348
bin.001Ωk141_2643_3	UniRef100_Q1ILL0~K00626	65.7	394	132	2	4	394	6	399	5.44e-171	489
bin.002Ωk141_3780_3	UniRef100_E6W252~K02358	80.5	395	76	1	1	394	1	395	9.52e-232	642
bin.002Ωk141_701_1	UniRef100_E1X0A1~K08303	34.5	388	233	8	15	386	8	390	8.98e-58	199
bin.001Ωk141_1209_1	UniRef100_G2KQQ4~K00128	62.0	403	142	4	1	393	101	502	1.06e-168	487
bin.002Ωk141_715_2	UniRef100_L0GPH0~K21019	36.0	361	209	7	35	382	19	370	4.05e-48	173
bin.001Ωk141_5096_3	UniRef100_D5X3Z5~K06969	38.2	395	232	7	2	389	1	390	1.95e-74	242
bin.001Ωk141_7133_3	UniRef100_Q749F7~K04487	49.7	374	187	1	19	391	3	376	2.49e-111	336
bin.001Ωk141_388_2	UniRef100_D6Y154~K00632	60.6	393	152	3	1	390	1	393	5.41e-164	471
bin.001Ωk141_7616_4	UniRef100_A0A0G3EJC8~K01840	44.6	392	213	3	1	391	1	389	1.48e-103	318
bin.002Ωk141_7169_4	UniRef100_I0AKH9~K00252	63.4	382	138	2	9	389	8	388	5.22e-175	498
bin.001Ωk141_8002_1	UniRef100_A0A1U9K6A6~K12132	35.2	315	182	7	40	354	1	293	9.73e-49	174
bin.001Ωk141_1575_1	UniRef100_A0A0X3BIW8~K03688	30.7	361	248	2	27	386	1	360	6.58e-56	193
bin.001Ωk141_1345_3	UniRef100_A0A0X8GPG9~K01999	37.0	354	221	2	36	388	26	378	2.72e-77	249
bin.001Ωk141_2771_2	UniRef100_A0A0X8D0W3~K01468	52.1	380	179	2	5	381	41	420	9.01e-123	367
bin.002Ωk141_2805_1	UniRef100_A0A0E3MJD2~K00681	31.4	347	222	5	30	369	20	357	6.63e-44	162
bin.001Ωk141_1174_2	UniRef100_A0A120MW95~K02011	42.7	382	216	1	8	386	26	407	5.65e-94	294
bin.001Ωk141_1134_2	UniRef100_A0A1L6LV16~K03543	31.4	389	258	5	5	386	18	404	1.29e-38	149
bin.002Ωk141_5993_1	UniRef100_A0A1B2I9R6~K03308	39.0	385	191	13	1	377	74	422	5.46e-56	195
bin.002Ωk141_1543_2	UniRef100_K9VLZ8~K01921	44.9	350	192	1	4	353	25	373	8.18e-96	297
bin.002Ωk141_4506_4	UniRef100_A0A0B5FSX8~K00927	57.1	389	159	1	5	385	6	394	7.02e-150	435
bin.001Ωk141_3339_1	UniRef100_A0A0P9DXC7~K04768	32.7	342	214	9	41	376	16	347	2.93e-48	173
bin.002Ωk141_194_3	UniRef100_A9B506~K09471	33.8	394	227	10	4	387	5	374	3.10e-46	168
bin.001Ωk141_5801_1	UniRef100_H1XRI6~K12524	49.5	386	195	0	1	386	1	386	1.74e-110	337
bin.001Ωk141_6865_3	UniRef100_A0A0U3ND67~K05551	33.5	406	230	12	15	382	11	414	2.27e-39	151
bin.001Ωk141_4582_2	UniRef100_A0A1Y0EDW3~K03593	47.2	386	192	6	3	383	2	380	8.17e-103	315
bin.002Ωk141_4106_2	UniRef100_Q15XD8~K01173	53.3	390	171	3	1	386	37	419	2.27e-139	409
bin.002Ωk141_3803_2	UniRef100_A0LM53~K19124	37.3	362	188	9	1	338	1	347	5.49e-54	189
bin.001Ωk141_5393_1	UniRef100_V4KVK4~K01510	30.5	390	210	14	16	366	68	435	1.35e-36	144
bin.002Ωk141_4129_1	UniRef100_L7UAR8~K02343	48.8	363	178	4	1	360	5	362	1.63e-104	320
bin.002Ωk141_3912_1	UniRef100_G2LIW9~K00099	48.7	382	194	2	1	380	1	382	6.72e-112	338
bin.002Ωk141_2181_2	UniRef100_A0A193LLJ1~K10778	54.0	339	154	1	44	382	12	348	1.53e-118	353
bin.001Ωk141_3288_1	UniRef100_S5Y2P9~K00970	40.3	355	184	5	1	351	38	368	1.64e-59	203
bin.002Ωk141_6088_2	UniRef100_D5ML00~K03686	44.7	387	181	6	4	380	5	368	3.16e-100	307
bin.002Ωk141_67_2	UniRef100_Q24NM5~K07497	49.1	334	164	2	1	328	18	351	3.21e-104	317
bin.001Ωk141_2388_2	UniRef100_E1R9J6~K13954	37.6	375	233	1	5	379	9	382	2.97e-72	236
bin.002Ωk141_7690_1	UniRef100_A0A0E3UZ29~K13745	49.1	389	187	4	1	384	52	434	3.38e-128	382
bin.002Ωk141_3456_2	UniRef100_A0A160MF85~K00566	56.6	364	155	2	10	371	2	364	1.43e-144	420
bin.001Ωk141_3399_2	UniRef100_A0A0G3LSF2~K02302	37.7	361	201	4	11	347	12	372	3.45e-61	208
bin.001Ωk141_6536_1	UniRef100_K9YVV3~K06147	49.3	373	189	0	4	376	5	377	1.61e-125	372
bin.001Ωk141_6526_2	UniRef100_V9QWN4~K12266	35.7	336	195	4	1	332	18	336	4.05e-55	190
bin.002Ωk141_1071_2	UniRef100_B4GV69~K06184	32.9	383	230	7	16	382	54	425	1.96e-39	151
bin.002Ωk141_1053_2	UniRef100_I6Z8Y4~K00324	51.7	381	183	1	1	380	1	381	3.45e-125	371
bin.001Ωk141_5685_3	UniRef100_A0A023WSP0~K18298	41.3	368	209	4	2	365	6	370	1.30e-82	263
bin.001Ωk141_4860_1	UniRef100_B1L4D6~K02549	33.1	359	227	7	18	369	5	357	8.22e-54	187
bin.001Ωk141_1861_1	UniRef100_K5VMY5~K00281	57.6	380	158	2	3	380	36	414	2.05e-154	447
bin.002Ωk141_6577_2	UniRef100_C1DTX2~K11749	31.6	364	232	7	17	374	87	439	1.30e-52	186
bin.001Ωk141_4779_1	UniRef100_C1F4X6~K08884	30.9	311	167	9	2	307	27	294	1.61e-30	125
bin.002Ωk141_7754_2	UniRef100_Q1IRV7~K02669	70.4	358	106	0	1	358	1	358	1.22e-181	514
bin.002Ωk141_732_4	UniRef100_T2GDR7~K07315	46.4	375	183	3	14	379	7	372	2.08e-97	300
bin.002Ωk141_2438_3	UniRef100_B1EQS5~K02495	45.0	373	203	2	9	379	85	457	2.20e-98	305
bin.002Ωk141_167_5	UniRef100_A4XVM9~K00249	55.9	374	164	1	3	375	7	380	4.55e-135	396
bin.001Ωk141_1225_2	UniRef100_I3ZKK0~K04487	48.8	381	177	6	2	377	4	371	8.30e-98	301
bin.001Ωk141_6804_1	UniRef100_G2LHZ5~K01760	61.8	377	143	1	1	376	1	377	1.71e-163	468
bin.002Ωk141_4341_2	UniRef100_A0A140E7F2~K15725	37.6	375	233	1	1	375	64	437	1.24e-77	252
bin.001Ωk141_1565_2	UniRef100_E6QZK9~K18703	40.8	380	205	5	6	365	49	428	9.02e-84	268
bin.002Ωk141_307_1	UniRef100_Q2SC37~K04058	31.6	354	226	6	28	372	46	392	2.03e-40	153
bin.001Ωk141_3303_2	UniRef100_A0A127VD07~K00457	43.8	354	192	4	14	366	17	364	7.44e-102	311
bin.001Ωk141_2919_5	UniRef100_D0LGI4~K16422	53.1	356	162	3	17	370	13	365	1.66e-121	362
bin.001Ωk141_681_1	UniRef100_A0A1P8ENJ3~K07240	62.4	372	140	0	1	372	24	395	6.66e-156	450
bin.002Ωk141_6176_4	UniRef100_A0A249PAP6~K04042	34.0	382	205	10	22	371	86	452	2.33e-36	143
bin.002Ωk141_883_1	UniRef100_Q2SC37~K04058	30.0	333	229	3	28	356	46	378	2.08e-33	134
bin.001Ωk141_5689_1	UniRef100_W0IQ09~K03147	63.5	329	110	4	9	334	3	324	2.24e-135	395
bin.001Ωk141_3045_4	UniRef100_Q3AI47~K01739	60.1	363	144	1	1	363	16	377	2.15e-151	437
bin.001Ωk141_6386_2	UniRef100_A0A0M5KLN6~K01873	30.9	414	219	11	1	354	63	469	1.61e-50	182
bin.001Ωk141_2504_1	UniRef100_A9AWL9~K01647	59.9	364	141	2	12	374	10	369	1.49e-135	397
bin.002Ωk141_3133_1	UniRef100_I0IL36~K10941	37.7	350	169	8	60	370	6	345	7.53e-59	200
bin.002Ωk141_5218_2	UniRef100_I6ZS88~K00819	62.5	363	136	0	12	374	7	369	8.98e-165	472
bin.002Ωk141_7075_3	UniRef100_A0A1X9MA28~K03575	40.9	357	191	9	7	350	11	360	9.33e-84	265
bin.001Ωk141_3121_3	UniRef100_A0A0E3Z1S5~K00259	59.3	371	150	1	1	371	1	370	1.27e-157	453
bin.002Ωk141_309_2	UniRef100_E8WJD4~K02338	36.2	378	228	5	1	371	1	372	4.22e-78	250
bin.001Ωk141_1387_3	UniRef100_F9ZZY2~K10680	39.1	340	175	11	12	339	10	329	7.14e-54	187
bin.002Ωk141_2646_2	UniRef100_A0A223CXS5~K00789	65.6	387	115	3	3	371	5	391	2.59e-177	504
bin.002Ωk141_241_3	UniRef100_A0A1D9LJW8~K13017	50.5	372	171	4	4	372	2	363	7.42e-118	352
bin.001Ωk141_453_2	UniRef100_Q5Z1T2~K04790	37.2	363	212	8	15	372	3	354	2.54e-62	211
bin.002Ωk141_258_1	UniRef100_A0A1U7CRG1~K00425	60.2	374	145	2	1	372	1	372	1.39e-151	440
bin.001Ωk141_5368_1	UniRef100_A0A172TKJ8~K00928	30.9	350	204	10	33	369	60	384	4.91e-28	119
bin.002Ωk141_8023_1	UniRef100_Q0SMD0~K04562	30.2	324	173	15	1	310	1	285	2.17e-17	88.6
bin.002Ωk141_7258_3	UniRef100_A0A142IS84~K07799	30.4	335	210	6	49	360	49	383	4.88e-29	122
bin.002Ωk141_2199_1	UniRef100_A0A142G2Z7~K01897	57.1	359	148	5	15	370	1	356	1.65e-137	401
bin.001Ωk141_8144_4	UniRef100_Q1IRN2~K05837	38.7	357	211	2	12	368	15	363	3.16e-74	240
bin.001Ωk141_7580_2	UniRef100_A0A1A9F0S3~K00121	81.0	369	70	0	1	369	1	369	5.57e-225	623
bin.001Ωk141_7540_1	UniRef100_A0A0D6EX28~K03592	36.3	369	224	3	2	369	3	361	4.43e-61	208
bin.001Ωk141_5132_1	UniRef100_R4M4A5~K04792	34.2	333	184	13	1	322	34	342	1.49e-38	147
bin.002Ωk141_2037_1	UniRef100_A0A1X9N417~K00800	44.8	366	195	4	11	370	6	370	9.94e-87	274
bin.002Ωk141_3377_2	UniRef100_L0FB01~K00605	51.0	361	176	1	8	368	4	363	3.55e-135	395
bin.002Ωk141_5467_1	UniRef100_M4S8E3~K02014	37.6	354	212	4	17	370	36	380	9.72e-58	199
bin.002Ωk141_2510_1	UniRef100_A0A248KL16~K12573	31.1	351	209	11	7	342	22	354	2.28e-28	119
bin.001Ωk141_8218_1	UniRef100_B8GMA2~K00526	73.8	343	90	0	27	369	59	401	1.59e-189	535
bin.001Ωk141_4668_1	UniRef100_Q1QTR7~K13529	58.3	369	153	1	1	368	10	378	1.24e-141	415
bin.001Ωk141_399_1	UniRef100_I3UCW4~K13778	53.1	369	168	3	1	368	67	431	3.37e-131	388
bin.001Ωk141_1731_2	UniRef100_Q83E31~K01915	62.5	341	126	2	9	348	7	346	1.68e-160	459
bin.001Ωk141_3902_4	UniRef100_A0A1V0Q2J0~K03924	46.4	319	146	5	20	318	1	314	3.55e-83	263
bin.001Ωk141_3622_2	UniRef100_B8CWJ5~K03588	39.5	357	209	2	8	357	5	361	1.23e-70	231
bin.001Ωk141_2566_1	UniRef100_A0A099D556~K01183	41.2	393	177	9	8	363	55	430	7.42e-91	286
bin.002Ωk141_5263_2	UniRef100_T2GB66~K03544	40.5	348	202	3	15	362	17	359	4.04e-73	238
bin.001Ωk141_6077_8	UniRef100_H8KQM3~K02346	55.8	346	152	1	1	345	1	346	1.17e-125	371
bin.001Ωk141_8247_1	UniRef100_Q7UVL8~K02055	64.9	365	128	0	1	365	84	448	3.30e-181	515
bin.001Ωk141_5643_2	UniRef100_G2IWA1~K13017	38.3	358	217	2	7	360	3	360	2.29e-70	230
bin.001Ωk141_4513_1	UniRef100_A0A0K1PCL6~K09458	30.2	361	204	13	26	366	7	339	1.23e-26	115
bin.002Ωk141_4106_1	UniRef100_B9IYU5~K15738	34.2	368	216	8	4	362	57	407	1.91e-44	164
bin.002Ωk141_7959_2	UniRef100_Q97DB0~K01961	58.9	358	146	1	1	357	86	443	2.06e-155	450
bin.002Ωk141_1552_2	UniRef100_E3F303~K02469	54.7	360	163	0	7	366	26	385	1.58e-139	409
bin.002Ωk141_2927_2	UniRef100_A0A094ZRW3~K01756	51.0	339	162	3	23	358	5	342	5.03e-114	342
bin.002Ωk141_1098_2	UniRef100_A0A0K1EMZ4~K12132	33.8	320	179	9	43	338	10	320	2.57e-36	140
bin.002Ωk141_2877_2	UniRef100_I3Y7S3~K07814	53.6	351	162	1	3	352	7	357	7.43e-116	347
bin.001Ωk141_8261_2	UniRef100_C6XA25~K02017	43.1	362	199	4	1	360	1	357	5.33e-82	259
bin.001Ωk141_4819_1	UniRef100_C3ZG84~K01336	41.0	361	203	4	1	351	35	395	4.04e-68	225
bin.002Ωk141_4028_2	UniRef100_D5MLE6~K07315	44.1	356	190	2	4	359	47	393	5.77e-99	304
bin.002Ωk141_7441_3	UniRef100_A0A0G3BGX3~K04096	44.0	366	171	10	16	356	23	379	4.64e-64	214
bin.002Ωk141_911_1	UniRef100_A0A1J0YYJ9~K12573	35.7	294	188	1	11	304	39	331	8.31e-46	165
bin.001Ωk141_7661_1	UniRef100_E3D5Y6~K00036	51.1	360	169	3	1	360	53	405	6.70e-126	373
bin.001Ωk141_1358_2	UniRef100_A0A0C5VNJ3~K10112	66.8	364	118	2	1	361	1	364	2.78e-166	474
bin.001Ωk141_3714_2	UniRef100_A0A1S6IW85~K01956	46.8	357	185	4	1	354	1	355	3.11e-102	311
bin.001Ωk141_2991_1	UniRef100_Q0AT18~K02529	52.5	345	159	2	14	358	6	345	2.22e-117	349
bin.001Ωk141_7540_2	UniRef100_C1F2G6~K03568	47.5	383	177	4	1	359	90	472	4.14e-106	325
bin.001Ωk141_175_1	UniRef100_G7WQS6~K09127	34.9	364	203	9	8	357	35	378	5.65e-51	180
bin.002Ωk141_7083_2	UniRef100_A0A0N0B971~K01768	36.6	366	203	9	1	347	5	360	6.04e-55	191
bin.001Ωk141_1569_1	UniRef100_B8G4N2~K11752	58.7	341	138	2	17	354	10	350	4.39e-129	381
bin.001Ωk141_5438_1	UniRef100_E3FYF6~K08884	32.1	305	161	9	42	336	51	319	6.85e-27	114
bin.001Ωk141_169_3	UniRef100_A0A221KG12~K19142	33.6	396	188	14	4	343	5	381	2.19e-43	160
bin.001Ωk141_74_3	UniRef100_S6BRP6~K04069	61.1	357	139	0	3	359	7	363	9.47e-169	480
bin.002Ωk141_1515_2	UniRef100_A0A125R0G6~K01255	34.4	363	218	7	17	360	17	378	1.36e-54	191
bin.001Ωk141_8149_1	UniRef100_U5T1V5~K07552	38.5	353	216	1	6	357	22	374	2.08e-61	208
bin.002Ωk141_5744_1	UniRef100_A0A0D5LVV1~K01442	41.9	329	171	6	2	327	28	339	4.46e-77	247
bin.001Ωk141_7255_3	UniRef100_A9FTG6~K00647	34.5	348	206	10	17	351	7	345	1.74e-34	135
bin.001Ωk141_4170_1	UniRef100_R7QP21~K15633	45.8	360	180	7	11	356	1	359	3.06e-94	291
bin.002Ωk141_6135_2	UniRef100_A0A143B7S7~K14170	60.9	353	138	0	5	357	5	357	2.90e-146	423
bin.002Ωk141_777_1	UniRef100_A0A1W5CH73~K00493	34.1	370	218	6	9	356	80	445	1.14e-64	218
bin.002Ωk141_712_1	UniRef100_L0GZM5~K04487	61.5	358	138	0	1	358	1	358	4.45e-150	433
bin.001Ωk141_7305_1	UniRef100_B0CN28~K20208	31.4	303	205	3	14	314	29	330	3.47e-25	110
bin.001Ωk141_4773_3	UniRef100_A0A0G3IC49~K00558	65.0	349	120	2	2	349	4	351	1.91e-166	474
bin.002Ωk141_8126_2	UniRef100_H2G0P4~K03734	42.6	310	166	6	36	338	17	321	2.16e-72	234
bin.002Ωk141_3025_2	UniRef100_B0THC3~K02401	44.3	348	192	2	8	354	16	362	6.41e-79	251
bin.001Ωk141_5096_2	UniRef100_H0DKS6~K07568	49.3	345	166	5	6	347	3	341	1.23e-103	314
bin.001Ωk141_6590_7	UniRef100_F7YAK0~K01843	43.0	300	167	3	33	328	36	335	2.63e-66	219
bin.002Ωk141_883_2	UniRef100_Q2SC29~K03229	44.5	348	192	1	1	348	1	347	6.10e-93	287
bin.002Ωk141_2758_1	UniRef100_A0A192II68~K07716	32.1	327	209	4	1	316	47	371	1.26e-41	155
bin.002Ωk141_6283_1	UniRef100_I4D483~K01046	46.0	361	178	6	2	352	59	412	4.75e-110	333
bin.001Ωk141_6182_1	UniRef100_A0A248KFK9~K03499	37.2	320	198	3	1	318	1	319	1.25e-58	198
bin.001Ωk141_6077_1	UniRef100_O30836~K01879	32.1	290	191	3	61	350	1	284	1.94e-40	149
bin.001Ωk141_5663_1	UniRef100_B0S080~K02652	39.1	335	193	5	3	334	55	381	1.05e-79	254
bin.001Ωk141_4576_2	UniRef100_A0A286RJ15~K02841	32.0	303	184	9	14	306	16	306	2.89e-33	132
bin.001Ωk141_289_2	UniRef100_A0A0C1CCD8~K11072	51.7	356	160	4	2	345	35	390	1.36e-113	342
bin.001Ωk141_2140_1	UniRef100_Q6MCV1~K11069	43.6	319	179	1	34	351	27	345	9.04e-96	294
bin.002Ωk141_1211_2	UniRef100_G8UXG4~K00496	46.4	336	176	3	11	345	47	379	2.20e-104	317
bin.002Ωk141_6313_2	UniRef100_B6IP11~K13590	33.3	324	186	8	45	350	40	351	3.54e-31	127
bin.001Ωk141_5917_7	UniRef100_A0A142XHL7~K03924	57.6	340	144	0	4	343	3	342	4.84e-125	369
bin.001Ωk141_7626_2	UniRef100_B2TF79~K15551	48.0	350	171	2	2	347	8	350	2.90e-106	321
bin.001Ωk141_6804_2	UniRef100_G2LI86~K01738	52.3	298	142	0	43	340	5	302	1.04e-98	300
bin.001Ωk141_4659_2	UniRef100_A0A1V0Q179~K14393	38.2	288	145	5	63	344	24	284	5.03e-49	172
bin.001Ωk141_2174_2	UniRef100_Q0A9N5~K02010	45.3	331	165	3	23	344	28	351	1.33e-93	289
bin.001Ωk141_6139_1	UniRef100_A0A1D8RYA0~K02004	46.8	346	181	1	7	349	6	351	1.46e-96	298
bin.001Ωk141_2867_1	UniRef100_A0A1Y0FUZ1~K02529	49.2	333	168	1	13	344	8	340	7.26e-109	327
bin.002Ωk141_2767_4	UniRef100_V9VVC2~K18707	35.5	344	210	4	3	341	81	417	1.26e-58	201
bin.001Ωk141_1896_3	UniRef100_B8GCP9~K00133	56.1	342	150	0	8	349	7	348	3.64e-128	376
bin.001Ωk141_2914_2	UniRef100_A0A1U7RJT9~K07755	45.3	322	167	3	2	319	3	319	2.47e-87	273
bin.001Ωk141_4425_2	UniRef100_W8PLB3~K02455	30.0	360	233	7	1	344	1	357	8.72e-24	107
bin.001Ωk141_4288_1	UniRef100_A0A0C5VEG4~K14157	33.5	352	215	6	9	342	87	437	1.85e-58	201
bin.002Ωk141_2519_2	UniRef100_A0A250BFY3~K07497	53.1	324	147	2	18	340	1	320	5.15e-114	340
bin.001Ωk141_7530_1	UniRef100_A0A0K1PTH6~K07713	51.3	306	145	2	36	338	5	309	4.35e-97	296
bin.001Ωk141_4833_2	UniRef100_A0A110B0C1~K00574	60.5	337	133	0	7	343	15	351	4.15e-152	437
bin.002Ωk141_5181_1	UniRef100_A0A143PQP8~K02662	50.1	349	168	3	2	348	9	353	9.47e-107	322
bin.001Ωk141_8019_1	UniRef100_C0QLS2~K07082	38.3	347	207	4	2	346	22	363	2.97e-66	219
bin.001Ωk141_7022_2	UniRef100_A0A143PS15~K03569	69.6	336	99	1	8	343	6	338	1.37e-159	456
bin.002Ωk141_5784_3	UniRef100_A1K6T1~K00273	39.0	367	195	11	1	343	2	363	2.37e-62	209
bin.002Ωk141_5704_3	UniRef100_A0A1L3GFI4~K07001	34.4	291	184	2	6	292	1	288	2.88e-48	171
bin.002Ωk141_2996_1	UniRef100_A0A0H2YMR9~K03230	33.6	339	202	6	14	347	19	339	7.24e-51	178
bin.001Ωk141_5501_1	UniRef100_A0A1I9XVQ7~K02575	53.9	347	155	2	6	347	5	351	3.16e-123	367
bin.001Ωk141_4894_2	UniRef100_B3R647~K00768	59.4	342	139	0	2	343	3	344	2.48e-127	374
bin.002Ωk141_1124_1	UniRef100_A5G935~K10716	36.6	325	205	1	21	345	11	334	1.65e-67	221
bin.002Ωk141_5054_1	UniRef100_A0A110AUY2~K00297	41.0	290	159	6	29	311	7	291	3.35e-57	194
bin.001Ωk141_7904_1	UniRef100_I8U044~K10907	47.4	346	181	1	1	346	45	389	9.66e-106	321
bin.001Ωk141_7426_1	UniRef100_R4MCL8~K00864	51.3	351	160	6	2	341	49	399	3.14e-109	330
bin.001Ωk141_7162_2	UniRef100_B8DME5~K01654	69.9	329	99	0	12	340	12	340	6.77e-172	487
bin.001Ωk141_7052_2	UniRef100_A0A1L6L0A6~K01480	43.8	345	188	4	1	342	1	342	7.47e-98	299
bin.002Ωk141_7303_4	UniRef100_E6W659~K02416	49.3	343	154	4	1	342	1	324	4.77e-108	324
bin.002Ωk141_5125_3	UniRef100_Q3B353~K01991	38.4	297	176	4	33	327	52	343	4.94e-69	226
bin.001Ωk141_2594_2	UniRef100_A0L6I8~K01784	67.3	303	98	1	1	303	1	302	1.90e-146	422
bin.001Ωk141_4294_1	UniRef100_Q1IHR6~K00001	37.5	312	193	1	24	333	21	332	2.47e-61	205
bin.002Ωk141_1931_4	UniRef100_H1XZ14~K07114	41.8	325	182	5	1	322	4	324	1.48e-72	234
bin.002Ωk141_1520_3	UniRef100_U3U6D0~K05515	32.6	340	219	3	9	340	12	349	3.40e-43	158
bin.002Ωk141_6823_2	UniRef100_A0A1E7F5R0~K12501	30.6	327	189	15	14	330	20	318	2.52e-18	90.9
bin.001Ωk141_1881_3	UniRef100_A0A143PH28~K01933	54.5	336	152	1	6	340	3	338	1.08e-119	354
bin.001Ωk141_8162_1	UniRef100_U5VI56~K02536	48.3	319	163	2	19	335	21	339	1.27e-51	180
bin.002Ωk141_6647_3	UniRef100_D0MI52~K00057	45.8	330	179	0	2	331	15	344	2.29e-91	283
bin.001Ωk141_5689_3	UniRef100_Q3AEU3~K01599	50.3	332	165	0	3	334	5	336	8.57e-108	324
bin.001Ωk141_341_2	UniRef100_D2T9G0~K00681	49.5	315	154	3	32	343	1	313	3.79e-92	285
bin.001Ωk141_2189_2	UniRef100_Q3A561~K02836	55.0	331	147	1	1	329	32	362	3.44e-118	351
bin.002Ωk141_2034_2	UniRef100_E3DLP5~K15771	43.0	302	150	5	31	329	22	304	1.45e-78	248
bin.001Ωk141_5803_4	UniRef100_A0A142XM00~K03407	35.7	328	203	4	1	323	53	377	1.24e-59	202
bin.001Ωk141_3503_2	UniRef100_A0A1G9TI02~K04774	55.1	314	138	2	1	312	1	313	1.57e-105	318
bin.002Ωk141_3553_1	UniRef100_Q1ISL6~K00248	64.1	337	121	0	5	341	54	390	7.35e-151	435
bin.001Ωk141_7691_2	UniRef100_K9SIS0~K11527	30.0	350	206	7	2	325	79	415	3.83e-34	135
bin.001Ωk141_154_3	UniRef100_B2JAV4~K07119	60.6	343	132	1	1	340	1	343	6.73e-154	441
bin.001Ωk141_151_2	UniRef100_Q3A0N6~K01974	46.7	338	180	0	1	338	1	338	2.93e-98	300
bin.002Ωk141_7601_1	UniRef100_A0A1X9M775~K03076	37.4	342	200	7	4	339	1	334	2.76e-60	204
bin.001Ωk141_1956_4	UniRef100_I1YFW8~K02015	48.3	296	149	3	41	333	28	322	5.65e-75	239
bin.001Ωk141_6079_2	UniRef100_L7UE13~K03924	34.6	327	193	6	9	328	22	334	7.23e-36	139
bin.001Ωk141_5950_2	UniRef100_A0A1B1FN59~K01179	60.5	291	110	4	33	321	34	321	8.69e-127	372
bin.001Ωk141_1509_1	UniRef100_I0AK73~K00451	56.2	340	147	2	1	338	46	385	3.99e-137	400
bin.001Ωk141_5614_1	UniRef100_B4GMY3~K00764	38.2	353	166	8	8	318	48	390	2.88e-59	202
bin.001Ωk141_7468_5	UniRef100_Q2IMP1~K01885	51.1	305	141	3	25	324	4	305	1.30e-94	290
bin.001Ωk141_6359_3	UniRef100_A0A0U5IAI5~K01968	59.6	344	134	1	2	340	3	346	8.64e-136	397
bin.002Ωk141_8010_3	UniRef100_Q608Q5~K07011	39.4	327	191	3	2	326	3	324	3.40e-70	227
bin.002Ωk141_3561_3	UniRef100_K9NH94~K13007	38.8	294	169	5	1	286	1	291	3.15e-52	181
bin.001Ωk141_1387_4	UniRef100_A0A0K2DEI3~K03566	40.0	290	167	2	34	321	12	296	1.09e-60	202
bin.001Ωk141_7613_3	UniRef100_D0LIU2~K00948	50.3	306	147	2	22	327	5	305	2.43e-103	311
bin.002Ωk141_5567_1	UniRef100_Q09BA7~K03924	56.2	329	142	1	1	329	9	335	3.46e-127	373
bin.002Ωk141_4726_3	UniRef100_A0A1B1FXC1~K00845	43.3	307	171	3	21	325	4	309	7.42e-83	259
bin.002Ωk141_79_1	UniRef100_C4K364~K02454	50.7	302	143	2	27	328	43	338	1.24e-98	301
bin.001Ωk141_2231_1	UniRef100_A7N2Q6~K13246	31.6	332	215	5	4	332	1	323	2.92e-47	169
bin.001Ωk141_6349_3	UniRef100_A0A127MME5~K05824	60.3	312	121	2	4	314	2	311	7.18e-116	344
bin.002Ωk141_2205_1	UniRef100_K7AJ37~K09696	41.2	328	188	3	9	336	75	397	6.63e-73	236
bin.001Ωk141_8052_2	UniRef100_A0A0K1PWT9~K00053	67.0	321	106	0	8	328	8	328	1.69e-154	442
bin.001Ωk141_7869_2	UniRef100_D8PEP9~K11895	32.4	306	195	6	11	308	24	325	4.86e-39	147
bin.001Ωk141_351_1	UniRef100_K0NMC8~K02669	45.5	325	176	1	1	325	58	381	2.32e-94	291
bin.002Ωk141_8181_2	UniRef100_A0A0C5WYU0~K00428	48.5	297	149	3	42	336	44	338	4.68e-90	278
bin.002Ωk141_861_3	UniRef100_A0A0P0CQI6~K09933	46.8	282	145	3	59	335	22	303	6.54e-82	256
bin.002Ωk141_58_2	UniRef100_A0A290S6B2~K10912	43.5	306	168	2	32	337	10	310	3.15e-72	232
bin.001Ωk141_7800_1	UniRef100_A0A174GG13~K00845	45.1	319	174	1	13	330	1	319	2.99e-90	278
bin.001Ωk141_4977_1	UniRef100_A0A0D5LNK1~K21137	31.8	340	215	9	1	336	1	327	6.23e-32	128
bin.002Ωk141_3796_3	UniRef100_L0G0H4~K01012	64.2	310	111	0	5	314	4	313	4.76e-146	420
bin.002Ωk141_3700_3	UniRef100_A0A1Q2MEA6~K01867	57.8	320	133	1	15	334	2	319	2.93e-134	390
bin.002Ωk141_5409_2	UniRef100_B1GZ35~K01733	65.5	339	112	3	3	336	5	343	2.86e-154	442
bin.001Ωk141_7731_2	UniRef100_K9SG64~K04487	49.4	318	159	2	2	318	62	378	1.41e-91	284
bin.001Ωk141_184_2	UniRef100_G2IUK9~K00845	51.0	314	144	6	12	322	12	318	1.70e-89	276
bin.001Ωk141_1933_2	UniRef100_A0A288GUK0~K06211	32.6	322	211	4	3	320	2	321	2.30e-41	154
bin.001Ωk141_1930_2	UniRef100_I4DCF3~K07566	45.6	318	154	5	1	305	31	342	4.37e-84	263
bin.001Ωk141_4914_2	UniRef100_Q0W7F9~K01784	33.9	310	176	9	20	316	3	296	5.69e-32	127
bin.001Ωk141_96_1	UniRef100_A0A0K1PK39~K14415	35.2	352	199	8	9	332	68	418	1.09e-48	174
bin.002Ωk141_5561_2	UniRef100_F3LK71~K07038	43.4	318	168	6	1	311	1	313	1.78e-71	231
bin.002Ωk141_7297_4	UniRef100_R4SZQ9~K03088	44.7	329	163	8	1	322	71	387	8.77e-65	215
bin.002Ωk141_6547_3	UniRef100_Q602J2~K00030	58.8	335	132	3	1	330	1	334	1.88e-129	379
bin.002Ωk141_4195_2	UniRef100_F7EG91~K04883	52.7	330	156	0	4	333	68	397	2.50e-126	373
bin.001Ωk141_3963_1	UniRef100_B1Y4K1~K11472	32.8	314	168	12	25	303	24	329	3.96e-22	102
bin.001Ωk141_4202_1	UniRef100_H1XQ73~K00134	61.0	333	129	1	1	332	1	333	3.96e-146	421
bin.002Ωk141_6839_5	UniRef100_A0A1L3MI35~K08678	66.6	305	102	0	18	322	1	305	2.46e-148	425
bin.002Ωk141_2505_1	UniRef100_A4VUH7~K06147	38.2	306	180	4	19	320	15	315	4.82e-61	203
bin.001Ωk141_1325_3	UniRef100_Q1ITG7~K00957	68.8	298	92	1	34	331	16	312	1.49e-145	418
bin.001Ωk141_1190_2	UniRef100_I7AVJ3~K03695	60.9	317	124	0	1	317	58	374	6.18e-136	397
bin.001Ωk141_7156_5	UniRef100_A0A023X286~K01425	42.7	288	163	2	36	321	31	318	6.80e-68	221
bin.002Ωk141_3542_2	UniRef100_Q6AJ29~K01338	34.1	302	199	0	25	326	21	322	5.19e-54	185
bin.001Ωk141_1829_2	UniRef100_G2SE61~K00648	54.5	319	143	1	4	322	19	335	3.81e-104	314
bin.001Ωk141_3934_2	UniRef100_W8X0H9~K03639	55.4	332	138	4	7	330	32	361	1.07e-115	344
bin.001Ωk141_8008_1	UniRef100_A0A1L6LHV0~K12132	34.0	309	177	11	23	321	35	326	3.35e-43	158
bin.001Ωk141_1589_3	UniRef100_I6ZR32~K00931	53.9	319	146	1	1	318	54	372	2.90e-109	328
bin.001Ωk141_7806_8	UniRef100_B8GRR4~K08963	55.4	332	141	3	2	328	11	340	1.83e-108	325
bin.001Ωk141_1431_2	UniRef100_Q9DBB8~K00078	34.6	327	194	6	4	317	3	322	1.17e-46	166
bin.001Ωk141_2674_3	UniRef100_D6Z1B1~K03412	63.5	318	113	1	1	318	30	344	1.27e-136	397
bin.001Ωk141_7156_2	UniRef100_C1F4K5~K00648	54.7	329	147	1	3	329	12	340	6.66e-124	364
bin.002Ωk141_3530_2	UniRef100_A0A1B1UDH7~K01784	58.2	328	133	3	3	328	2	327	5.95e-129	377
bin.002Ωk141_2740_3	UniRef100_K0E6L6~K00826	54.2	319	143	2	15	330	4	322	7.09e-112	333
bin.002Ωk141_2711_6	UniRef100_A0LPW3~K03733	49.1	291	147	1	39	329	15	304	9.31e-85	263
bin.002Ωk141_309_1	UniRef100_A0A1X9M6S0~K02313	55.3	322	143	1	1	321	8	329	4.12e-122	360
bin.001Ωk141_1894_2	UniRef100_A0A142FTY9~K07393	66.0	326	109	1	1	324	1	326	1.25e-168	477
bin.001Ωk141_6097_2	UniRef100_Q2RVI5~K05275	54.4	316	142	2	14	328	3	317	6.89e-108	323
bin.001Ωk141_3682_2	UniRef100_A1U0P8~K00507	62.6	302	110	1	13	314	11	309	2.28e-138	400
bin.001Ωk141_5053_2	UniRef100_D1C3S2~K02051	39.3	308	172	8	5	306	20	318	3.25e-55	189
bin.002Ωk141_2548_2	UniRef100_W5WU38~K16171	60.1	323	129	0	1	323	1	323	1.63e-135	393
bin.001Ωk141_3662_1	UniRef100_A0A150PMS1~K01286	34.2	304	192	4	3	301	40	340	3.81e-45	162
bin.001Ωk141_6990_3	UniRef100_A0A1B3MA82~K00344	47.0	302	156	2	24	321	30	331	1.15e-78	249
bin.002Ωk141_5949_1	UniRef100_H8MYE7~K07017	32.7	342	197	8	11	328	14	346	8.15e-48	171
bin.001Ωk141_5511_2	UniRef100_B0SF41~K00024	63.1	328	117	3	1	326	1	326	1.57e-135	393
bin.001Ωk141_5250_2	UniRef100_F4FAQ1~K15058	36.0	275	169	4	1	273	1	270	2.93e-48	169
bin.001Ωk141_6972_2	UniRef100_A0A222SGV4~K01698	61.3	323	125	0	1	323	6	328	9.34e-135	391
bin.001Ωk141_6834_2	UniRef100_G2ISW4~K05540	42.8	318	164	10	7	318	15	320	7.23e-54	185
bin.002Ωk141_7914_5	UniRef100_Q1IS93~K03040	60.9	317	120	2	5	320	4	317	6.62e-125	368
bin.001Ωk141_3244_1	UniRef100_A0A0U2NGS4~K01647	41.1	336	170	9	1	325	80	398	2.43e-55	191
bin.001Ωk141_664_1	UniRef100_A0A0H4PFC3~K03734	48.4	316	162	1	5	319	6	321	3.34e-97	296
bin.001Ωk141_6788_1	UniRef100_C7RV16~K02259	46.3	315	169	0	2	316	21	335	7.69e-91	280
bin.002Ωk141_5775_1	UniRef100_G2LG16~K03100	34.9	272	154	8	45	310	16	270	8.92e-39	144
bin.002Ωk141_791_2	UniRef100_A0A0K0XVH2~K03644	57.5	294	122	1	2	292	33	326	2.90e-120	355
bin.001Ωk141_7768_2	UniRef100_A1B210~K07393	41.2	325	173	4	1	314	2	319	7.11e-72	232
bin.001Ωk141_3649_2	UniRef100_A0A0K2SIW9~K00625	51.5	326	149	4	3	319	9	334	1.11e-97	297
bin.001Ωk141_7209_1	UniRef100_E4THC5~K13010	32.9	328	206	6	1	319	45	367	1.36e-44	162
bin.001Ωk141_4818_1	UniRef100_A0A0G3A7W3~K07231	56.2	329	130	6	1	323	60	380	2.11e-113	339
bin.001Ωk141_6548_5	UniRef100_Q985F5~K07716	32.6	319	190	9	1	314	46	344	1.69e-33	132
bin.001Ωk141_4205_1	UniRef100_A0A0E3NDZ6~K03455	31.5	279	180	5	4	277	5	277	6.62e-32	126
bin.002Ωk141_6786_2	UniRef100_A0A0H4QNC0~K18672	36.8	272	163	4	3	269	6	273	1.81e-49	172
bin.002Ωk141_721_4	UniRef100_F8CQ48~K19118	50.6	322	139	8	1	322	1	302	4.94e-96	292
bin.001Ωk141_6207_3	UniRef100_A0A291JVH0~K17316	69.1	301	91	1	24	322	4	304	3.09e-150	429
bin.001Ωk141_6097_6	UniRef100_B0C408~K07006	45.0	313	160	4	9	321	11	311	1.77e-84	263
bin.001Ωk141_7861_3	UniRef100_A0A0G3ELC8~K08679	59.2	321	128	1	1	321	1	318	7.89e-138	399
bin.001Ωk141_5556_1	UniRef100_E1SSY9~K00946	35.8	288	176	4	19	302	25	307	1.26e-43	158
bin.001Ωk141_7468_2	UniRef100_L7U2T7~K06180	31.8	289	180	5	9	286	30	312	3.60e-32	128
bin.002Ωk141_3691_6	UniRef100_A0A0M5KQF6~K02274	46.4	267	141	2	45	309	1	267	4.24e-83	258
bin.002Ωk141_309_3	UniRef100_I4D001~K03629	32.0	331	216	3	1	322	1	331	1.03e-46	167
bin.001Ωk141_7657_2	UniRef100_A0A1Y0GBC9~K01962	61.1	311	119	1	12	320	9	319	7.64e-124	363
bin.001Ωk141_1346_3	UniRef100_F2JJY3~K18471	36.5	323	177	6	1	298	1	320	7.64e-54	184
bin.001Ωk141_854_1	UniRef100_F8ADU9~K11358	30.4	326	216	4	5	322	2	324	1.85e-41	154
bin.001Ωk141_1930_1	UniRef100_D5MLE6~K07315	42.1	321	185	1	1	321	1	320	3.71e-85	267
bin.001Ωk141_5876_2	UniRef100_Q1ITG7~K00957	69.0	313	96	1	8	320	1	312	3.80e-150	429
bin.001Ωk141_1017_1	UniRef100_A0A0H3AMN4~K12530	40.4	307	174	3	1	304	45	345	9.14e-67	219
bin.001Ωk141_6558_1	UniRef100_A0A1Y0CKA5~K00648	46.7	317	156	5	4	309	23	337	1.88e-91	281
bin.001Ωk141_2139_2	UniRef100_A0A290YGT3~K15311	67.9	321	100	1	1	321	1	318	6.46e-160	457
bin.002Ωk141_5540_3	UniRef100_Q67LA8~K03924	51.3	308	141	4	15	319	7	308	5.95e-100	302
bin.002Ωk141_2900_5	UniRef100_H1XQY0~K03274	67.2	320	105	0	1	320	1	320	3.24e-160	455
bin.001Ωk141_6540_7	UniRef100_A0A1W1IAV3~K06041	53.3	315	145	2	6	319	13	326	5.10e-100	303
bin.001Ωk141_207_3	UniRef100_Q1ITG7~K00957	71.1	304	87	1	16	319	10	312	2.86e-154	440
bin.002Ωk141_1931_3	UniRef100_H1XZ13~K07114	40.1	337	178	3	1	319	1	331	1.17e-78	248
bin.002Ωk141_6134_1	UniRef100_A0A0E1E5A4~K11444	32.3	322	182	8	30	320	10	326	2.49e-34	134
bin.002Ωk141_5815_1	UniRef100_A0A1E7YNT1~K10941	42.2	320	165	4	1	314	48	353	3.55e-67	220
bin.002Ωk141_6378_8	UniRef100_F6G842~K04763	45.8	297	159	2	23	319	45	339	2.76e-83	261
bin.001Ωk141_7768_1	UniRef100_M4NJA3~K03566	54.9	295	132	1	19	313	1	294	4.03e-98	297
bin.002Ωk141_1950_4	UniRef100_A0A1X9U5C1~K09138	48.3	319	149	3	7	316	16	327	1.37e-95	292
bin.002Ωk141_3561_2	UniRef100_A0A0E2SXW0~K19997	40.0	305	168	6	7	309	2	293	3.52e-57	192
bin.002Ωk141_6642_3	UniRef100_A0A1P8TW88~K02031	34.4	259	148	10	6	261	5	244	5.65e-29	118
bin.001Ωk141_7835_2	UniRef100_A0A0B5BH00~K03979	54.4	318	143	2	2	318	3	319	3.31e-113	337
bin.001Ωk141_2351_2	UniRef100_A0A143B6X7~K02341	30.6	310	209	3	2	306	3	311	5.97e-43	156
bin.001Ωk141_464_2	UniRef100_A0A0U5AN73~K06180	31.9	273	160	12	19	273	24	288	8.50e-23	102
bin.001Ωk141_4274_1	UniRef100_D0LGD5~K01772	56.3	302	131	1	1	302	35	335	6.88e-117	347
bin.002Ωk141_5642_5	UniRef100_A0A140EZZ5~K01647	50.3	314	152	3	3	313	50	362	2.78e-102	310
bin.002Ωk141_4728_2	UniRef100_E8R492~K01990	43.8	308	172	1	9	316	34	340	4.19e-83	260
bin.002Ωk141_156_1	UniRef100_D0LM93~K00263	44.3	298	145	5	16	303	14	300	2.43e-67	220
bin.001Ωk141_6188_2	UniRef100_M4KVE6~K15328	38.0	303	186	1	2	302	3	305	5.41e-74	236
bin.001Ωk141_7215_1	UniRef100_A0A076HMG5~K01990	43.3	305	172	1	3	307	4	307	2.00e-74	238
bin.002Ωk141_1751_4	UniRef100_Q74BP1~K00791	41.8	299	172	1	10	308	10	306	1.49e-70	227
bin.002Ωk141_7353_9	UniRef100_Q1IHW0~K00948	62.4	306	114	1	10	314	53	358	2.99e-128	375
bin.002Ωk141_907_2	UniRef100_A0A1D8RVJ0~K02002	43.6	296	165	1	18	313	30	323	6.86e-97	295
bin.001Ωk141_5856_2	UniRef100_D0MDL6~K18979	43.6	298	158	5	17	306	15	310	5.77e-82	256
bin.001Ωk141_7666_2	UniRef100_B5YBJ2~K03320	49.5	321	152	3	4	314	48	368	6.68e-97	296
bin.001Ωk141_2283_1	UniRef100_A9GNW3~K03924	66.5	310	104	0	6	315	4	313	1.52e-149	428
bin.002Ωk141_1903_1	UniRef100_E8U7G9~K01655	59.7	310	124	1	7	315	14	323	1.60e-128	377
bin.002Ωk141_5134_1	UniRef100_A0A0F6BIE0~K15894	56.7	312	127	5	1	308	16	323	4.52e-119	351
bin.001Ωk141_3323_2	UniRef100_B8FLI2~K00645	43.2	292	164	2	1	292	1	290	2.90e-73	234
bin.001Ωk141_2923_3	UniRef100_B8FML9~K01488	30.4	319	198	5	4	312	7	311	2.23e-42	154
bin.001Ωk141_8043_1	UniRef100_A0A1D8TDD3~K18444	43.4	295	166	1	4	298	14	307	5.99e-80	251
bin.002Ωk141_3746_1	UniRef100_U5QM72~K03517	64.2	310	110	1	2	311	11	319	1.29e-142	410
bin.002Ωk141_3478_5	UniRef100_A1ALC4~K00604	46.1	310	159	5	2	308	5	309	2.69e-83	259
bin.002Ωk141_1252_2	UniRef100_A0A142YBC3~K01990	46.6	298	156	1	1	298	1	295	4.39e-86	266
bin.001Ωk141_3875_2	UniRef100_A0A0S3QTG7~K11753	42.4	290	165	2	6	293	8	297	1.12e-67	219
bin.001Ωk141_1540_3	UniRef100_H1XRQ9~K00384	61.4	308	116	2	4	311	6	310	2.99e-137	396
bin.002Ωk141_7924_4	UniRef100_A0A0D3D554~K04077	51.2	291	139	2	3	292	1	289	8.03e-96	291
bin.002Ωk141_7654_2	UniRef100_Q6MR15~K02275	42.4	314	168	6	1	309	13	318	9.67e-86	266
bin.002Ωk141_5448_2	UniRef100_A0A126QPM1~K13652	38.5	291	153	5	27	303	11	289	1.63e-49	172
bin.002Ωk141_877_1	UniRef100_A0A1B1Z2Q0~K00797	38.8	286	166	4	19	304	25	301	3.37e-58	195
bin.002Ωk141_2605_1	UniRef100_A0A0G2ZS37~K07017	40.1	327	178	7	2	311	52	377	6.08e-66	217
bin.002Ωk141_350_2	UniRef100_A0A143PWD0~K02257	36.7	286	180	1	25	309	9	294	8.98e-52	178
bin.001Ωk141_5122_2	UniRef100_A0A0A8BZW5~K01055	37.5	256	148	4	59	310	16	263	1.13e-34	132
bin.001Ωk141_4422_1	UniRef100_A5V155~K07011	41.8	294	166	1	8	296	5	298	1.86e-67	219
bin.001Ωk141_157_2	UniRef100_A0A059XN20~K10941	31.6	326	180	8	19	308	20	338	2.76e-31	125
bin.002Ωk141_2045_1	UniRef100_M4X1X3~K11444	30.1	312	170	8	15	291	14	312	4.98e-29	119
bin.002Ωk141_1562_2	UniRef100_I7GDD4~K02033	31.3	300	187	4	13	302	30	320	1.07e-35	137
bin.001Ωk141_5917_5	UniRef100_I0IHK3~K01990	49.8	319	149	2	1	308	1	319	3.35e-99	300
bin.001Ωk141_1325_4	UniRef100_A0A0B6CZ07~K00956	55.8	303	130	2	4	303	15	316	1.40e-112	334
bin.001Ωk141_986_2	UniRef100_F6B101~K16135	36.1	288	175	3	6	286	32	317	1.81e-55	188
bin.002Ωk141_4524_2	UniRef100_A0A0S2TAN3~K00228	68.8	301	93	1	10	309	5	305	1.10e-161	458
bin.001Ωk141_5829_3	UniRef100_A0A1E7LFX9~K03426	45.9	292	144	7	12	298	21	303	9.25e-69	222
bin.001Ωk141_4803_2	UniRef100_A0A109WBJ2~K01784	30.3	284	175	7	4	267	3	283	1.94e-27	115
bin.001Ωk141_4486_1	UniRef100_A0A143WUL2~K01925	30.6	327	187	10	4	309	9	316	5.84e-27	114
bin.002Ωk141_5022_3	UniRef100_Q2SB89~K02049	50.2	309	127	5	6	305	3	293	6.82e-100	301
bin.002Ωk141_6507_5	UniRef100_Q3SUW5~K00986	31.6	301	189	7	14	299	20	318	7.94e-36	137
bin.001Ωk141_6211_2	UniRef100_U5GAP6~K14157	31.0	281	171	7	40	297	1	281	3.59e-25	108
bin.001Ωk141_3539_2	UniRef100_A7MR15~K03566	47.3	296	155	1	6	300	5	300	3.62e-84	261
bin.001Ωk141_216_2	UniRef100_A0A193LJM7~K04763	39.9	291	173	2	17	306	27	316	1.43e-63	209
bin.001Ωk141_4257_2	UniRef100_W0E1N3~K21703	30.0	293	189	8	1	285	10	294	1.07e-17	88.2
bin.001Ωk141_5228_1	UniRef100_Q4BZQ2~K02016	46.2	303	161	1	4	306	7	307	2.41e-98	297
bin.002Ωk141_5628_1	UniRef100_A4VSK0~K01866	54.6	282	124	2	4	283	2	281	3.18e-108	322
bin.002Ωk141_1329_2	UniRef100_K0C878~K04763	51.8	280	129	4	25	300	22	299	9.30e-84	260
bin.002Ωk141_5410_1	UniRef100_D0LSH1~K03442	40.0	275	165	0	4	278	7	281	7.90e-59	196
bin.002Ωk141_3116_1	UniRef100_H8MRY9~K01920	40.0	305	182	1	1	304	7	311	1.57e-77	244
bin.002Ωk141_503_1	UniRef100_Q39T52~K00912	39.4	284	152	5	1	274	34	307	1.02e-49	174
bin.001Ωk141_3538_3	UniRef100_A0A1L6JF27~K17850	32.0	300	174	11	1	292	6	283	3.46e-13	75.1
bin.001Ωk141_3180_4	UniRef100_M1FK95~K00847	39.5	299	168	6	5	293	20	315	8.63e-46	163
bin.001Ωk141_2452_1	UniRef100_Q98PN7~K12132	34.4	279	167	6	28	304	7	271	3.12e-42	154
bin.002Ωk141_1562_3	UniRef100_D3P2Q5~K02034	32.6	273	168	4	41	299	39	309	1.38e-24	107
bin.001Ωk141_7209_4	UniRef100_A0A0U2XA79~K00067	31.7	262	176	3	8	268	10	269	5.97e-38	142
bin.002Ωk141_4506_3	UniRef100_A0A0K1JWU0~K21062	58.4	296	123	0	4	299	5	300	3.25e-121	355
bin.001Ωk141_4317_2	UniRef100_S5AAJ4~K05786	48.3	294	151	1	1	294	1	293	1.65e-86	267
bin.002Ωk141_8170_3	UniRef100_W8JHQ8~K02470	49.0	249	122	2	60	303	3	251	1.01e-75	238
bin.002Ωk141_5540_1	UniRef100_A3QBA3~K02528	38.0	279	140	4	16	292	11	258	5.53e-47	164
bin.002Ωk141_5460_2	UniRef100_A0A172RWI2~K01923	56.8	285	121	2	11	294	5	288	3.63e-114	337
bin.002Ωk141_3746_2	UniRef100_Q93CP8~K00278	46.2	305	156	3	4	303	7	308	5.43e-83	259
bin.002Ωk141_559_1	UniRef100_Q6MKN4~K22132	59.0	273	107	2	25	297	2	269	6.37e-114	335
bin.001Ωk141_6187_3	UniRef100_W0R4S6~K18900	33.1	299	197	2	1	297	21	318	2.78e-41	151
bin.001Ωk141_5404_2	UniRef100_A0A1A9GPW3~K00872	41.4	261	145	6	5	260	11	268	2.12e-44	159
bin.001Ωk141_589_2	UniRef100_W8TJC5~K00606	58.0	269	110	1	18	283	5	273	1.29e-101	304
bin.002Ωk141_2775_3	UniRef100_A0A060HHQ7~K01990	39.1	299	177	5	1	297	2	297	1.47e-61	203
bin.001Ωk141_6349_1	UniRef100_D4LXV6~K01703	40.8	306	174	2	1	299	29	334	1.46e-77	245
bin.002Ωk141_1625_2	UniRef100_A0A1C7EBM1~K01754	42.6	298	170	1	4	300	3	300	1.26e-72	232
bin.002Ωk141_5902_1	UniRef100_F4L6K9~K06987	64.6	285	101	0	16	300	15	299	1.34e-130	380
bin.001Ωk141_8149_2	UniRef100_W3ZZR6~K04761	30.9	265	154	7	7	257	5	254	1.31e-19	93.2
bin.001Ωk141_1218_2	UniRef100_A0A1Q2HS89~K06173	35.5	256	150	3	9	262	3	245	1.22e-47	165
bin.001Ωk141_2749_2	UniRef100_A0A075URU9~K18911	43.9	303	161	5	2	298	22	321	9.18e-68	219
bin.001Ωk141_2157_3	UniRef100_A0A1X9TXS9~K10918	31.6	294	190	6	8	293	10	300	2.89e-35	135
bin.002Ωk141_2910_5	UniRef100_A0A0B5FFB4~K03733	49.3	292	146	2	8	298	14	304	9.45e-82	254
bin.001Ωk141_1897_1	UniRef100_B1Y6Z0~K12132	34.8	279	155	9	7	276	4	264	3.26e-27	114
bin.001Ωk141_5318_1	UniRef100_B6VK65~K07714	40.4	292	160	3	1	290	54	333	4.44e-63	208
bin.001Ωk141_636_3	UniRef100_D9T860~K00161	53.5	256	118	1	13	268	18	272	9.17e-81	252
bin.002Ωk141_1576_1	UniRef100_A0A0A1B595~K04763	42.4	288	161	5	9	294	46	330	6.49e-66	215
bin.002Ωk141_7353_1	UniRef100_Q7TUW5~K03495	46.1	310	152	5	3	298	5	313	6.98e-85	265
bin.001Ωk141_1304_2	UniRef100_Q2S681~K01990	45.1	284	155	1	2	285	27	309	2.29e-71	228
bin.001Ωk141_5343_1	UniRef100_Q2S681~K01990	50.4	280	137	2	2	280	27	305	2.07e-80	251
bin.001Ωk141_2137_2	UniRef100_A9AZK5~K13051	49.8	287	137	3	5	291	3	282	6.51e-79	247
bin.002Ωk141_2081_2	UniRef100_A0A1D8RZ68~K00797	56.8	280	121	0	12	291	4	283	2.06e-113	334
bin.002Ωk141_7895_1	UniRef100_W8WUT0~K03229	47.5	282	147	1	11	292	68	348	3.22e-82	257
bin.002Ωk141_3590_1	UniRef100_A0A142EPB6~K00457	47.3	296	154	2	1	295	1	295	1.84e-87	271
bin.001Ωk141_5295_1	UniRef100_B9M440~K22320	58.4	286	118	1	3	288	2	286	2.51e-110	328
bin.001Ωk141_4180_2	UniRef100_A0A0G2ZS56~K21929	44.7	302	150	5	3	290	1	299	1.17e-63	208
bin.002Ωk141_4014_1	UniRef100_E4PGQ5~K00325	53.5	282	126	1	9	290	17	293	1.02e-95	290
bin.001Ωk141_2529_3	UniRef100_Q1D4S7~K01738	58.6	292	120	1	1	292	37	327	2.91e-118	348
bin.001Ωk141_6679_2	UniRef100_A0A103KEC5~K00788	46.9	260	121	6	24	280	31	276	2.33e-59	197
bin.001Ωk141_4490_1	UniRef100_A0A0A6ZPE4~K02567	43.4	325	140	3	13	293	59	383	1.29e-88	275
bin.002Ωk141_3402_2	UniRef100_A0A143PR83~K00772	60.9	284	110	1	7	289	3	286	1.27e-116	342
bin.002Ωk141_3385_2	UniRef100_A0A0T8L7M8~K10674	55.1	292	127	3	3	293	4	292	7.30e-113	333
bin.002Ωk141_161_6	UniRef100_S6BX73~K00830	53.2	282	129	2	16	294	8	289	1.78e-104	313
bin.001Ωk141_3580_2	UniRef100_D3E9Q6~K07079	40.4	297	170	4	1	292	1	295	2.46e-67	217
bin.001Ωk141_3018_2	UniRef100_Q2S681~K01990	43.7	284	159	1	2	285	27	309	5.64e-71	227
bin.001Ωk141_6988_1	UniRef100_F7YW43~K04763	33.6	265	154	7	12	264	9	263	6.90e-30	120
bin.002Ωk141_6001_2	UniRef100_Q2B8E4~K06976	33.0	291	179	7	1	286	3	282	1.24e-32	127
bin.002Ωk141_5054_2	UniRef100_E1WXL4~K09773	44.2	260	140	3	23	280	10	266	1.28e-68	220
bin.001Ωk141_360_2	UniRef100_Q2S681~K01990	46.1	284	151	2	2	284	27	309	2.06e-76	241
bin.001Ωk141_4537_1	UniRef100_A0A1C7PBI4~K02669	52.9	291	137	0	1	291	1	291	6.16e-105	315
bin.002Ωk141_8245_1	UniRef100_W8R3C5~K00973	68.4	282	89	0	1	282	1	282	1.53e-141	405
bin.002Ωk141_5850_2	UniRef100_F4KWR2~K01749	44.8	290	151	5	2	284	5	292	8.82e-66	213
bin.002Ωk141_5734_2	UniRef100_A0A0D3LEA6~K07301	40.3	273	141	5	20	291	5	256	5.16e-46	163
bin.002Ωk141_7489_2	UniRef100_Q63ZI6~K00485	37.5	253	141	7	16	252	1	252	1.45e-45	160
bin.002Ωk141_5229_1	UniRef100_A0A1B1YRI3~K01425	51.0	288	135	4	7	292	27	310	2.37e-91	280
bin.001Ωk141_2159_3	UniRef100_D5MIZ2~K00067	41.5	277	160	1	15	289	5	281	1.32e-67	218
bin.002Ωk141_1876_1	UniRef100_M9RMQ6~K07497	94.8	291	15	0	1	291	1	291	1.01e-197	550
bin.002Ωk141_5116_1	UniRef100_A7H7R9~K05986	30.5	275	154	10	20	284	25	272	1.18e-25	108
bin.002Ωk141_6917_1	UniRef100_A0A0H3I4A4~K01354	58.3	283	117	1	1	283	53	334	1.23e-117	347
bin.002Ωk141_2713_2	UniRef100_A0A140NH15~K03695	47.4	234	122	1	1	234	1	233	5.35e-53	179
bin.001Ωk141_4912_2	UniRef100_F4A2D9~K20074	36.0	250	138	4	1	250	10	237	1.48e-41	149
bin.001Ωk141_4537_3	UniRef100_B0U7W6~K01613	65.2	279	96	1	4	282	13	290	3.17e-129	374
bin.002Ωk141_6176_2	UniRef100_A0A1S6J0H3~K04083	32.8	287	190	2	3	287	2	287	1.65e-48	169
bin.002Ωk141_5616_1	UniRef100_A0A140NM45~K02337	32.5	243	141	5	4	241	6	230	1.20e-28	116
bin.002Ωk141_3166_11	UniRef100_H1XQA4~K05827	62.1	280	106	0	1	280	1	280	4.95e-126	366
bin.002Ωk141_7283_2	UniRef100_A1WZS6~K04761	30.3	277	176	6	1	266	1	271	1.70e-28	117
bin.002Ωk141_551_2	UniRef100_H0PWX4~K12410	55.7	255	113	0	34	288	1	255	1.11e-90	275
bin.002Ωk141_283_2	UniRef100_F6CMH4~K03525	56.5	253	110	0	36	288	1	253	5.48e-98	294
bin.002Ωk141_7303_2	UniRef100_B9MM03~K04562	38.6	267	162	1	2	266	3	269	7.65e-57	190
bin.002Ωk141_6731_1	UniRef100_A0A0K0XUS4~K04765	50.2	255	123	2	37	288	8	261	2.36e-75	236
bin.001Ωk141_5397_5	UniRef100_A0A1L6L785~K09458	32.0	278	177	5	8	275	2	277	2.07e-33	129
bin.001Ωk141_6614_2	UniRef100_V9W2C8~K07787	30.8	289	196	3	1	286	1	288	5.56e-37	140
bin.002Ωk141_5121_4	UniRef100_I0I515~K06969	45.3	287	142	6	11	284	9	293	8.32e-81	251
bin.001Ωk141_1922_2	UniRef100_W8TKS7~K02652	41.5	275	148	3	6	280	52	313	1.56e-64	211
bin.001Ωk141_8108_2	UniRef100_G4QJS6~K00507	48.4	285	142	3	1	282	61	343	9.62e-95	289
bin.001Ωk141_6034_1	UniRef100_Q47US0~K00767	40.7	280	156	5	11	287	21	293	1.80e-57	192
bin.001Ωk141_2956_2	UniRef100_A0A1A9GK75~K12132	36.3	256	139	7	38	285	3	242	5.58e-34	130
bin.001Ωk141_6806_1	UniRef100_Q316C2~K01654	61.8	280	107	0	7	286	1	280	1.22e-129	375
bin.001Ωk141_6733_3	UniRef100_A0A1B4BPJ5~K11921	30.7	283	171	7	6	268	6	283	6.02e-14	77.0
bin.001Ωk141_204_2	UniRef100_K9WMZ6~K00801	60.8	265	104	0	16	280	1	265	3.04e-108	320
bin.001Ωk141_5605_4	UniRef100_A0A142XLS0~K00796	46.6	283	139	5	1	280	4	277	3.43e-62	203
bin.001Ωk141_5330_2	UniRef100_A0A0F7HNV1~K02493	36.1	244	149	5	38	278	23	262	2.08e-36	136
bin.002Ωk141_2050_2	UniRef100_E6W681~K01878	67.8	276	89	0	1	276	1	276	3.00e-138	397
bin.002Ωk141_1624_2	UniRef100_Q3JCU3~K02016	37.4	257	156	3	29	282	41	295	4.26e-43	155
bin.002Ωk141_3651_3	UniRef100_A0A143PXR5~K02115	48.1	289	146	3	1	285	1	289	7.55e-74	233
bin.001Ωk141_3328_4	UniRef100_D0LV39~K01990	55.4	307	113	4	2	284	14	320	3.32e-105	314
bin.001Ωk141_4669_4	UniRef100_T1YCJ1~K06131	39.2	268	156	3	21	283	38	303	6.27e-65	211
bin.002Ωk141_6917_2	UniRef100_C3YQA0~K15537	42.0	269	148	4	3	269	34	296	1.27e-67	218
bin.002Ωk141_666_4	UniRef100_W2TJ92~K02355	45.5	290	146	4	6	285	40	327	2.91e-71	228
bin.002Ωk141_2677_2	UniRef100_A0A077J6Z9~K00074	67.0	282	93	0	1	282	1	282	3.34e-137	394
bin.002Ωk141_107_2	UniRef100_A0A193LJM7~K04763	39.1	281	169	2	6	285	16	295	3.75e-60	199
bin.002Ωk141_6088_4	UniRef100_O67437~K03086	47.9	290	120	1	26	284	8	297	4.56e-77	242
bin.002Ωk141_1107_1	UniRef100_I3V052~K01709	46.4	278	144	4	2	277	48	322	4.97e-74	235
bin.001Ωk141_6207_2	UniRef100_A0A291JVD2~K17317	68.1	279	80	1	13	282	14	292	3.13e-132	382
bin.001Ωk141_1431_1	UniRef100_J6Z340~K00854	33.6	283	179	4	4	283	3	279	1.99e-45	162
bin.001Ωk141_2168_2	UniRef100_C6XDC1~K09701	53.8	247	108	4	10	253	18	261	1.83e-84	259
bin.002Ωk141_3215_6	UniRef100_A0A0H2X6Z9~K00683	42.9	259	138	3	20	276	5	255	3.17e-61	200
bin.001Ωk141_5829_4	UniRef100_A0A126QPM1~K13652	44.2	283	157	1	1	282	1	283	3.61e-70	224
bin.001Ωk141_5330_1	UniRef100_A0A143DE57~K02835	59.2	284	104	2	4	275	65	348	2.42e-111	331
bin.002Ωk141_7728_9	UniRef100_A0A098AYS4~K01715	38.2	233	139	4	5	236	2	230	3.96e-33	127
bin.001Ωk141_3813_1	UniRef100_A4XMZ3~K01918	44.8	277	151	1	5	279	3	279	4.47e-80	249
bin.001Ωk141_1603_1	UniRef100_A0A0D3VGN4~K07098	32.4	253	168	1	23	272	8	260	3.49e-36	135
bin.001Ωk141_4521_2	UniRef100_A0A024HNN4~K02687	37.6	255	139	6	12	250	13	263	8.76e-37	138
bin.001Ωk141_55_1	UniRef100_A0A291GVW8~K00075	36.5	304	151	6	16	281	1	300	5.11e-47	167
bin.002Ωk141_1430_2	UniRef100_D8NH20~K13075	31.0	281	172	5	6	280	16	280	2.24e-33	129
bin.002Ωk141_5540_5	UniRef100_D5XEZ9~K00981	35.6	239	143	5	41	278	34	262	8.29e-37	137
bin.002Ωk141_4555_1	UniRef100_G8NE03~K01055	30.2	252	170	4	25	273	3	251	2.89e-24	104
bin.002Ωk141_2301_2	UniRef100_I0BQM6~K00575	56.4	241	105	0	15	255	10	250	4.30e-92	279
bin.002Ωk141_6176_1	UniRef100_A0A1S3XGC0~K01876	43.1	276	144	4	1	269	24	293	3.17e-70	224
bin.002Ωk141_7169_2	UniRef100_B8DL32~K00575	43.4	279	150	3	5	278	15	290	2.94e-75	237
bin.002Ωk141_2358_1	UniRef100_A0A0H3P0J0~K07641	40.6	229	130	3	52	276	1	227	2.79e-46	160
bin.002Ωk141_2177_1	UniRef100_A0A0U3MSA9~K03650	34.1	276	170	5	10	280	5	273	1.01e-41	151
bin.001Ωk141_5500_2	UniRef100_A0A0E1E8D0~K13774	50.6	269	125	1	3	271	2	262	2.21e-84	260
bin.001Ωk141_7140_4	UniRef100_L0DEJ0~K03778	60.7	267	102	1	1	264	55	321	8.11e-110	326
bin.001Ωk141_4756_2	UniRef100_A5DLC9~K01900	49.6	274	138	0	2	275	51	324	2.18e-80	251
bin.002Ωk141_877_6	UniRef100_A0A0K2RE47~K00453	48.7	263	135	0	13	275	22	284	6.13e-72	228
bin.001Ωk141_5977_2	UniRef100_A0A0D6BRR8~K00648	43.8	274	152	1	4	277	68	339	6.00e-69	222
bin.001Ωk141_3063_3	UniRef100_F8ELW3~K07270	35.6	239	151	2	2	239	8	244	3.12e-40	146
bin.001Ωk141_4350_2	UniRef100_G8P167~K00286	46.5	275	141	4	4	276	3	273	3.28e-72	228
bin.002Ωk141_4040_3	UniRef100_I0F5Z1~K03783	53.8	266	122	1	9	274	3	267	2.54e-96	290
bin.002Ωk141_1417_1	UniRef100_E6X155~K01433	58.8	272	112	0	5	276	7	278	4.96e-110	325
bin.001Ωk141_3957_2	UniRef100_A0A1S6J074~K07080	34.7	265	164	5	16	277	7	265	1.06e-37	141
bin.001Ωk141_3606_3	UniRef100_F8ECJ6~K13775	75.4	276	67	1	1	276	1	275	1.58e-145	414
bin.002Ωk141_4139_1	UniRef100_A0A143B649~K01963	60.5	276	109	0	1	276	1	276	2.64e-115	338
bin.002Ωk141_3912_4	UniRef100_I9NNH3~K22278	34.1	232	141	4	46	269	40	267	6.19e-39	143
bin.002Ωk141_6827_2	UniRef100_C1A6V5~K08884	35.0	266	166	2	11	276	26	284	8.63e-41	149
bin.001Ωk141_8215_3	UniRef100_B6A2C4~K07506	31.0	258	165	6	14	263	13	265	6.95e-21	95.5
bin.001Ωk141_4620_1	UniRef100_A0A223E3F3~K01738	59.6	277	111	1	1	276	3	279	3.75e-109	323
bin.002Ωk141_8210_1	UniRef100_K9WBX9~K20074	37.1	251	139	5	25	274	7	239	1.53e-34	130
bin.002Ωk141_5410_3	UniRef100_A0A0F7K3H3~K01142	65.4	269	92	1	1	268	1	269	1.54e-130	376
bin.002Ωk141_4341_4	UniRef100_A0A143PNQ1~K03497	45.3	274	143	2	3	270	2	274	4.50e-76	239
bin.001Ωk141_7670_1	UniRef100_D0LNA9~K06023	36.8	261	164	1	1	260	46	306	2.22e-55	187
bin.001Ωk141_5423_1	UniRef100_G2SEC6~K01011	56.6	258	111	1	18	275	19	275	4.13e-100	300
bin.001Ωk141_6558_3	UniRef100_Q67RA1~K01055	39.6	250	146	4	20	264	17	266	1.22e-39	144
bin.001Ωk141_6540_6	UniRef100_A0A0K2GGE4~K01627	55.1	274	121	1	1	274	1	272	2.56e-101	302
bin.002Ωk141_6220_1	UniRef100_A0A1L6LQE2~K04773	37.9	240	142	1	1	233	2	241	2.35e-42	152
bin.002Ωk141_1745_5	UniRef100_H1XQA7~K05828	55.3	262	117	0	6	267	1	262	5.37e-93	281
bin.002Ωk141_7521_3	UniRef100_C6E4M1~K09769	52.2	255	122	0	10	264	3	257	1.30e-88	270
bin.002Ωk141_1248_4	UniRef100_A0A0U4W4R0~K02886	67.3	272	89	0	1	272	1	272	2.10e-126	366
bin.002Ωk141_870_1	UniRef100_D3FPS5~K03315	37.3	244	137	1	25	268	4	231	1.10e-46	162
bin.002Ωk141_4816_2	UniRef100_B9LZC4~K03551	63.2	272	100	0	1	272	68	339	2.11e-110	328
bin.001Ωk141_7670_2	UniRef100_B8BRX7~K16195	31.1	273	119	11	23	258	6	246	5.17e-14	77.0
bin.001Ωk141_3121_2	UniRef100_I4D9Y5~K03800	34.2	269	157	8	14	273	19	276	1.81e-32	126
bin.001Ωk141_6461_1	UniRef100_B3DYD9~K11784	31.3	240	157	4	22	259	4	237	5.19e-36	134
bin.002Ωk141_2737_2	UniRef100_A0A0C5WQY8~K03442	44.9	247	136	0	18	264	54	300	4.82e-59	196
bin.002Ωk141_4704_2	UniRef100_A0A150PD64~K20074	35.4	257	159	3	18	273	4	254	6.00e-37	137
bin.001Ωk141_6188_3	UniRef100_S4XJC9~K06133	47.1	244	128	1	14	257	2	244	5.08e-71	224
bin.001Ωk141_5397_4	UniRef100_D6Z7A7~K01692	39.2	227	120	5	13	236	13	224	6.51e-41	147
bin.001Ωk141_6250_7	UniRef100_A7HYW8~K06996	34.0	250	160	4	10	256	7	254	1.41e-37	139
bin.002Ωk141_3884_1	UniRef100_F6IPE6~K15918	47.8	245	125	1	18	262	14	255	1.63e-71	226
bin.002Ωk141_836_2	UniRef100_A0A1S6F9P0~K10277	36.7	237	138	4	22	251	15	246	6.02e-44	155
bin.001Ωk141_207_2	UniRef100_A0A0S2I1J5~K00860	52.6	234	111	0	8	241	4	237	3.73e-84	257
bin.001Ωk141_1471_2	UniRef100_A0A250JK03~K00477	58.1	265	110	1	6	270	3	266	2.83e-106	315
bin.001Ωk141_1151_3	UniRef100_C5BG93~K01175	30.4	260	155	11	19	263	12	260	3.58e-12	71.2
bin.001Ωk141_2628_1	UniRef100_E9HCU6~K19519	33.2	241	147	4	34	266	13	247	3.60e-27	112
bin.001Ωk141_5977_1	UniRef100_E8NBP1~K22320	36.3	270	165	2	1	269	1	264	5.27e-39	144
bin.001Ωk141_5686_1	UniRef100_F6GGS2~K07391	42.1	273	154	2	1	270	1	272	8.60e-67	214
bin.001Ωk141_7626_4	UniRef100_F6CT07~K15552	69.1	249	77	0	20	268	56	304	4.29e-115	338
bin.001Ωk141_5428_2	UniRef100_E1VIL1~K13779	56.5	260	111	1	9	268	8	265	1.39e-95	287
bin.002Ωk141_7728_8	UniRef100_Q9ZAU1~K15956	34.5	258	155	8	4	250	19	273	2.67e-17	85.9
bin.002Ωk141_3594_2	UniRef100_B1ZMA5~K02477	38.7	256	148	2	4	258	12	259	1.96e-53	180
bin.002Ωk141_7597_1	UniRef100_Q3A5J3~K02406	43.1	269	146	2	7	269	8	275	6.19e-54	181
bin.002Ωk141_3417_2	UniRef100_Q17WN6~K17103	36.4	217	118	5	10	226	4	200	5.63e-30	118
bin.002Ωk141_3248_2	UniRef100_D6Z081~K03787	42.0	243	133	5	16	253	2	241	1.85e-49	169
bin.002Ωk141_5263_6	UniRef100_Q3A5J4~K02406	42.1	280	151	3	1	269	1	280	9.80e-54	181
bin.002Ωk141_5022_2	UniRef100_A0LP10~K02050	49.2	266	133	2	3	266	13	278	2.74e-76	239
bin.002Ωk141_7024_1	UniRef100_Q6AJV2~K00575	43.3	275	146	3	6	270	4	278	1.02e-73	232
bin.001Ωk141_1817_3	UniRef100_C9RB53~K02500	60.1	248	98	1	13	259	4	251	2.75e-96	288
bin.001Ωk141_7626_3	UniRef100_A0A1B2R9S2~K10831	57.4	256	109	0	1	256	1	256	8.60e-102	303
bin.001Ωk141_6974_2	UniRef100_M1P1V9~K02406	33.8	272	174	3	1	268	1	270	1.69e-38	141
bin.002Ωk141_3370_4	UniRef100_E6W765~K02533	45.7	245	125	2	6	246	18	258	1.31e-67	216
bin.002Ωk141_3154_2	UniRef100_A0A222FJ07~K02030	36.1	230	146	1	20	248	6	235	1.87e-45	159
bin.002Ωk141_6351_1	UniRef100_A0A1G1TR02~K22351	31.1	251	158	7	25	268	32	274	4.37e-36	135
bin.001Ωk141_3956_3	UniRef100_Q39YI9~K02406	39.3	275	159	3	1	267	1	275	3.91e-48	166
bin.001Ωk141_143_5	UniRef100_D0LHU5~K07124	46.6	247	129	2	10	254	9	254	2.25e-53	179
bin.002Ωk141_1745_7	UniRef100_A0A1D7W585~K00145	33.1	284	148	7	13	266	41	312	4.55e-38	141
bin.001Ωk141_3415_1	UniRef100_A1BEF3~K00382	48.9	223	103	1	27	249	6	217	4.96e-67	213
bin.001Ωk141_6540_4	UniRef100_Q3A370~K00979	53.2	248	115	1	1	247	1	248	1.40e-75	236
bin.001Ωk141_6250_2	UniRef100_A0A0C5VK73~K15312	61.0	254	97	1	7	260	5	256	5.77e-106	313
bin.002Ωk141_3912_6	UniRef100_A0A1I9Y6K7~K09697	53.9	258	118	1	1	258	1	257	4.08e-82	253
bin.001Ωk141_1151_2	UniRef100_A0A0E9L8I9~K10216	30.0	273	163	11	8	262	18	280	5.94e-12	70.9
bin.001Ωk141_4429_4	UniRef100_B9LA52~K03118	40.3	236	133	4	12	242	8	240	5.11e-46	160
bin.001Ωk141_154_2	UniRef100_Q392E5~K03417	38.9	226	131	2	7	226	10	234	7.11e-39	142
bin.002Ωk141_276_1	UniRef100_V4TIH5~K03696	41.8	220	116	3	35	254	1	208	6.56e-49	166
bin.001Ωk141_1894_4	UniRef100_A0A1B3CIU0~K13633	38.1	265	156	5	1	263	1	259	3.24e-34	131
bin.001Ωk141_6187_2	UniRef100_F0SKA0~K00059	58.0	262	109	1	1	262	1	261	3.74e-90	273
bin.001Ωk141_7017_3	UniRef100_C0Q998~K05566	45.3	276	137	2	1	263	39	313	2.76e-68	219
bin.001Ωk141_2716_1	UniRef100_A0A0Y1CAL1~K12433	35.6	250	143	7	3	250	55	288	3.41e-27	112
bin.002Ωk141_3651_4	UniRef100_G7L519~K02112	60.1	271	98	3	2	264	19	287	9.30e-106	315
bin.002Ωk141_3188_1	UniRef100_G4NVD8~K15327	58.1	267	109	2	1	264	1	267	9.78e-104	308
bin.001Ωk141_7361_2	UniRef100_I3YEN4~K01609	43.8	258	142	2	2	257	6	262	3.34e-61	199
bin.001Ωk141_4350_3	UniRef100_E8T1X7~K03177	38.0	237	143	3	1	237	36	268	6.51e-47	163
bin.002Ωk141_5772_1	UniRef100_B8CWM6~K01591	47.4	270	131	3	3	262	4	272	4.48e-77	241
bin.001Ωk141_1481_4	UniRef100_K7ZA31~K01776	53.1	260	120	1	4	261	9	268	2.99e-90	273
bin.001Ωk141_3176_1	UniRef100_C8URE0~K03782	58.6	256	105	1	3	258	38	292	1.48e-101	303
bin.001Ωk141_7002_2	UniRef100_A0A1L6L3W3~K22322	42.1	247	139	2	9	255	8	250	3.20e-52	176
bin.002Ωk141_7850_3	UniRef100_A0A0B5FS61~K02967	61.9	244	89	1	1	240	1	244	2.33e-108	319
bin.002Ωk141_5657_1	UniRef100_G4Z4M5~K00641	40.8	262	150	2	2	260	32	291	1.32e-58	194
bin.002Ωk141_1172_3	UniRef100_A6SYJ3~K09190	50.4	230	107	3	25	247	33	262	5.17e-72	227
bin.002Ωk141_4321_3	UniRef100_A0A0K1EKN4~K01784	39.0	249	147	2	1	249	59	302	3.42e-58	193
bin.001Ωk141_6070_2	UniRef100_A0A1S3HRZ3~K05607	53.2	250	113	1	14	259	47	296	2.23e-81	252
bin.001Ωk141_1340_2	UniRef100_D2S8P1~K06442	49.6	262	124	4	1	254	1	262	2.02e-61	200
bin.001Ωk141_6481_1	UniRef100_L8GRQ8~K01488	33.8	225	110	4	2	225	12	198	8.33e-31	119
bin.002Ωk141_5448_7	UniRef100_A0A0U2XB02~K06377	47.1	259	137	0	1	259	1	259	6.35e-80	247
bin.001Ωk141_1577_3	UniRef100_B3E9M8~K20074	37.9	256	149	4	1	254	1	248	9.65e-48	165
bin.001Ωk141_2872_2	UniRef100_F2RBJ1~K01785	44.4	261	136	4	4	259	7	263	1.30e-69	221
bin.001Ωk141_6854_4	UniRef100_F2J007~K01945	43.7	238	129	4	21	255	1	236	1.88e-59	194
bin.001Ωk141_2468_1	UniRef100_A0A0E3Z1W3~K01070	61.1	257	98	2	1	257	20	274	1.14e-110	326
bin.002Ωk141_5653_2	UniRef100_Q1IMN0~K13292	35.7	255	158	3	1	250	1	254	2.18e-49	169
bin.002Ωk141_5238_4	UniRef100_A0RGU6~K16216	35.5	248	144	8	3	237	11	255	8.38e-35	131
bin.002Ωk141_877_5	UniRef100_A0A1L3ENK1~K00059	57.0	263	107	3	1	259	1	261	1.13e-90	274
bin.002Ωk141_4959_5	UniRef100_A0A1L3GE60~K02036	69.2	247	76	0	13	259	14	260	1.13e-123	358
bin.001Ωk141_4773_6	UniRef100_F5XPP5~K14136	30.7	251	165	7	1	249	43	286	3.48e-13	74.3
bin.002Ωk141_7117_5	UniRef100_A0A0S3QTV3~K01715	61.5	257	99	0	2	258	14	270	3.30e-106	314
bin.002Ωk141_7039_1	UniRef100_A0A0S2SNT4~K03321	70.6	262	74	1	1	259	1	262	2.81e-118	345
bin.002Ωk141_381_2	UniRef100_E6SMQ3~K00175	47.6	231	108	2	20	237	14	244	5.33e-66	212
bin.002Ωk141_4376_2	UniRef100_Q5FVX2~K11147	46.3	244	131	0	12	255	13	256	4.16e-62	201
bin.001Ωk141_1777_2	UniRef100_F8A9Z1~K02557	37.7	223	127	4	16	235	14	227	1.05e-36	136
bin.001Ωk141_2627_2	UniRef100_D0LYH8~K01069	53.0	264	116	4	1	257	1	263	8.84e-90	272
bin.002Ωk141_2851_2	UniRef100_C1A6K8~K01990	48.0	250	129	1	6	255	1	249	1.38e-73	230
bin.001Ωk141_4889_3	UniRef100_A0A1B2HTF2~K07642	41.9	241	136	2	3	240	26	265	1.95e-47	164
bin.002Ωk141_2765_5	UniRef100_A0A143PKI4~K02303	58.9	258	100	4	1	255	1	255	1.40e-86	264
bin.002Ωk141_585_2	UniRef100_A0A0D5N584~K02392	39.9	258	133	8	1	254	1	240	1.18e-41	148
bin.002Ωk141_6259_1	UniRef100_Q4C0Z9~K19802	33.8	216	132	6	18	223	18	232	2.87e-22	97.8
bin.001Ωk141_3875_3	UniRef100_E4TSB2~K00991	35.3	232	131	5	3	227	2	221	3.19e-32	123
bin.001Ωk141_6902_2	UniRef100_A6SYJ3~K09190	45.9	229	116	3	20	246	35	257	1.06e-64	208
bin.001Ωk141_4446_3	UniRef100_A0A127EQJ3~K02049	43.4	249	133	2	1	241	20	268	4.19e-61	199
bin.002Ωk141_6176_5	UniRef100_A0A1C7DQR2~K00208	58.1	253	103	2	3	253	5	256	5.38e-101	300
bin.002Ωk141_1619_1	UniRef100_A0A1Y3PFA6~K07315	30.2	245	165	5	12	252	26	268	8.42e-32	124
bin.002Ωk141_7474_2	UniRef100_Q1DB15~K01092	49.6	244	119	1	8	247	9	252	7.92e-75	234
bin.002Ωk141_324_2	UniRef100_W0RQE6~K02477	40.0	245	141	3	1	244	3	242	5.92e-49	167
bin.002Ωk141_4352_3	UniRef100_A9GB16~K01120	39.5	248	146	2	1	246	1	246	5.88e-57	188
bin.002Ωk141_1835_2	UniRef100_A9A3A1~K00059	32.5	255	161	5	1	251	3	250	1.23e-36	135
bin.002Ωk141_7303_3	UniRef100_E1X4P6~K02405	51.4	243	112	2	10	251	17	254	2.72e-77	240
bin.001Ωk141_5605_2	UniRef100_A0A1G1TZK3~K02477	39.6	255	130	4	3	249	2	240	1.67e-53	179
bin.001Ωk141_147_1	UniRef100_A0A060DBV3~K02066	50.0	248	124	0	2	249	4	251	1.07e-78	243
bin.002Ωk141_179_2	UniRef100_F4LVM3~K20074	34.0	250	141	4	4	246	10	242	4.56e-36	134
bin.001Ωk141_616_2	UniRef100_A4G3G1~K01501	31.3	259	157	9	1	243	5	258	2.05e-18	88.2
bin.002Ωk141_2005_1	UniRef100_A0A212F8Q9~K01885	49.2	248	124	2	7	253	27	273	8.36e-78	242
bin.001Ωk141_5535_2	UniRef100_A0A0P8N5I6~K02020	34.2	234	136	5	17	237	26	254	2.17e-29	117
bin.001Ωk141_7503_1	UniRef100_A0A1T5HU79~K00240	75.4	244	60	0	3	246	4	247	1.98e-136	389
bin.001Ωk141_1208_2	UniRef100_Q67R89~K11782	32.4	253	159	5	1	242	30	281	7.84e-32	124
bin.001Ωk141_7382_2	UniRef100_W0IY50~K07663	56.7	254	97	4	1	249	1	246	3.28e-87	265
bin.001Ωk141_3075_1	UniRef100_A0A1Y0IT21~K01126	33.2	238	149	4	4	235	40	273	1.03e-26	110
bin.001Ωk141_880_5	UniRef100_I6ZSN3~K00059	46.8	250	130	2	1	250	1	247	5.96e-73	228
bin.002Ωk141_3865_2	UniRef100_A0A1Q2HLX3~K01992	47.6	246	124	2	6	251	3	243	5.54e-67	213
bin.002Ωk141_5540_4	UniRef100_A0A143PHE4~K00806	56.2	235	103	0	17	251	19	253	1.22e-93	281
bin.002Ωk141_2833_4	UniRef100_Q3SUJ4~K00986	35.9	220	132	4	31	242	11	229	1.07e-32	125
bin.002Ωk141_577_2	UniRef100_A0A0P9DVZ7~K22205	41.9	241	135	3	1	236	30	270	6.36e-57	188
bin.002Ωk141_2648_3	UniRef100_A0A143BJH3~K02477	38.3	277	137	1	1	243	4	280	8.46e-58	191
bin.001Ωk141_1757_2	UniRef100_A0A1B2R685~K13292	30.5	236	131	12	18	230	26	251	1.21e-15	80.5
bin.002Ωk141_3808_1	UniRef100_A0A1L3JHR7~K02477	30.1	236	162	2	11	246	5	237	2.80e-29	116
bin.002Ωk141_5715_2	UniRef100_F7VIG1~K02231	39.3	211	101	3	36	246	26	209	1.60e-32	124
bin.002Ωk141_3370_5	UniRef100_A0A143B5C4~K00655	39.8	226	134	2	12	237	11	234	2.53e-47	162
bin.002Ωk141_5161_2	UniRef100_A1U6J3~K00799	35.8	232	145	2	6	233	1	232	1.54e-50	171
bin.001Ωk141_3852_5	UniRef100_A0A1D9GLM0~K00554	49.4	247	124	1	1	247	1	246	2.15e-73	229
bin.001Ωk141_151_1	UniRef100_Q4BWT3~K14415	52.2	224	99	2	34	249	32	255	1.15e-68	218
bin.002Ωk141_4011_3	UniRef100_C8WR09~K03437	32.8	253	141	7	8	243	10	250	1.07e-24	104
bin.002Ωk141_3593_1	UniRef100_S5TW06~K07448	43.8	240	129	3	12	249	4	239	1.13e-53	180
bin.002Ωk141_7082_2	UniRef100_D5MK80~K02066	50.4	244	121	0	6	249	3	246	1.83e-73	229
bin.001Ωk141_1325_1	UniRef100_A0A0S2I599~K00390	53.3	229	107	0	6	234	5	233	8.54e-90	271
bin.002Ωk141_1506_3	UniRef100_A0A0E3ZT57~K00059	40.2	251	140	4	1	245	3	249	8.39e-48	164
bin.002Ωk141_4845_3	UniRef100_F0SZV8~K02419	58.9	219	90	0	29	247	32	250	4.50e-82	251
bin.001Ωk141_4103_3	UniRef100_Q6MKN3~K03424	42.7	248	132	5	7	247	7	251	1.73e-54	182
bin.001Ωk141_6495_2	UniRef100_B8D0J4~K00015	53.2	252	106	3	1	240	16	267	1.09e-85	261
bin.001Ωk141_6250_3	UniRef100_A0A0H3E1A1~K15313	61.6	245	93	1	2	246	18	261	2.97e-102	303
bin.002Ωk141_7207_2	UniRef100_A1TCA2~K07090	56.7	247	104	2	1	245	1	246	1.63e-81	251
bin.002Ωk141_5010_1	UniRef100_A0A088P199~K02483	31.7	208	130	4	10	217	1	196	1.86e-19	90.1
bin.001Ωk141_1481_5	UniRef100_A0A0X8K673~K00989	58.9	231	93	1	8	236	6	236	1.84e-85	259
bin.001Ωk141_5692_2	UniRef100_C6BXT4~K00059	58.9	248	100	1	1	246	2	249	5.32e-85	259
bin.002Ωk141_2334_1	UniRef100_W0BGD5~K01883	50.9	224	109	1	4	226	3	226	3.35e-78	243
bin.001Ωk141_5698_3	UniRef100_H5T3V8~K06607	30.6	206	130	4	4	206	1	196	1.33e-18	87.0
bin.001Ωk141_4543_1	UniRef100_A0A1L6L3W3~K22322	41.6	238	135	4	1	236	15	250	1.20e-47	164
bin.001Ωk141_6527_3	UniRef100_B4UEM3~K03474	35.1	239	155	0	6	244	4	242	2.41e-44	155
bin.001Ωk141_6449_1	UniRef100_B7JWF7~K01071	40.1	242	145	0	1	242	6	247	3.02e-64	206
bin.002Ωk141_3945_3	UniRef100_A0A0H4W4G7~K03092	40.9	235	136	1	8	242	40	271	8.39e-53	177
bin.002Ωk141_3070_1	UniRef100_A0A089P4S3~K16566	43.2	206	111	4	43	244	41	244	7.36e-44	154
bin.002Ωk141_4506_5	UniRef100_A0A1A9F0H1~K01803	45.7	247	119	7	1	235	2	245	2.92e-51	173
bin.001Ωk141_2744_2	UniRef100_H0PUI1~K01784	46.1	241	125	4	1	238	11	249	3.02e-58	191
bin.002Ωk141_2037_4	UniRef100_A0A0S3QUV2~K00059	55.8	240	105	1	4	242	2	241	5.30e-88	266
bin.002Ωk141_5804_2	UniRef100_A2C730~K00975	40.3	248	136	6	1	237	1	247	3.08e-43	152
bin.002Ωk141_6940_7	UniRef100_B3QY71~K03969	67.8	233	73	2	2	233	3	234	2.49e-94	282
bin.002Ωk141_4143_3	UniRef100_A0A0X3X9T7~K21744	33.5	218	131	5	4	210	5	219	2.28e-14	76.6
bin.002Ωk141_1502_1	UniRef100_A0A0R3P2R5~K01611	34.5	261	141	9	2	235	8	265	1.01e-35	134
bin.002Ωk141_5309_2	UniRef100_A0A0S3QSD3~K06861	61.8	238	91	0	5	242	1	238	9.18e-102	301
bin.001Ωk141_4894_3	UniRef100_W8F4N0~K02233	52.2	245	104	5	1	233	14	257	1.16e-71	225
bin.001Ωk141_2700_2	UniRef100_A0A291HV44~K06911	46.2	238	126	2	1	237	56	292	1.79e-69	221
bin.002Ωk141_4153_3	UniRef100_G2NUZ5~K07005	49.3	209	100	1	20	222	11	219	3.63e-68	215
bin.001Ωk141_1956_6	UniRef100_A0A0B9G0L4~K03969	43.5	214	120	1	1	213	1	214	9.28e-44	152
bin.001Ωk141_940_2	UniRef100_A0A0P7ISE9~K00059	60.2	241	96	0	1	241	1	241	9.42e-102	301
bin.001Ωk141_615_1	UniRef100_W0RB19~K07025	62.0	229	87	0	1	229	23	251	5.78e-94	281
bin.001Ωk141_4521_1	UniRef100_A0A193LD16~K09761	33.9	239	151	6	5	238	6	242	4.39e-30	118
bin.002Ωk141_7175_2	UniRef100_C6W1N3~K15256	48.5	239	122	1	3	240	10	248	2.73e-71	224
bin.002Ωk141_7147_2	UniRef100_A8ZNQ8~K02003	72.0	232	65	0	10	241	22	253	2.78e-113	330
bin.001Ωk141_6558_2	UniRef100_G2SGX9~K00059	53.6	237	102	2	11	239	1	237	2.73e-73	228
bin.002Ωk141_6448_1	UniRef100_A7I0T7~K02006	32.9	210	127	4	1	196	1	210	9.09e-24	100
bin.001Ωk141_3891_1	UniRef100_A0A0F6IKV0~K00615	45.4	216	117	1	2	217	49	263	3.35e-59	193
bin.001Ωk141_4451_4	UniRef100_Q6ANL3~K03183	51.8	224	108	0	13	236	23	246	9.02e-76	235
bin.002Ωk141_3573_2	UniRef100_A0A0E3UQ20~K06889	65.7	230	79	0	10	239	4	233	2.55e-103	306
bin.001Ωk141_7973_2	UniRef100_Q6MM51~K06179	45.6	204	103	3	22	219	4	205	1.20e-48	165
bin.001Ωk141_7022_1	UniRef100_B5EG05~K03570	30.9	230	158	1	9	238	7	235	2.22e-19	90.5
bin.001Ωk141_6548_4	UniRef100_A0A1V0DAH3~K06180	59.4	212	86	0	8	219	4	215	1.25e-82	252
bin.001Ωk141_5837_2	UniRef100_D0MJ45~K07394	37.6	194	117	1	39	228	21	214	1.88e-41	146
bin.001Ωk141_3303_1	UniRef100_C8TBV5~K00483	47.9	211	109	1	6	215	4	214	1.33e-65	208
bin.001Ωk141_4490_2	UniRef100_A0A1B1Y2N2~K02568	43.9	214	111	4	8	215	3	213	1.89e-52	175
bin.002Ωk141_7935_2	UniRef100_A0A223NQU8~K07164	31.6	228	153	3	5	230	9	235	5.63e-08	58.5
bin.002Ωk141_3376_1	UniRef100_A7IE13~K01071	31.6	228	155	1	5	232	40	266	1.71e-33	127
bin.002Ωk141_721_2	UniRef100_E8RAZ8~K19119	46.0	224	112	5	9	230	11	227	1.21e-55	183
bin.002Ωk141_2693_1	UniRef100_W8KRP5~K21020	30.3	228	125	6	13	214	12	231	4.86e-22	97.4
bin.002Ωk141_4683_3	UniRef100_D1C3N0~K02193	42.5	219	120	3	4	218	21	237	1.23e-46	160
bin.001Ωk141_7806_7	UniRef100_P61664~K06206	53.3	229	102	4	4	231	4	228	1.94e-73	228
bin.002Ωk141_1743_1	UniRef100_Q07UV2~K09807	36.6	202	122	2	40	235	32	233	7.82e-31	119
bin.002Ωk141_1442_4	UniRef100_E1QKM6~K13770	40.6	197	114	2	7	200	16	212	5.72e-45	155
bin.002Ωk141_2797_2	UniRef100_A0A1B1KUS5~K07664	56.7	224	91	2	11	233	10	228	1.69e-90	272
bin.002Ωk141_161_1	UniRef100_G9AAB9~K00355	33.1	248	142	9	1	235	1	237	4.80e-20	91.7
bin.001Ωk141_7622_2	UniRef100_K9V9C7~K05982	52.5	219	103	1	1	218	1	219	2.70e-85	258
bin.001Ωk141_3106_5	UniRef100_A0A0S2KAL7~K01990	58.5	234	96	1	1	233	4	237	4.19e-84	256
bin.001Ωk141_2999_4	UniRef100_P0A0Z7~K00983	44.5	227	121	3	9	234	6	228	8.80e-50	168
bin.001Ωk141_4890_1	UniRef100_A0A0D5M5K7~K01710	64.9	225	78	1	7	230	50	274	5.75e-109	320
bin.002Ωk141_5412_2	UniRef100_B7KN90~K00806	55.6	232	95	3	1	229	1	227	1.49e-78	241
bin.002Ωk141_2790_3	UniRef100_A0A1V0DIT3~K07668	48.2	226	116	1	8	232	4	229	8.36e-67	211
bin.001Ωk141_1738_1	UniRef100_A9SSQ6~K03354	52.8	231	94	6	14	232	45	272	4.57e-67	214
bin.001Ωk141_1575_2	UniRef100_A0A220S5B1~K07705	48.7	228	117	0	1	228	1	228	1.91e-65	208
bin.001Ωk141_5295_3	UniRef100_K9SF82~K00556	39.2	217	130	1	9	223	14	230	7.88e-49	166
bin.002Ωk141_1233_2	UniRef100_C0QS23~K00684	53.8	210	95	1	2	209	1	210	3.99e-81	248
bin.002Ωk141_6348_3	UniRef100_Q7NJK9~K06911	60.3	232	91	1	1	232	1	231	4.83e-100	296
bin.001Ωk141_986_4	UniRef100_K4LCR1~K07658	46.7	229	116	3	4	230	3	227	4.57e-63	202
bin.001Ωk141_7085_2	UniRef100_A0A143B5Q1~K09915	44.9	227	112	3	6	232	5	218	7.63e-51	170
bin.001Ωk141_2630_2	UniRef100_A0A1V0DIT3~K07668	44.8	232	127	1	1	232	1	231	3.81e-62	199
bin.001Ωk141_6250_6	UniRef100_A0A1L3SZ55~K18554	33.5	200	107	5	5	201	3	179	1.10e-21	94.4
bin.002Ωk141_6715_6	UniRef100_G2SJN3~K01952	59.1	232	95	0	1	232	3	234	1.98e-97	289
bin.002Ωk141_2181_4	UniRef100_B3QVS9~K03707	50.2	233	108	3	2	230	1	229	1.30e-78	241
bin.001Ωk141_7504_1	UniRef100_A7T6T8~K00549	66.8	220	73	0	3	222	1	220	4.72e-106	311
bin.001Ωk141_7457_4	UniRef100_V5WHB3~K03555	46.9	224	111	4	1	224	6	221	1.51e-58	190
bin.001Ωk141_7356_2	UniRef100_K9XT83~K11521	40.2	229	131	3	1	225	1	227	8.45e-55	181
bin.001Ωk141_3044_2	UniRef100_A0A127B594~K02003	62.9	224	83	0	1	224	1	224	4.25e-93	278
bin.001Ωk141_664_6	UniRef100_D8JWP1~K02483	50.0	224	112	0	5	228	1	224	2.04e-70	220
bin.001Ωk141_4279_4	UniRef100_D5BWE4~K03687	32.5	228	123	6	4	220	2	209	7.51e-23	98.2
bin.001Ωk141_6250_5	UniRef100_A0A250ISY8~K18554	35.0	217	124	7	5	218	8	210	4.06e-26	106
bin.002Ωk141_3883_1	UniRef100_W8H765~K21101	31.4	239	143	7	1	231	1	226	3.15e-25	104
bin.002Ωk141_6863_2	UniRef100_R1GJX7~K14676	37.3	201	118	3	24	220	21	217	8.34e-35	130
bin.001Ωk141_8261_1	UniRef100_A0A1P8FFI4~K02018	56.4	218	95	0	7	224	7	224	3.28e-72	225
bin.001Ωk141_5144_4	UniRef100_D4J0U6~K00609	47.9	217	111	2	17	231	5	221	3.05e-63	203
bin.001Ωk141_2415_2	UniRef100_Q47LZ8~K02479	32.1	249	130	9	1	230	9	237	2.73e-21	94.7
bin.002Ωk141_7935_3	UniRef100_K9PZT2~K06997	45.0	202	107	2	33	230	21	222	5.48e-49	166
bin.002Ωk141_5864_2	UniRef100_Q21EN6~K03772	47.0	198	104	1	33	229	36	233	4.73e-60	194
bin.002Ωk141_1518_1	UniRef100_A0A143BP44~K09792	34.7	213	129	4	9	212	8	219	1.99e-22	97.8
bin.002Ωk141_2765_4	UniRef100_A0A068NLC0~K02302	41.4	203	118	1	3	205	2	203	2.23e-50	169
bin.001Ωk141_6077_4	UniRef100_S6AB69~K03439	31.7	199	130	4	28	225	36	229	3.32e-16	80.9
bin.001Ωk141_4717_2	UniRef100_A0A1U9KAL0~K07692	43.7	229	118	2	3	228	11	231	2.35e-55	182
bin.002Ωk141_6671_3	UniRef100_I4AMK3~K02003	71.0	221	64	0	1	221	1	221	5.86e-101	298
bin.002Ωk141_6579_3	UniRef100_H1XNE8~K06920	67.3	217	71	0	3	219	4	220	1.49e-101	299
bin.001Ωk141_7931_1	UniRef100_B7HI56~K02410	31.7	208	141	1	11	217	24	231	1.28e-31	121
bin.001Ωk141_7812_3	UniRef100_Q8TUX2~K00930	46.9	211	108	2	15	221	25	235	2.02e-56	185
bin.001Ωk141_7806_4	UniRef100_A0A1V0DIT3~K07668	45.8	227	119	2	2	224	4	230	1.44e-63	203
bin.001Ωk141_7701_2	UniRef100_D2QJ93~K02477	35.1	225	142	1	1	225	2	222	1.33e-40	144
bin.001Ωk141_2983_2	UniRef100_A0A0E0YEE4~K07705	33.8	231	146	4	1	228	1	227	7.74e-38	137
bin.002Ωk141_7988_2	UniRef100_A0A0M4D1X7~K09812	58.3	218	91	0	1	218	1	218	2.89e-83	253
bin.002Ωk141_770_5	UniRef100_A8ZTL5~K00939	54.0	224	97	2	1	222	1	220	8.05e-79	241
bin.002Ωk141_6908_2	UniRef100_F2NDV4~K07657	60.1	228	91	0	1	228	1	228	5.63e-92	275
bin.002Ωk141_613_3	UniRef100_A0A1J1E264~K12410	52.2	228	108	1	1	228	1	227	4.33e-72	224
bin.001Ωk141_1453_3	UniRef100_E8RJ14~K02003	50.5	204	96	2	17	217	25	226	2.62e-52	174
bin.001Ωk141_6376_1	UniRef100_A0A146CSD8~K07658	42.7	227	129	1	2	227	4	230	1.46e-53	177
bin.002Ωk141_8135_1	UniRef100_C0QJ20~K00350	64.4	202	72	0	26	227	1	202	1.56e-85	258
bin.002Ωk141_6715_3	UniRef100_B2V9G8~K02108	48.0	202	105	0	24	225	3	204	1.73e-66	209
bin.002Ωk141_4467_2	UniRef100_B6IU19~K03969	43.5	216	117	2	1	213	1	214	3.58e-46	158
bin.001Ωk141_4773_1	UniRef100_B7A5A2~K11785	46.9	226	117	2	2	225	42	266	9.02e-66	210
bin.002Ωk141_2297_1	UniRef100_C3ZI78~K01805	52.1	188	90	0	36	223	2	189	3.52e-64	203
bin.001Ωk141_8012_2	UniRef100_G2IXE7~K07664	47.5	217	112	2	6	221	10	225	2.29e-50	169
bin.001Ωk141_7781_2	UniRef100_Q097C7~K01992	36.7	229	122	5	1	211	1	224	2.65e-33	125
bin.001Ωk141_2691_2	UniRef100_G0GD30~K01619	61.1	216	84	0	5	220	6	221	8.80e-82	249
bin.001Ωk141_4521_3	UniRef100_B1HT96~K03977	42.7	218	124	1	1	218	15	231	1.44e-57	187
bin.002Ωk141_1934_3	UniRef100_Q4CR40~K01525	35.8	215	131	3	6	213	26	240	1.14e-34	129
bin.002Ωk141_2967_3	UniRef100_D0LHP7~K02483	31.3	198	125	6	2	199	5	191	1.50e-15	79.0
bin.002Ωk141_4744_2	UniRef100_Q2T0N2~K07130	46.8	201	105	2	6	205	6	205	1.83e-51	171
bin.002Ωk141_1751_2	UniRef100_B8E0R5~K10914	43.7	213	119	1	4	215	5	217	7.52e-56	183
bin.002Ωk141_4959_4	UniRef100_A0A143B3H3~K02039	44.9	216	118	1	1	216	1	215	1.60e-50	169
bin.002Ωk141_6947_2	UniRef100_A0A167DKW2~K03088	30.6	183	117	3	16	195	11	186	3.23e-13	72.0
bin.002Ωk141_4683_2	UniRef100_F8E5U1~K02194	32.2	227	150	2	1	224	1	226	1.74e-40	144
bin.002Ωk141_2233_2	UniRef100_Q6KZC4~K00786	40.4	218	127	2	5	221	1	216	8.75e-48	162
bin.001Ωk141_3473_2	UniRef100_G0VNP5~K01297	35.7	230	125	7	1	218	42	260	3.43e-27	110
bin.002Ωk141_1716_1	UniRef100_U3TZD6~K13979	49.8	211	106	0	4	214	1	211	3.25e-65	206
bin.002Ωk141_7393_1	UniRef100_Q112B9~K11209	72.2	223	62	0	1	223	1	223	6.26e-116	336
bin.001Ωk141_2999_3	UniRef100_Q4FN90~K00573	58.5	217	90	0	6	222	3	219	7.72e-91	271
bin.001Ωk141_6854_3	UniRef100_A0A088ADW1~K21138	45.6	180	96	1	38	217	28	205	3.37e-47	160
bin.001Ωk141_2674_1	UniRef100_A0A074ZDI2~K03593	42.7	192	101	1	10	192	12	203	9.20e-48	162
bin.001Ωk141_524_2	UniRef100_D3RTR9~K00945	45.8	214	115	1	4	216	2	215	9.76e-48	162
bin.002Ωk141_1506_6	UniRef100_G8AXZ4~K21564	38.5	213	128	1	4	213	13	225	1.69e-35	131
bin.002Ωk141_3530_1	UniRef100_A0A0X8JS64~K01091	46.0	215	116	0	6	220	2	216	9.11e-60	192
bin.002Ωk141_7474_1	UniRef100_A8ZTW3~K03630	50.5	216	105	1	3	218	6	219	2.76e-70	219
bin.002Ωk141_7303_1	UniRef100_S5C3C0~K03110&K03646	31.8	198	122	4	25	210	1	197	9.38e-15	76.3
bin.001Ωk141_3063_2	UniRef100_Q7NFJ1~K00082	36.0	214	133	3	9	218	12	225	5.41e-25	103
bin.001Ωk141_3044_1	UniRef100_B3QTC5~K10804	54.4	204	93	0	14	217	11	214	4.03e-76	234
bin.001Ωk141_4956_2	UniRef100_F7V114~K07696	40.0	210	122	3	12	218	2	210	2.38e-42	148
bin.002Ωk141_1266_1	UniRef100_U5Q842~K06949	37.6	218	133	2	1	216	52	268	2.06e-45	157
bin.002Ωk141_3343_3	UniRef100_A0A1B2HMN8~K01990	36.9	198	118	3	25	221	20	211	2.14e-30	118
bin.002Ωk141_7924_3	UniRef100_A0A0U5AZ18~K00762	57.1	203	87	0	12	214	8	210	1.10e-71	223
bin.002Ωk141_5784_2	UniRef100_G8PPS3~K06177	59.0	205	84	0	16	220	5	209	1.41e-79	243
bin.002Ωk141_5448_6	UniRef100_A0A0D5YWZ3~K00573	50.7	221	107	2	1	220	1	220	3.80e-69	216
bin.002Ωk141_5434_2	UniRef100_A0A1A9EWF7~K00799	37.4	195	108	2	3	184	2	195	1.91e-32	122
bin.002Ωk141_770_6	UniRef100_I0H6J6~K09164	34.4	212	130	7	9	212	47	257	3.55e-25	105
bin.001Ωk141_6093_2	UniRef100_D0LJG5~K03499	50.0	218	109	0	1	218	1	218	7.61e-69	216
bin.001Ωk141_5833_2	UniRef100_V4AF47~K01800	56.3	213	87	2	6	217	9	216	5.95e-82	249
bin.002Ωk141_3468_2	UniRef100_A0A023WND1~K07684	40.7	214	126	1	1	213	1	214	8.14e-47	159
bin.002Ωk141_3363_1	UniRef100_A0A0X8WR26~K06147	44.2	224	116	3	1	218	18	238	6.80e-48	163
bin.002Ωk141_6586_2	UniRef100_A0A1V6D4U1~K00876	53.7	214	99	0	1	214	2	215	2.01e-73	227
bin.002Ωk141_234_2	UniRef100_A0A0F7KBB8~K00449	34.7	213	122	9	2	201	4	212	5.88e-24	100
bin.001Ωk141_3956_2	UniRef100_Q2S2H7~K08591	46.4	220	111	4	4	217	2	220	1.35e-47	162
bin.001Ωk141_5382_2	UniRef100_A9TW85~K00793	55.1	196	85	2	1	193	1	196	2.77e-70	219
bin.001Ωk141_7150_1	UniRef100_B3E214~K00655	34.2	219	115	9	9	212	6	210	4.89e-20	90.9
bin.001Ωk141_588_3	UniRef100_Q2SC32~K03226	59.0	205	84	0	13	217	10	214	1.93e-77	237
bin.001Ωk141_6608_1	UniRef100_A0A1L4BRQ4~K01079	42.5	212	121	1	4	214	4	215	5.76e-49	165
bin.002Ωk141_2357_3	UniRef100_G7V9K0~K22305	32.2	183	121	2	3	184	2	182	4.75e-17	82.4
bin.002Ωk141_4448_2	UniRef100_A0A0F7LJT7~K03226	62.4	213	80	0	6	218	4	216	2.68e-80	244
bin.001Ωk141_5397_3	UniRef100_A0A1C7FPX9~K00059	47.2	216	108	2	3	216	34	245	1.37e-48	165
bin.001Ωk141_4509_3	UniRef100_A0A0A1F9L5~K13489	32.4	207	134	3	7	209	21	225	1.79e-25	105
bin.002Ωk141_2038_2	UniRef100_A4XYT8~K19126	31.5	219	132	6	2	217	1	204	1.14e-22	97.1
bin.002Ωk141_8051_3	UniRef100_I0BEM9~K07696	36.2	218	135	3	4	217	8	225	1.56e-39	141
bin.002Ωk141_7850_4	UniRef100_L0EEG2~K02357	58.4	214	89	0	1	214	1	214	6.54e-83	251
bin.002Ωk141_6747_2	UniRef100_P09672~K05298	43.3	210	116	3	1	209	22	229	5.97e-44	152
bin.002Ωk141_4558_1	UniRef100_F4L6U7~K19271	39.6	202	122	0	4	205	3	204	6.76e-47	159
bin.002Ωk141_164_1	UniRef100_F4GVV4~K00571	55.5	182	80	1	11	192	1	181	1.17e-69	216
bin.001Ωk141_7659_2	UniRef100_A0A1X9MGA3~K07124	33.5	191	109	3	1	191	16	188	1.69e-19	88.6
bin.002Ωk141_7935_1	UniRef100_B5YK98~K03470	43.7	190	94	4	1	186	18	198	3.36e-38	137
bin.002Ωk141_3816_1	UniRef100_Q81BX2~K03924	37.9	214	127	2	1	214	29	236	5.74e-43	150
bin.002Ωk141_894_1	UniRef100_A0A1L6L5H0~K00798	60.9	207	76	1	11	212	11	217	2.99e-84	254
bin.002Ωk141_4683_1	UniRef100_D3PAR6~K02195	47.5	204	104	1	13	216	16	216	5.07e-62	198
bin.001Ωk141_7468_7	UniRef100_A0A120AMV4~K03088	30.2	189	113	4	30	211	15	191	3.46e-16	79.7
bin.001Ωk141_6783_1	UniRef100_A0A0K2GB89~K00569	54.3	210	96	0	1	210	1	210	1.66e-79	242
bin.002Ωk141_6095_2	UniRef100_W0SEH4~K06147	55.4	204	91	0	5	208	1	204	2.56e-70	219
bin.001Ωk141_1894_3	UniRef100_A0A0D5L7D1~K18199	51.4	208	98	1	5	212	7	211	7.10e-59	190
bin.001Ωk141_6644_2	UniRef100_L7UN21~K00588	51.2	209	99	1	2	210	4	209	2.81e-68	214
bin.001Ωk141_2424_2	UniRef100_E1X3S1~K00241	37.9	214	124	3	9	213	10	223	2.12e-41	145
bin.001Ωk141_2328_2	UniRef100_D9ST78~K11624	37.8	209	130	0	1	209	4	212	1.20e-39	141
bin.002Ωk141_8196_2	UniRef100_A0A0D5YSI8~K01673	61.7	201	75	2	12	212	11	209	1.08e-81	248
bin.002Ωk141_4465_1	UniRef100_B1XL19~K01265	53.8	212	86	3	1	212	40	239	5.16e-75	232
bin.002Ωk141_134_2	UniRef100_C3KD46~K05810	32.5	209	110	8	33	211	28	235	2.12e-16	81.3
bin.002Ωk141_2177_2	UniRef100_I6Z724~K00616	64.8	213	75	0	1	213	1	213	3.52e-98	290
bin.001Ωk141_549_3	UniRef100_C6W263~K03088	37.9	177	105	2	33	204	6	182	3.14e-30	116
bin.002Ωk141_4718_3	UniRef100_A0A0E3L2Z2~K01990	38.1	210	114	5	8	207	2	205	9.86e-33	123
bin.001Ωk141_7468_6	UniRef100_A0A094S4H9~K02573	35.6	194	109	5	27	207	35	225	2.54e-34	127
bin.001Ωk141_5053_1	UniRef100_S6A2Q8~K02050	38.2	204	126	0	7	210	46	249	2.78e-35	130
bin.001Ωk141_834_2	UniRef100_A8FZ44~K00799	44.8	203	111	1	1	203	1	202	1.52e-58	189
bin.001Ωk141_2465_1	UniRef100_A0A1U9UXG8~K15836	35.6	194	113	4	5	192	4	191	3.09e-23	98.6
bin.002Ωk141_2810_5	UniRef100_D4IZ70~K03544	44.3	194	107	1	8	200	1	194	7.78e-50	167
bin.002Ωk141_4363_2	UniRef100_K0N7I1~K00140	37.1	175	108	2	12	184	10	184	7.68e-32	120
bin.001Ωk141_7726_2	UniRef100_A0A1K1LC68~K03223	35.1	185	119	1	1	184	16	200	4.46e-29	113
bin.002Ωk141_6276_2	UniRef100_D5SXM2~K11175	47.3	201	106	0	6	206	12	212	3.39e-56	183
bin.001Ωk141_6022_2	UniRef100_A0A248W0H4~K14584	31.2	186	113	7	2	176	1	182	2.83e-09	60.8
bin.001Ωk141_5686_2	UniRef100_A0A142YKM4~K03439	43.7	183	101	2	25	205	26	208	5.35e-43	149
bin.001Ωk141_1398_1	UniRef100_D7C6S7~K00015	36.9	203	122	4	2	199	26	227	5.76e-26	106
bin.001Ωk141_2874_1	UniRef100_A0A142XMX4~K09810	63.3	188	66	2	22	207	22	208	9.67e-73	225
bin.002Ωk141_1809_2	UniRef100_E1X534~K00761	57.1	205	88	0	3	207	4	208	3.82e-83	251
bin.002Ωk141_3691_5	UniRef100_A0A0B5BIU8~K02276	48.3	180	91	1	28	207	20	197	1.13e-52	173
bin.001Ωk141_3832_2	UniRef100_K9XTU6~K00757	42.6	202	112	3	8	205	3	204	1.31e-47	162
bin.001Ωk141_1238_1	UniRef100_A0A0X8JN74~K02014	38.1	210	123	5	1	208	49	253	5.11e-35	130
bin.001Ωk141_5008_2	UniRef100_A0A089L870~K18199	34.3	175	111	1	9	179	3	177	1.04e-18	86.3
bin.001Ωk141_6992_2	UniRef100_A0A1J0E890~K00761	72.6	208	57	0	1	208	1	208	7.98e-108	313
bin.001Ωk141_6721_1	UniRef100_Q39C43~K00799	46.9	194	101	2	1	193	16	208	1.52e-51	171
bin.001Ωk141_6311_2	UniRef100_W5YKT9~K08964	57.8	206	87	0	1	206	1	206	1.18e-81	247
bin.002Ωk141_7067_1	UniRef100_A0A1L3GIN3~K01356	39.8	196	117	1	3	197	4	199	6.57e-42	146
bin.002Ωk141_791_3	UniRef100_C8X2V1~K01613	46.3	205	104	2	9	207	8	212	7.77e-54	177
bin.001Ωk141_1209_5	UniRef100_A0A110AWT8~K00382	33.0	203	123	5	6	198	7	206	5.00e-25	103
bin.001Ωk141_729_2	UniRef100_A0A0E3WG64~K07118	35.9	184	103	6	1	177	1	176	1.06e-13	73.2
bin.002Ωk141_8139_1	UniRef100_A0A076HX86~K01247	51.8	195	89	4	10	200	16	209	5.98e-55	179
bin.002Ωk141_1506_1	UniRef100_C1DN32~K10716	43.7	183	100	2	5	187	7	186	1.09e-44	152
bin.002Ωk141_1144_5	UniRef100_Q5V2M0~K03284	34.4	195	123	2	18	207	11	205	8.84e-34	125
bin.002Ωk141_578_3	UniRef100_E6W710~K02906	59.6	203	82	0	2	204	1	203	5.31e-85	256
bin.001Ωk141_8257_1	UniRef100_M1NGA8~K03752	31.1	206	125	4	1	205	7	196	4.24e-16	79.3
bin.001Ωk141_6186_1	UniRef100_A0A0N9NRC9~K07118	51.9	208	98	1	1	206	1	208	1.27e-63	201
bin.001Ωk141_5875_2	UniRef100_Q0KEC9~K06910	62.1	214	72	2	1	206	1	213	7.73e-93	276
bin.001Ωk141_7140_3	UniRef100_Q48D14~K00560	33.3	186	116	3	16	200	13	191	1.33e-18	85.9
bin.001Ωk141_6527_2	UniRef100_A0A140DW55~K06287	37.2	188	109	3	17	204	3	181	3.65e-25	102
bin.002Ωk141_3796_5	UniRef100_A0A0C5XI40~K01935	54.6	196	83	2	6	199	6	197	2.66e-62	198
bin.002Ωk141_7653_1	UniRef100_V9V583~K07497	52.7	205	96	1	1	204	20	224	9.83e-71	220
bin.002Ωk141_1193_3	UniRef100_I6ZT57~K03561	43.9	189	102	2	4	189	3	190	1.15e-42	148
bin.002Ωk141_7253_2	UniRef100_A0A212EZH3~K01183	34.1	173	100	5	8	177	8	169	2.25e-19	87.4
bin.002Ωk141_2810_4	UniRef100_W8TGF9~K03978	44.8	194	106	1	1	193	7	200	8.71e-58	187
bin.001Ωk141_5423_2	UniRef100_A0A0N9LUT6~K12410	56.4	204	89	0	1	204	40	243	3.20e-80	245
bin.001Ωk141_4842_5	UniRef100_Q74DC7~K19126	40.7	204	106	7	1	194	1	199	2.10e-30	116
bin.002Ωk141_8061_3	UniRef100_A0A220VBW6~K00919	38.8	178	106	2	6	182	9	184	2.24e-25	103
bin.002Ωk141_4910_1	UniRef100_A0A1S6XJN4~K03686	41.1	207	117	4	1	205	46	249	3.14e-51	171
bin.001Ωk141_6097_5	UniRef100_I4CVJ2~K00799	57.9	197	81	2	1	196	1	196	5.60e-74	227
bin.001Ωk141_1679_2	UniRef100_A0A143BNU0~K00406	44.7	188	82	3	11	190	17	190	2.21e-39	139
bin.001Ωk141_945_2	UniRef100_A0A0A7K3S3~K03741	46.3	201	106	1	4	204	11	209	5.79e-57	184
bin.001Ωk141_1209_2	UniRef100_A0A1C9W993~K06169	68.2	198	63	0	3	200	6	203	1.92e-88	264
bin.001Ωk141_986_1	UniRef100_Q3BWU1~K00344	53.9	204	89	4	3	202	1	203	6.67e-61	194
bin.002Ωk141_4129_4	UniRef100_A0A0P0E5W9~K06187	52.1	188	86	1	15	202	14	197	3.97e-64	202
bin.002Ωk141_3753_1	UniRef100_C3THE7~K13051	49.5	194	93	1	10	198	1	194	5.61e-50	166
bin.001Ωk141_3250_3	UniRef100_E8RC39~K02226	33.0	194	127	3	9	200	5	197	2.85e-32	121
bin.001Ωk141_2891_4	UniRef100_R9AB21~K21552	30.6	180	109	5	13	178	18	195	6.48e-19	87.0
bin.002Ωk141_5696_7	UniRef100_A0A127A1W8~K00859	47.9	190	96	2	1	187	1	190	1.46e-42	147
bin.002Ωk141_5180_2	UniRef100_A0A0U3N9T7~K15634	44.0	184	102	1	1	183	1	184	1.23e-45	156
bin.002Ωk141_7095_4	UniRef100_A0A0K2RPX0~K01409	39.8	181	93	4	5	173	18	194	2.54e-28	111
bin.002Ωk141_798_2	UniRef100_G7DJ09~K16137	46.6	189	101	0	2	190	4	192	1.01e-54	178
bin.001Ωk141_2248_1	UniRef100_F8IKS8~K07464	44.7	179	97	2	1	178	7	184	2.15e-40	142
bin.002Ωk141_7098_2	UniRef100_C8VX95~K03412	54.0	189	87	0	7	195	12	200	5.67e-63	199
bin.002Ωk141_2726_1	UniRef100_A0A0M3QGN0~K03562	45.7	197	107	0	5	201	2	198	6.98e-47	159
bin.002Ωk141_547_2	UniRef100_A0A1A9EZB3~K16137	52.1	192	88	1	1	188	19	210	2.43e-62	198
bin.001Ωk141_1404_1	UniRef100_A0A1D8GPA9~K18199	39.9	188	110	1	6	193	3	187	2.84e-41	144
bin.001Ωk141_3082_2	UniRef100_Q098V1~K03088	47.9	169	86	2	32	199	14	181	1.57e-44	152
bin.002Ωk141_6246_1	UniRef100_B4EY27~K08279	32.1	165	111	1	12	176	11	174	2.95e-19	87.4
bin.002Ωk141_3400_2	UniRef100_A0A1W6LI79~K16137	42.5	186	106	1	1	186	1	185	4.93e-37	133
bin.002Ωk141_7353_8	UniRef100_A0A1L3GKN2~K02897	37.1	178	112	0	6	183	5	182	4.40e-37	134
bin.002Ωk141_4982_2	UniRef100_B8I824~K03088	41.8	182	98	2	5	186	2	175	1.01e-42	147
bin.002Ωk141_4193_2	UniRef100_C0P3K5~K00162	34.6	191	117	4	12	198	15	201	2.60e-24	100
bin.001Ωk141_7632_2	UniRef100_A0A0S1AYC1~K07666	50.5	198	98	0	1	198	1	198	6.55e-57	184
bin.001Ωk141_2119_1	UniRef100_A0A0U2IY67~K06287	43.8	194	108	1	1	194	1	193	6.01e-43	149
bin.002Ωk141_2444_1	UniRef100_B9H8V3~K14213	32.7	199	126	5	3	198	11	204	5.00e-24	100
bin.002Ωk141_6348_1	UniRef100_A1WXQ6~K07232	48.0	173	86	1	20	192	22	190	1.05e-52	173
bin.001Ωk141_3765_1	UniRef100_D8PEH6~K00059	40.6	197	114	2	1	197	1	194	5.69e-37	134
bin.001Ωk141_5377_2	UniRef100_E1W5A1~K09906	52.4	164	77	1	24	186	6	169	6.22e-55	178
bin.001Ωk141_4582_1	UniRef100_A0A0D2MA00~K03593	45.0	171	94	0	10	180	1	171	1.12e-48	162
bin.002Ωk141_1248_1	UniRef100_A0A143PSP6~K02982	67.2	198	65	0	1	198	1	198	1.11e-88	265
bin.002Ωk141_7353_7	UniRef100_G2Z9J8~K01056	40.1	187	108	3	3	188	1	184	5.13e-45	153
bin.002Ωk141_7297_2	UniRef100_A0A172TMC1~K00857	46.7	182	95	1	1	182	1	180	6.14e-53	173
bin.002Ωk141_3122_3	UniRef100_A0A160P876~K18912	35.0	223	111	6	4	196	38	256	1.02e-32	124
bin.002Ωk141_234_6	UniRef100_A0A0M9AF65~K03186	50.0	188	90	2	1	188	1	184	3.00e-48	161
bin.002Ωk141_6474_2	UniRef100_A0A220VEN2~K01358	72.4	192	53	0	2	193	3	194	7.46e-98	287
bin.001Ωk141_8072_2	UniRef100_K9W5G4~K03790	32.3	195	119	6	6	196	3	188	1.37e-18	85.5
bin.001Ωk141_5130_2	UniRef100_A0A173LJT2~K22108	34.2	190	113	5	5	187	15	199	1.50e-24	101
bin.002Ωk141_3506_2	UniRef100_Q2SE76~K09120	56.4	195	85	0	1	195	1	195	3.52e-72	222
bin.002Ωk141_5238_1	UniRef100_G2LIW0~K03088	42.9	175	96	2	7	180	6	177	5.81e-34	125
bin.002Ωk141_809_1	UniRef100_M4U0D4~K07497	56.2	178	78	0	9	186	5	182	7.56e-65	204
bin.001Ωk141_1217_4	UniRef100_K8EH84~K02358	51.3	191	93	0	2	192	11	201	6.01e-65	204
bin.001Ωk141_528_3	UniRef100_H2L881~K21286	39.0	187	103	7	8	184	8	193	1.19e-28	112
bin.001Ωk141_872_2	UniRef100_A0A143HP23~K06169	50.3	183	91	0	11	193	8	190	6.78e-51	168
bin.002Ωk141_5696_1	UniRef100_A5E1E1~K04077	57.8	185	77	1	2	185	21	205	8.90e-64	201
bin.002Ωk141_7393_2	UniRef100_A0A1D8TWE4~K03923	64.3	182	65	0	1	182	1	182	1.49e-89	266
bin.002Ωk141_7127_3	UniRef100_A0A0E3Q677~K02112	52.9	187	88	0	1	187	12	198	3.77e-66	207
bin.002Ωk141_2648_6	UniRef100_D5ER82~K15876	56.7	157	62	1	14	170	26	176	4.54e-58	186
bin.002Ωk141_4167_2	UniRef100_Q01YC5~K07152	48.4	159	82	0	35	193	20	178	6.14e-45	152
bin.001Ωk141_5586_1	UniRef100_A0A291M3Q4~K03524	33.0	203	120	8	5	193	3	203	1.01e-14	76.3
bin.001Ωk141_4894_4	UniRef100_A0A1Z4C1D4~K02226	34.9	192	119	2	1	191	1	187	4.17e-29	112
bin.001Ωk141_4813_2	UniRef100_S0EYM2~K03088	38.6	184	102	3	15	187	11	194	4.72e-28	110
bin.002Ωk141_5951_3	UniRef100_D4IXD2~K00611	59.7	181	72	1	4	183	2	182	2.50e-69	215
bin.002Ωk141_1344_2	UniRef100_E3FDY1~K01704	63.2	190	69	1	1	190	1	189	5.35e-77	234
bin.002Ωk141_2301_3	UniRef100_A0A1Z1F9J8~K03412	45.5	187	98	1	4	190	2	184	1.71e-45	154
bin.002Ωk141_6276_5	UniRef100_A0A172TU30~K03088	38.1	176	108	1	13	188	3	177	8.04e-31	117
bin.001Ωk141_5605_3	UniRef100_A0A076PHN4~K07559	58.5	176	70	2	4	178	39	212	6.82e-64	202
bin.001Ωk141_1341_1	UniRef100_A0A0E1R6R4~K00382	48.6	183	91	3	3	185	8	187	3.94e-47	158
bin.001Ωk141_1317_2	UniRef100_Q11VJ7~K00287	30.9	178	111	4	6	182	4	170	8.46e-18	82.8
bin.001Ωk141_6590_5	UniRef100_F2LTZ8~K02356	48.7	187	96	0	1	187	4	190	3.84e-62	196
bin.001Ωk141_1956_1	UniRef100_A0A068N655~K03407	36.9	187	111	4	1	181	4	189	2.23e-26	105
bin.001Ωk141_1296_2	UniRef100_R4YA61~K07709	33.1	160	106	1	29	187	1	160	3.45e-19	86.3
bin.001Ωk141_4443_1	UniRef100_A0A1P8W958~K13038	47.3	169	89	0	17	185	9	177	4.10e-42	145
bin.002Ωk141_6172_2	UniRef100_G2LDR9~K08681	48.0	179	93	0	2	180	7	185	2.69e-50	166
bin.002Ωk141_3291_2	UniRef100_B7JDK8~K00355	35.9	184	112	4	11	189	9	191	8.28e-33	122
bin.002Ωk141_455_1	UniRef100_F6CI19~K03088	31.2	170	104	6	1	169	6	163	3.76e-10	62.4
bin.001Ωk141_1956_5	UniRef100_K7T351~K03271	54.0	187	84	1	1	185	1	187	2.00e-62	197
bin.001Ωk141_2919_3	UniRef100_A0A290WYU5~K03192	38.3	193	97	8	1	183	1	181	2.85e-14	73.6
bin.002Ωk141_1510_4	UniRef100_A0A023WZP0~K07669	30.3	165	106	3	33	188	4	168	1.47e-09	61.2
bin.002Ωk141_3429_1	UniRef100_K8ERD5~K01657	53.4	174	81	0	1	174	40	213	1.86e-55	180
bin.001Ωk141_1817_2	UniRef100_A0A1B3BBR0~K02501	50.8	189	90	3	2	187	13	201	2.53e-54	177
bin.001Ωk141_1208_1	UniRef100_A0A024HIY3~K03799	44.9	187	90	4	5	184	11	191	2.46e-37	133
bin.001Ωk141_2242_2	UniRef100_L7UKT3~K16168	39.1	169	101	1	15	183	20	186	8.77e-28	108
bin.002Ωk141_3187_2	UniRef100_A0A0U3F3G6~K02650	30.4	161	83	5	1	158	3	137	3.34e-08	56.6
bin.002Ωk141_3866_4	UniRef100_D3DFU3~K01783	49.5	182	92	0	5	186	4	185	3.29e-64	202
bin.002Ωk141_3429_2	UniRef100_A0A0M4NIF4~K01658	62.8	191	66	1	1	186	1	191	6.25e-80	241
bin.002Ωk141_1118_1	UniRef100_A0A0F7LA37~K21528	39.3	178	102	2	6	180	3	177	2.78e-27	107
bin.001Ωk141_6207_1	UniRef100_B7KBQ5~K10112	57.8	180	75	1	1	179	1	180	2.04e-64	203
bin.001Ωk141_7052_4	UniRef100_I4F0E0~K01487	38.7	163	97	1	15	174	1	163	2.20e-26	105
bin.001Ωk141_6899_2	UniRef100_Q1QTX1~K01057	54.1	185	80	2	1	185	46	225	1.03e-50	168
bin.002Ωk141_1835_3	UniRef100_B1KET8~K16137	63.3	177	62	1	1	174	16	192	1.21e-70	218
bin.002Ωk141_7402_2	UniRef100_A0A1D8TXJ3~K03823	46.7	167	89	0	9	175	12	178	3.14e-49	163
bin.002Ωk141_2435_2	UniRef100_E4THG1~K02838	55.7	185	81	1	1	185	1	184	4.68e-65	203
bin.001Ωk141_8237_1	UniRef100_U3U529~K00681	56.6	159	64	3	7	164	1	155	5.48e-51	167
bin.001Ωk141_5438_5	UniRef100_A0A142XA35~K03088	49.4	174	86	2	4	175	35	208	6.35e-46	155
bin.002Ωk141_1066_1	UniRef100_A0A0E3UZV4~K05595	31.0	168	114	2	8	174	18	184	1.87e-18	84.7
bin.002Ωk141_6313_1	UniRef100_S6BCF8~K03685	48.4	184	90	2	1	184	2	180	4.96e-45	154
bin.002Ωk141_1716_3	UniRef100_M4VEJ7~K15256	32.9	173	115	1	1	173	24	195	6.31e-32	119
bin.002Ωk141_7625_2	UniRef100_A0A1P8R4M5~K09167	34.1	170	99	6	12	175	4	166	2.07e-16	79.0
bin.001Ωk141_5606_3	UniRef100_H6SLT7~K08311	33.1	160	89	4	19	169	2	152	3.99e-16	77.8
bin.002Ωk141_5530_3	UniRef100_B8CWM2~K02825	47.3	150	79	0	19	168	21	170	4.66e-42	145
bin.002Ωk141_590_3	UniRef100_I7A471~K03088	40.0	160	94	1	1	160	31	188	4.24e-31	117
bin.002Ωk141_4489_2	UniRef100_D3RS72~K08296	44.0	166	93	0	1	166	1	166	3.12e-41	142
bin.001Ωk141_3852_4	UniRef100_K9RBT5~K02860	30.8	185	105	6	3	167	7	188	4.06e-14	73.2
bin.002Ωk141_3945_2	UniRef100_E6W109~K05808	35.1	188	113	2	1	181	1	186	2.87e-32	120
bin.002Ωk141_731_2	UniRef100_A7HCA3~K04756	48.5	171	86	1	7	177	2	170	4.33e-50	165
bin.002Ωk141_2726_4	UniRef100_K7SPH6~K10563	35.7	185	111	3	4	180	44	228	7.74e-26	104
bin.002Ωk141_6490_1	UniRef100_A0A220VGC9~K14979	32.2	177	115	2	2	178	33	204	1.33e-21	93.2
bin.002Ωk141_194_2	UniRef100_M4VRL5~K13288	47.7	176	86	1	10	179	5	180	1.27e-49	164
bin.001Ωk141_3221_1	UniRef100_Q7UQU8~K03088	40.8	169	97	1	9	174	28	196	1.68e-32	121
bin.002Ωk141_3803_1	UniRef100_A0A1U9LJB8~K19125	30.5	177	96	6	18	175	6	174	1.94e-08	58.2
bin.002Ωk141_7624_2	UniRef100_A0A0D3L9Q2~K07305	52.8	159	75	0	17	175	6	164	8.29e-54	174
bin.002Ωk141_6743_3	UniRef100_A0A0M3QG30~K03640	44.6	177	76	4	2	174	4	162	3.10e-37	132
bin.002Ωk141_1506_2	UniRef100_A0A1Y0RI76~K06966	30.4	171	91	7	9	172	5	154	5.34e-07	53.5
bin.002Ωk141_7490_1	UniRef100_A0A126PBB3~K03321	32.6	175	117	1	3	177	11	184	3.74e-21	91.7
bin.002Ωk141_731_3	UniRef100_A0A0F6SEK8~K03386	76.1	176	42	0	1	176	1	176	3.59e-100	292
bin.002Ωk141_2705_6	UniRef100_A0A088U377~K01790	59.1	176	71	1	1	175	1	176	3.87e-71	218
bin.001Ωk141_5082_3	UniRef100_H8KTV8~K01588	66.7	165	55	0	10	174	4	168	3.71e-68	211
bin.002Ωk141_8069_2	UniRef100_A0A2G5X9L2~K07692	31.3	182	114	2	6	177	1	181	4.51e-17	81.6
bin.002Ωk141_7959_1	UniRef100_Q02AZ0~K00891	45.1	162	81	3	10	165	11	170	5.00e-30	114
bin.002Ωk141_6267_2	UniRef100_H1XYJ7~K01419	65.7	175	60	0	3	177	8	182	4.65e-77	233
bin.002Ωk141_3570_1	UniRef100_A0A1L3GJB5~K13643	31.3	147	91	2	22	168	1	137	2.33e-12	67.4
bin.001Ωk141_7812_2	UniRef100_A0A1Q2MHB6~K00619	42.7	150	78	5	16	162	3	147	1.49e-22	94.0
bin.002Ωk141_3506_3	UniRef100_Q0VQT9~K06149	30.6	144	94	4	28	170	3	141	2.60e-08	56.6
bin.001Ωk141_3153_3	UniRef100_Q01NU7~K03088	34.5	174	111	2	3	174	6	178	1.07e-24	100
bin.002Ωk141_5899_3	UniRef100_L0D7Z8~K03270	46.1	167	89	1	4	169	9	175	5.04e-46	154
bin.002Ωk141_8035_5	UniRef100_P73728~K03386	69.6	171	52	0	3	173	4	174	2.88e-90	267
bin.002Ωk141_3291_3	UniRef100_F0LVB0~K03638	59.1	164	67	0	1	164	1	164	1.85e-63	198
bin.002Ωk141_5284_2	UniRef100_B1Z636~K07497	60.4	154	61	0	18	171	7	160	5.70e-64	199
bin.002Ωk141_1409_2	UniRef100_A0A0H5CN42~K01817	36.5	167	90	4	1	167	14	164	3.26e-11	64.7
bin.002Ωk141_1311_3	UniRef100_V5WJ07~K01494	74.0	173	45	0	1	173	1	173	2.01e-94	277
bin.002Ωk141_7380_2	UniRef100_H2J2A4~K11901	47.5	160	83	1	5	164	4	162	1.12e-43	148
bin.002Ωk141_6579_4	UniRef100_B5EJM6~K10026	47.1	172	91	0	1	172	42	213	1.93e-50	167
bin.002Ωk141_7754_3	UniRef100_L8ARZ7~K02653	36.6	142	87	1	1	139	1	142	4.30e-24	98.2
bin.001Ωk141_1321_2	UniRef100_K9V3Y0~K03635	37.2	145	91	0	10	154	9	153	1.21e-29	112
bin.002Ωk141_2341_2	UniRef100_W5WWF6~K03501	45.9	170	85	4	2	167	38	204	7.15e-35	127
bin.002Ωk141_4419_1	UniRef100_Q474I9~K00275	55.8	172	75	1	1	172	13	183	2.09e-61	194
bin.001Ωk141_1956_2	UniRef100_A0A1J0GH86~K03408	63.4	145	53	0	8	152	8	152	5.03e-61	192
bin.002Ωk141_3478_6	UniRef100_E8V4N2~K01462	53.6	166	77	0	3	168	4	169	2.13e-56	180
bin.001Ωk141_1817_1	UniRef100_A0A0F6TQZ3~K01693	56.2	169	73	1	1	169	25	192	2.39e-60	191
bin.001Ωk141_1453_1	UniRef100_Q0USN4~K00262	46.2	158	71	3	24	167	32	189	5.35e-39	137
bin.001Ωk141_74_2	UniRef100_A0A0C7NM68~K09141	47.0	166	83	1	4	164	7	172	8.98e-49	161
bin.002Ωk141_6443_1	UniRef100_S5N7N3~K07683	32.3	161	103	4	6	164	23	179	1.13e-14	74.3
bin.002Ωk141_187_4	UniRef100_W0DJM6~K03637	58.6	152	61	1	14	163	4	155	7.03e-51	166
bin.001Ωk141_7028_2	UniRef100_K7QWM7~K07107	39.1	138	73	3	17	154	1	127	7.25e-23	94.0
bin.001Ωk141_2845_2	UniRef100_M6BI27~K00980	49.3	146	74	0	18	163	11	156	7.77e-44	148
bin.002Ωk141_7601_4	UniRef100_A0A143PTA1~K02988	63.2	155	57	0	9	163	11	165	5.84e-61	192
bin.001Ωk141_4560_2	UniRef100_A0A1H6MB59~K01515	50.9	165	78	2	1	164	32	194	2.38e-48	160
bin.002Ωk141_2726_2	UniRef100_Q1D6Z1~K00954	59.1	159	64	1	1	159	1	158	1.19e-62	196
bin.001Ωk141_6573_1	UniRef100_Q2LQK4~K03625	35.0	140	90	1	1	140	12	150	4.90e-20	87.4
bin.001Ωk141_4445_1	UniRef100_H8L417~K03768	69.7	165	50	0	1	165	1	165	8.94e-85	252
bin.002Ωk141_1950_5	UniRef100_A0A0F7PF29~K13771	50.3	151	75	0	1	151	1	151	2.07e-45	152
bin.002Ωk141_3590_2	UniRef100_F0S9X7~K03719	42.8	145	83	0	8	152	1	145	2.37e-36	129
bin.002Ωk141_3076_1	UniRef100_A0A150BR99~K15973	33.1	142	91	3	22	163	6	143	8.03e-09	57.8
bin.001Ωk141_3455_1	UniRef100_W5XGH4~K00805	35.7	171	93	5	3	163	25	188	1.18e-16	79.3
bin.001Ωk141_3324_2	UniRef100_A0A090AIR1~K11901	55.4	157	69	1	3	158	6	162	4.79e-55	177
bin.001Ωk141_1056_1	UniRef100_D0NWE2~K07588	47.9	144	60	2	14	148	5	142	9.10e-29	109
bin.001Ωk141_2416_1	UniRef100_A0A1Y0I9T8~K01782	49.0	153	78	0	4	156	20	172	3.55e-47	157
bin.001Ωk141_6349_2	UniRef100_B8G9T6~K16793	56.4	163	68	3	1	161	1	162	8.69e-54	173
bin.002Ωk141_4915_2	UniRef100_K0EL91~K01791	69.2	159	48	1	1	159	2	159	2.22e-75	228
bin.001Ωk141_7868_2	UniRef100_B7J510~K09778	41.7	156	90	1	8	163	32	186	1.23e-33	123
bin.001Ωk141_7844_1	UniRef100_R4YA61~K07709	31.8	157	103	3	3	156	5	160	3.85e-12	67.0
bin.001Ωk141_5606_6	UniRef100_A0A061CSH2~K02553	67.9	156	50	0	2	157	3	158	3.24e-76	230
bin.001Ωk141_5397_2	UniRef100_B8GQ61~K02372	46.0	137	70	1	19	151	5	141	5.72e-33	120
bin.002Ωk141_3100_2	UniRef100_D8MKW5~K05785	34.4	160	94	6	1	154	1	155	1.03e-14	73.6
bin.002Ωk141_6606_2	UniRef100_Q15R67~K11991	55.9	143	62	1	6	147	9	151	2.85e-46	154
bin.002Ωk141_119_1	UniRef100_G2LI80~K06883	76.5	162	38	0	1	162	32	193	2.12e-84	252
bin.001Ωk141_3324_4	UniRef100_A0A0K0HAD3~K11903	36.8	155	98	0	4	158	4	158	2.52e-33	121
bin.001Ωk141_1101_1	UniRef100_I4CD54~K16137	46.0	163	88	0	1	163	31	193	6.19e-42	144
bin.001Ωk141_399_2	UniRef100_Q89Y36~K00249	30.3	152	104	2	4	155	9	158	3.02e-19	85.9
bin.002Ωk141_1809_1	UniRef100_K0MW76~K00876	35.9	156	99	1	8	163	2	156	1.51e-26	103
bin.002Ωk141_5267_1	UniRef100_A0A0X1RXE1~K03088	31.0	155	101	3	12	164	9	159	7.22e-11	63.9
bin.002Ωk141_7207_5	UniRef100_Q24UI2~K09748	41.6	149	85	1	8	156	2	148	2.12e-33	121
bin.001Ωk141_6062_2	UniRef100_A0A1L3GNQ2~K03411	53.2	158	73	1	6	162	5	162	2.77e-53	172
bin.001Ωk141_4410_6	UniRef100_W0BHE5~K09013	61.4	132	51	0	24	155	1	132	2.00e-52	169
bin.002Ωk141_3215_5	UniRef100_A0A0S2KFF2~K03101	49.0	153	77	1	5	156	19	171	2.63e-48	159
bin.001Ωk141_940_3	UniRef100_F6CZV2~K07107	44.3	131	73	0	1	131	1	131	4.87e-33	119
bin.001Ωk141_3016_5	UniRef100_A0A1W6RGP4~K18138	40.6	143	84	1	6	147	2	144	1.24e-28	109
bin.002Ωk141_7942_1	UniRef100_E4Q4D8~K00760	58.6	157	64	1	4	159	9	165	1.27e-57	183
bin.002Ωk141_5616_2	UniRef100_A0A0M4R2T4~K03595	38.0	142	86	1	8	149	5	144	7.39e-23	94.4
bin.002Ωk141_6546_2	UniRef100_C7RD11~K03594	58.4	154	64	0	1	154	1	154	9.52e-58	183
bin.002Ωk141_8_2	UniRef100_A0A1L6LLG6~K12132	38.5	148	86	2	8	150	14	161	2.95e-27	106
bin.001Ωk141_3328_2	UniRef100_B9M335~K09858	54.1	159	72	1	1	158	1	159	3.13e-56	179
bin.001Ωk141_6587_1	UniRef100_D4JFB4~K15633	58.7	138	55	1	8	145	5	140	8.39e-49	160
bin.001Ωk141_2417_1	UniRef100_B8P0M8~K02202	32.7	153	91	5	11	158	19	164	5.91e-10	61.2
bin.002Ωk141_5530_4	UniRef100_B4U8R8~K03711	36.2	149	93	1	12	160	1	147	3.09e-32	118
bin.002Ωk141_4869_2	UniRef100_B8HT77~K07107	48.9	139	70	1	14	152	3	140	2.13e-35	125
bin.002Ωk141_2520_1	UniRef100_A0A143PND5~K12132	43.7	158	79	4	8	160	10	162	2.28e-30	114
bin.001Ωk141_2252_2	UniRef100_M4RRL7~K11085	53.3	152	65	2	5	153	28	176	3.88e-42	144
bin.002Ωk141_4959_2	UniRef100_Q2SLN6~K02348	54.0	150	64	2	9	154	9	157	5.69e-51	166
bin.002Ωk141_503_2	UniRef100_G8NZL1~K03624	48.2	141	73	0	9	149	8	148	6.51e-40	137
bin.001Ωk141_1238_5	UniRef100_A0A0I1M1C2~K00483	52.7	150	69	1	4	151	13	162	6.72e-57	181
bin.002Ωk141_3248_4	UniRef100_H0UHG0~K03088	33.1	151	94	1	16	159	8	158	2.96e-22	93.6
bin.001Ωk141_7616_2	UniRef100_A0A060HVE1~K03976	41.9	148	82	3	6	150	5	151	3.06e-24	97.8
bin.002Ωk141_7095_6	UniRef100_A0A075K554~K07107	42.7	143	82	0	8	150	2	144	5.64e-39	135
bin.001Ωk141_1471_6	UniRef100_R4M3H6~K02483	35.8	151	92	3	4	150	27	176	8.53e-26	102
bin.001Ωk141_1148_2	UniRef100_W6K682~K01104	54.5	154	70	0	2	155	3	156	2.68e-53	171
bin.001Ωk141_3221_2	UniRef100_A0A158RP76~K01759	38.6	127	77	1	17	142	5	131	5.96e-27	104
bin.001Ωk141_4410_3	UniRef100_E8TQB2~K04488	33.8	151	93	3	10	156	7	154	4.76e-19	84.3
bin.002Ωk141_7117_3	UniRef100_Q08Q34~K03402	38.3	133	81	1	19	150	1	133	2.78e-20	87.0
bin.002Ωk141_666_3	UniRef100_A0A143B4U9~K02992	69.9	156	47	0	1	156	1	156	2.74e-76	229
bin.002Ωk141_2301_4	UniRef100_A0A1Q2MHU3~K02488	34.8	138	87	2	4	140	5	140	1.65e-15	75.1
bin.001Ωk141_6244_3	UniRef100_A0A1L6HZK6~K04047	75.2	153	38	0	3	155	10	162	6.80e-78	234
bin.001Ωk141_3250_2	UniRef100_G9QNR5~K00794	66.9	154	51	0	1	154	1	154	2.67e-69	212
bin.001Ωk141_3262_2	UniRef100_E1VFW7~K02437	45.1	133	65	4	17	144	2	131	5.40e-28	106
bin.001Ωk141_634_3	UniRef100_W8KJI3~K19302	53.5	144	67	0	9	152	29	172	1.75e-49	162
bin.002Ωk141_5057_2	UniRef100_A0A221IML2~K02485	63.2	144	53	0	5	148	6	149	8.99e-60	187
bin.001Ωk141_3649_1	UniRef100_D9R5L1~K03652	48.1	162	75	3	1	154	1	161	4.44e-40	139
bin.001Ωk141_3347_2	UniRef100_A0A143BAX4~K02356	44.0	150	84	0	1	150	1	150	1.37e-36	130
bin.001Ωk141_7017_2	UniRef100_C0Q997~K05567	57.9	145	53	1	8	152	6	142	7.93e-45	149
bin.002Ωk141_5050_2	UniRef100_K9XX99~K03664	58.5	147	59	2	3	148	8	153	9.61e-55	175
bin.002Ωk141_4866_2	UniRef100_K0NL56~K03411	39.6	139	80	2	15	152	14	149	4.20e-23	95.1
bin.002Ωk141_691_1	UniRef100_B9L111~K07560	61.7	149	56	1	1	149	1	148	6.53e-50	162
bin.002Ωk141_2309_3	UniRef100_B3QTF0~K04757	34.3	140	88	2	1	139	3	139	1.01e-21	90.9
bin.002Ωk141_2210_1	UniRef100_A0A172U7F6~K03564	62.0	150	57	0	2	151	4	153	9.83e-64	197
bin.002Ωk141_6150_2	UniRef100_C1F4C0~K02456	51.0	149	69	2	3	151	24	168	1.31e-42	144
bin.002Ωk141_3602_1	UniRef100_A0A0K6BUH9~K05800	51.4	148	72	0	2	149	4	151	1.16e-45	152
bin.002Ωk141_7340_3	UniRef100_Q11Y47~K07491	36.0	139	88	1	4	142	2	139	4.64e-22	91.7
bin.002Ωk141_2859_2	UniRef100_J0BSN1~K02485	42.1	145	76	1	5	149	2	138	2.33e-32	117
bin.002Ωk141_2101_4	UniRef100_M1PTH6~K02422	37.1	132	73	2	15	136	4	135	3.76e-20	87.0
bin.001Ωk141_6010_1	UniRef100_E1QLA6~K04757	33.1	139	87	2	7	144	13	146	1.58e-16	77.4
bin.001Ωk141_3693_3	UniRef100_Q8TRB1~K02485	43.8	128	72	0	10	137	12	139	2.97e-31	115
bin.001Ωk141_3633_2	UniRef100_A0A0H4XEQ6~K07112	51.7	143	69	0	1	143	2	144	5.28e-41	140
bin.002Ωk141_7024_2	UniRef100_I7BTP9~K03412	41.8	141	79	1	1	141	26	163	4.36e-31	115
bin.001Ωk141_3042_1	UniRef100_A0A1W1I6C4~K09117	46.9	147	76	2	3	148	2	147	1.01e-34	124
bin.001Ωk141_6563_2	UniRef100_M1WW34~K09768	56.2	146	64	0	1	146	1	146	3.52e-53	171
bin.002Ωk141_3576_4	UniRef100_B2A5P7~K06925	39.8	133	77	2	9	141	5	134	1.28e-24	98.6
bin.002Ωk141_3166_4	UniRef100_A0A2C0PPZ9~K02614	31.1	132	76	3	16	147	9	125	2.06e-13	68.9
bin.002Ωk141_6826_3	UniRef100_A0A1B1AIL2~K01520	62.8	145	52	1	5	147	6	150	2.26e-56	179
bin.001Ωk141_7984_4	UniRef100_A0A097ARE2~K01491	36.0	136	64	2	8	143	8	120	7.58e-22	90.5
bin.001Ωk141_3324_5	UniRef100_Q47E18~K11897	30.4	138	89	2	14	148	9	142	9.17e-08	54.7
bin.002Ωk141_3968_2	UniRef100_A0A143PNE7~K04757	41.0	139	76	2	11	143	4	142	5.41e-29	109
bin.002Ωk141_7453_4	UniRef100_G2LGJ3~K02793	43.4	129	73	0	20	148	4	132	5.73e-34	121
bin.002Ωk141_256_1	UniRef100_S4Z402~K01673	34.7	147	90	3	1	147	13	153	2.77e-16	77.0
bin.001Ωk141_1051_2	UniRef100_W5XN44~K00926	34.1	135	84	3	4	136	2	133	3.57e-22	91.7
bin.002Ωk141_2081_3	UniRef100_A0A143PV48~K02939	54.2	144	65	1	1	143	2	145	6.32e-40	137
bin.002Ωk141_5696_8	UniRef100_A0A0M4LGJ6~K06446	40.8	147	81	2	1	141	22	168	7.54e-25	99.4
bin.002Ωk141_7601_2	UniRef100_Q8R7X2~K02876	60.5	147	56	1	1	145	1	147	1.60e-52	169
bin.002Ωk141_3375_3	UniRef100_A0A1B3M3U5~K13655	62.9	132	49	0	1	132	1	132	3.26e-56	177
bin.002Ωk141_2459_2	UniRef100_Q0AW12~K04757	38.3	128	78	1	9	135	5	132	2.96e-25	99.4
bin.002Ωk141_234_7	UniRef100_A0A142XSB7~K03179	47.1	138	66	2	9	139	9	146	6.55e-24	96.7
bin.002Ωk141_6348_4	UniRef100_A0A0N9M2F5~K09936	46.2	145	78	0	1	145	1	145	2.41e-42	143
bin.001Ωk141_5689_2	UniRef100_C1AEG4~K08973	45.5	134	73	0	7	140	11	144	5.48e-38	132
bin.002Ωk141_2413_3	UniRef100_A0A143PVB9~K03925	36.7	147	88	2	5	146	2	148	3.70e-26	102
bin.001Ωk141_8031_3	UniRef100_A0A161JJE2~K03088	53.5	142	64	1	1	142	23	162	4.44e-41	140
bin.001Ωk141_6760_2	UniRef100_A0A133N398~K01808	54.5	143	65	0	3	145	2	144	4.42e-50	162
bin.002Ωk141_4040_2	UniRef100_L7VQR4~K01489	45.3	128	66	2	14	141	6	129	5.45e-34	121
bin.002Ωk141_3602_2	UniRef100_A0A0A1FET0~K07107	47.5	118	59	2	9	125	10	125	2.67e-29	109
bin.001Ωk141_7931_4	UniRef100_B8FJU8~K02413	34.5	145	89	3	1	141	1	143	5.29e-06	49.7
bin.001Ωk141_198_2	UniRef100_A0A110A725~K03574	30.2	129	82	4	6	132	6	128	1.72e-09	58.5
bin.001Ωk141_1815_3	UniRef100_A0A1Z1NJD6~K06149	33.6	146	79	4	1	139	8	142	1.99e-14	71.6
bin.001Ωk141_5506_1	UniRef100_Q65VW0~K04561	52.9	121	57	0	3	123	4	124	1.27e-40	138
bin.002Ωk141_3816_3	UniRef100_Q8RCD5~K13626	33.8	142	93	1	2	142	1	142	2.12e-27	105
bin.002Ωk141_732_3	UniRef100_D0MIA5~K04757	32.6	132	84	3	13	140	2	132	5.85e-11	62.4
bin.002Ωk141_2511_2	UniRef100_A0A0G3XUV0~K06446	39.6	134	81	0	1	134	1	134	8.45e-26	101
bin.002Ωk141_1232_6	UniRef100_Q988W8~K06903	45.0	129	65	2	6	134	7	129	2.05e-24	97.1
bin.002Ωk141_1193_2	UniRef100_D0MJE5~K03559	31.4	140	83	5	4	133	7	143	4.71e-09	57.8
bin.002Ωk141_2774_1	UniRef100_M1WNG2~K02520	55.7	131	58	0	1	131	20	150	7.28e-49	159
bin.001Ωk141_8229_2	UniRef100_A0A085SWF4~K03640	41.1	141	68	2	15	140	32	172	5.70e-26	102
bin.001Ωk141_1773_2	UniRef100_A0A0M5LVW4~K15034	54.3	129	59	0	1	129	1	129	3.99e-37	129
bin.001Ωk141_1555_4	UniRef100_I3TI18~K02426	57.2	138	59	0	3	140	1	138	2.66e-53	170
bin.002Ωk141_7547_1	UniRef100_D5ELN4~K02658	34.2	120	77	2	6	124	1	119	4.33e-17	77.8
bin.002Ωk141_877_2	UniRef100_A0A0F6RDH4~K15067	66.7	135	45	0	6	140	3	137	9.05e-58	181
bin.001Ωk141_6244_2	UniRef100_A0A126T4A9~K07458	50.0	132	66	0	2	133	5	136	1.28e-45	150
bin.001Ωk141_4776_2	UniRef100_I0ZA64~K11752	51.2	129	62	1	10	137	11	139	8.14e-39	134
bin.002Ωk141_6088_3	UniRef100_O66920~K13640	54.1	133	57	4	7	139	3	131	3.44e-40	137
bin.002Ωk141_4761_2	UniRef100_C6E0H6~K00940	65.7	137	47	0	3	139	1	137	2.99e-60	187
bin.002Ωk141_6743_6	UniRef100_A0A0H4X8Q7~K03560	46.3	134	71	1	7	139	9	142	2.75e-31	115
bin.002Ωk141_4332_2	UniRef100_F0S507~K04750	53.8	132	60	1	3	133	5	136	2.24e-44	147
bin.001Ωk141_1258_2	UniRef100_I3Z465~K06991	63.4	134	48	1	5	137	6	139	1.05e-58	184
bin.001Ωk141_5302_3	UniRef100_A1SX40~K04063	49.3	136	65	4	1	135	1	133	3.07e-34	122
bin.001Ωk141_6702_2	UniRef100_A0A0N7J311~K02454	37.3	134	69	2	2	135	16	134	8.06e-18	80.1
bin.001Ωk141_6024_2	UniRef100_A0A2G6AYS8~K09022	34.2	114	72	3	18	130	11	122	1.87e-08	55.5
bin.001Ωk141_3318_3	UniRef100_G2LHR7~K07107	42.3	123	71	0	6	128	13	135	6.97e-29	108
bin.001Ωk141_5302_2	UniRef100_F7ZD90~K09964	58.1	129	53	1	1	129	1	128	3.45e-46	152
bin.001Ωk141_169_2	UniRef100_A0B6W2~K19141	48.5	130	62	3	2	130	4	129	2.97e-30	111
bin.001Ωk141_6342_2	UniRef100_A0A1P8EC22~K09022	43.7	119	65	2	20	136	10	128	7.17e-25	97.8
bin.002Ωk141_5642_4	UniRef100_A0A249NR33~K06929	46.5	114	61	0	17	130	20	133	1.49e-24	97.4
bin.001Ωk141_1126_5	UniRef100_A0A125Y2R8~K03559	37.7	130	79	1	4	131	2	131	2.26e-24	96.7
bin.002Ωk141_639_2	UniRef100_I7EAW8~K19591	49.2	124	63	0	4	127	3	126	4.82e-35	123
bin.002Ωk141_6688_1	UniRef100_E4SE72~K02387	41.3	121	62	2	10	127	7	121	2.65e-17	78.6
bin.002Ωk141_1272_2	UniRef100_A0A0M3QGK7~K11905	32.1	137	81	3	8	135	7	140	1.08e-14	72.0
bin.001Ωk141_2119_2	UniRef100_E8UX08~K01737	39.4	132	78	1	4	133	2	133	2.42e-21	89.0
bin.001Ωk141_7984_3	UniRef100_G0HP81~K05606	59.4	133	54	0	1	133	2	134	4.81e-50	161
bin.001Ωk141_5837_1	UniRef100_A0A126T2R9~K07043	59.7	134	54	0	1	134	1	134	2.88e-51	166
bin.002Ωk141_5996_3	UniRef100_Q5DZT6~K01759	57.8	128	53	1	3	130	7	133	1.39e-47	155
bin.001Ωk141_2839_2	UniRef100_A0A0H4VJH9~K03972	37.6	117	65	2	1	116	1	110	1.30e-15	73.9
bin.002Ωk141_7914_6	UniRef100_E4TX86~K02879	62.1	116	44	0	1	116	1	116	2.37e-39	134
bin.002Ωk141_7914_4	UniRef100_A0A1E7YR44~K02948	68.2	132	42	0	1	132	1	132	5.53e-60	186
bin.002Ωk141_7654_1	UniRef100_W6ENS7~K07152	30.6	121	73	2	6	120	1	116	1.59e-14	71.2
bin.002Ωk141_2767_1	UniRef100_A1K833~K02986	43.6	110	60	2	1	110	1	108	5.71e-17	77.0
bin.002Ωk141_6683_1	UniRef100_A0A250K4W9~K06996	54.1	122	54	2	12	131	6	127	1.02e-40	137
bin.002Ωk141_4341_3	UniRef100_B5EKA7~K03892	43.4	129	66	2	6	131	7	131	3.89e-34	121
bin.001Ωk141_3144_1	UniRef100_A0LC86~K10806	39.8	118	71	0	13	130	8	125	1.11e-16	76.6
bin.001Ωk141_6712_1	UniRef100_G4T370~K03773	61.7	128	49	0	3	130	32	159	1.63e-50	163
bin.002Ωk141_7850_2	UniRef100_G2LGN9~K02996	72.4	127	35	0	4	130	3	129	8.93e-58	181
bin.002Ωk141_7127_2	UniRef100_Q72E05~K02114	41.4	128	75	0	1	128	5	132	1.07e-23	94.7
bin.001Ωk141_7028_1	UniRef100_W0Q684~K02446	52.2	113	54	0	1	113	1	113	8.50e-29	107
bin.002Ωk141_406_2	UniRef100_B8FD42~K19172	49.6	121	59	2	1	120	1	120	1.23e-38	132
bin.001Ωk141_6022_1	UniRef100_C1E3C2~K04739	31.1	122	73	1	3	113	5	126	7.27e-09	56.6
bin.001Ωk141_4863_6	UniRef100_S7I4P1~K04762	34.9	106	66	1	21	126	1	103	1.47e-09	58.2
bin.001Ωk141_4669_2	UniRef100_U3TF55~K06878	58.3	115	47	1	13	127	2	115	3.17e-36	125
bin.002Ωk141_5042_2	UniRef100_A0A0B5QUP7~K21902	42.3	123	70	1	5	126	4	126	8.06e-25	97.4
bin.002Ωk141_764_2	UniRef100_A0A290SF39~K02171	45.2	124	64	1	1	120	1	124	4.06e-29	108
bin.002Ωk141_4099_1	UniRef100_R4MBE4~K03553	69.7	122	37	0	7	128	5	126	3.23e-53	169
bin.002Ωk141_2446_2	UniRef100_A0A023X587~K02935	72.4	123	34	0	4	126	3	125	5.14e-44	145
bin.002Ωk141_4193_1	UniRef100_A0A143PRE8~K07738	62.5	128	48	0	1	128	1	128	3.69e-54	172
bin.001Ωk141_2722_5	UniRef100_E3D8I1~K06147	44.0	125	68	1	1	123	4	128	1.37e-28	107
bin.002Ωk141_3343_2	UniRef100_F3ZW80~K07979	37.7	122	76	0	1	122	1	122	1.01e-18	81.6
bin.002Ωk141_666_2	UniRef100_A0LII6~K02950	85.4	123	18	0	1	123	1	123	2.08e-72	217
bin.002Ωk141_2210_3	UniRef100_A0A1D8TUK1~K01759	71.4	126	36	0	1	126	1	126	2.56e-61	190
bin.002Ωk141_3645_1	UniRef100_A0A0S3TP80~K09940	35.5	121	73	3	9	126	12	130	1.36e-16	76.6
bin.002Ωk141_1193_1	UniRef100_H1XYW4~K03559	33.3	117	75	1	6	122	8	121	4.26e-13	67.4
bin.002Ωk141_7353_5	UniRef100_A0A0G3WFF3~K02990	36.9	103	65	0	4	106	3	105	4.39e-17	77.4
bin.001Ωk141_5987_4	UniRef100_E8QWR0~K09966	66.1	118	40	0	7	124	22	139	5.55e-56	176
bin.001Ωk141_7531_2	UniRef100_Q2JRX0~K01809	53.2	111	52	0	14	124	23	133	9.86e-33	117
bin.001Ωk141_3292_2	UniRef100_E1QKA7~K03892	48.6	109	55	1	5	113	6	113	8.61e-24	94.4
bin.001Ωk141_147_2	UniRef100_A0A0H4WU18~K02065	52.5	101	48	0	7	107	2	102	9.80e-31	112
bin.002Ωk141_1711_1	UniRef100_A0A1Q2HMP4~K03413	39.0	123	73	2	1	123	1	121	1.20e-16	76.3
bin.002Ωk141_5918_1	UniRef100_A0A1V0DHR2~K06204	43.9	107	60	0	15	121	4	110	2.93e-22	90.1
bin.002Ωk141_6940_2	UniRef100_P74138~K02485	62.2	119	45	0	1	119	4	122	1.32e-47	154
bin.002Ωk141_6802_2	UniRef100_A0A1X9MFJ3~K00759	51.2	125	61	0	1	125	1	125	4.97e-37	128
bin.002Ωk141_6259_3	UniRef100_C0QSS1~K07042	40.8	125	70	2	3	123	24	148	1.63e-22	92.0
bin.001Ωk141_7457_3	UniRef100_Q5P2N0~K06199	45.0	120	65	1	5	123	12	131	7.71e-24	94.7
bin.002Ωk141_926_1	UniRef100_A0A1S3ZPF0~K09458	35.2	122	77	2	1	121	23	143	4.53e-17	77.8
bin.001Ωk141_1225_3	UniRef100_A0A1U8JKM8~K13789	39.1	115	69	1	9	122	5	119	2.35e-17	77.8
bin.002Ωk141_4123_3	UniRef100_A0A143PTX1~K02874	78.7	122	26	0	1	122	1	122	6.32e-59	183
bin.002Ωk141_7914_3	UniRef100_A0A097ATM7~K02952	67.2	122	40	0	1	122	1	122	6.15e-50	160
bin.002Ωk141_5705_2	UniRef100_A0A1B2R1G0~K04764	38.1	113	57	1	3	115	8	107	3.49e-20	84.7
bin.002Ωk141_894_2	UniRef100_A0A0D6JAI7~K10914	32.1	106	68	1	13	118	20	121	3.27e-12	64.7
bin.002Ωk141_6929_2	UniRef100_F2LTK9~K03413	69.4	121	34	3	1	119	1	120	5.62e-51	163
bin.002Ωk141_6552_1	UniRef100_A0A1C9VMD7~K03224	65.6	122	42	0	1	122	6	127	6.85e-48	155
bin.002Ωk141_6268_1	UniRef100_A0A0F7CTU2~K11443	30.6	108	73	1	2	107	9	116	6.22e-12	63.9
bin.001Ωk141_7123_2	UniRef100_A0A0K1Q5Z9~K07131	56.2	121	53	0	1	121	1	121	2.86e-43	143
bin.002Ωk141_3309_1	UniRef100_Q0VNR0~K02237	44.0	100	56	0	22	121	7	106	9.47e-17	75.9
bin.002Ωk141_7601_5	UniRef100_E6SKY4~K02881	64.7	119	41	1	3	120	6	124	1.29e-44	147
bin.002Ωk141_2353_2	UniRef100_E6W5R1~K03413	67.2	119	38	1	1	118	6	124	1.00e-53	170
bin.002Ωk141_2774_3	UniRef100_A0A1W6BZ29~K02887	57.3	117	50	0	1	117	1	117	4.25e-39	132
bin.002Ωk141_4292_1	UniRef100_D9S059~K02490	36.4	99	60	1	24	119	4	102	1.78e-16	75.5
bin.002Ωk141_7850_1	UniRef100_A0A075K7N5~K02871	62.4	117	44	0	1	117	28	144	1.40e-47	155
bin.002Ωk141_5107_2	UniRef100_Q31GC1~K00537	62.4	117	44	0	1	117	1	117	6.18e-43	142
bin.002Ωk141_7184_3	UniRef100_B8F9A3~K07484	53.7	108	50	0	9	116	8	115	4.81e-37	127
bin.001Ωk141_7052_1	UniRef100_A0A103GGR1~K00537	40.7	118	60	4	4	115	8	121	2.00e-17	77.8
bin.002Ωk141_2309_2	UniRef100_H1XTN0~K04749	39.1	110	67	0	1	110	1	110	9.33e-27	101
bin.002Ωk141_167_2	UniRef100_C1F4D1~K04749	41.2	114	65	1	1	114	1	112	8.64e-20	83.6
bin.001Ωk141_1439_2	UniRef100_E0RQJ9~K06996	64.0	114	41	0	1	114	1	114	4.11e-42	140
bin.001Ωk141_4522_1	UniRef100_A0A1B1UN36~K00363	54.7	106	47	1	11	115	4	109	1.38e-37	128
bin.002Ωk141_4982_3	UniRef100_W8F1Q2~K02437	56.4	110	48	0	1	110	15	124	2.41e-41	138
bin.002Ωk141_1248_2	UniRef100_A0A0S3QV55~K02890	58.2	110	46	0	1	110	1	110	3.52e-33	117
bin.001Ωk141_3158_1	UniRef100_G8PSU1~K06996	60.2	113	45	0	1	113	1	113	8.92e-42	139
bin.001Ωk141_511_2	UniRef100_Q2W4Q9~K03926	57.1	98	42	0	11	108	6	103	4.12e-35	122
bin.001Ωk141_6551_3	UniRef100_D4JRF5~K02003	48.5	103	53	0	7	109	18	120	1.43e-26	100
bin.002Ωk141_3883_3	UniRef100_F3LQ47~K03711	47.2	108	54	2	1	107	20	125	3.54e-28	105
bin.002Ωk141_7172_1	UniRef100_K0NNF3~K08972	51.6	95	46	0	17	111	17	111	1.09e-21	88.2
bin.001Ωk141_5623_2	UniRef100_A0A0B4XQN1~K02503	58.7	109	45	0	2	110	4	112	6.98e-44	144
bin.002Ωk141_3291_4	UniRef100_A0A1V0DCY1~K04749	31.8	110	74	1	1	109	1	110	1.09e-11	62.8
bin.002Ωk141_4971_1	UniRef100_A0A143HJ22~K09951	70.3	91	27	0	1	91	3	93	2.89e-42	139
bin.002Ωk141_6940_1	UniRef100_A0A160FS51~K21023	39.6	106	62	1	1	104	23	128	7.20e-21	86.7
bin.002Ωk141_6839_3	UniRef100_A0A0N9LP26~K04749	36.4	107	68	0	1	107	1	107	2.35e-20	84.7
bin.001Ωk141_6139_2	UniRef100_D4JRF5~K02003	55.6	99	44	0	1	99	22	120	1.30e-31	113
bin.002Ωk141_2101_2	UniRef100_A0A0G3X8S2~K03210	43.7	103	58	0	5	107	2	104	3.09e-22	89.4
bin.001Ωk141_1794_3	UniRef100_Q8DLY0~K02658	33.3	105	68	2	6	109	3	106	1.12e-11	62.8
bin.001Ωk141_8111_2	UniRef100_A0A0B8NLV8~K00784	46.3	95	50	1	7	100	1	95	6.38e-20	83.2
bin.001Ωk141_7076_3	UniRef100_Q11W28~K01104	51.0	102	50	0	3	104	2	103	1.84e-28	105
bin.001Ωk141_4429_3	UniRef100_A0A1W1I232~K03116	37.6	101	44	4	1	98	1	85	1.84e-09	56.2
bin.002Ωk141_2430_5	UniRef100_A0A2I1SN67~K08998	41.1	95	49	2	11	105	4	91	1.02e-15	72.4
bin.001Ωk141_1815_1	UniRef100_A0A117LBY7~K03413	31.8	110	68	4	1	106	21	127	7.57e-06	47.8
bin.002Ωk141_3370_2	UniRef100_K7YXW2~K07451	48.4	95	49	0	1	95	1	95	5.66e-30	108
bin.002Ωk141_578_2	UniRef100_A0A150WFV4~K02946	77.9	104	23	0	1	104	1	104	8.44e-52	164
bin.001Ωk141_5377_1	UniRef100_I3UDW2~K06207	74.5	98	25	0	9	106	4	101	2.05e-48	155
bin.002Ωk141_4129_3	UniRef100_X4ZE19~K09747	39.6	106	56	3	4	104	1	103	1.33e-14	69.7
bin.002Ωk141_3291_6	UniRef100_A0A1Y0GA29~K05524	58.1	105	39	1	1	105	1	100	3.64e-37	127
bin.002Ωk141_3797_3	UniRef100_A0A1D8RSM7~K11741	45.2	104	57	0	1	104	1	104	3.18e-25	96.7
bin.002Ωk141_5125_2	UniRef100_A0A1B3MN66~K04749	33.0	91	60	1	13	103	19	108	8.53e-08	52.4
bin.001Ωk141_428_2	UniRef100_A0A0D5Y8E3~K09925	45.6	103	56	0	1	103	9	111	1.80e-30	110
bin.002Ωk141_4123_2	UniRef100_A0A1L3LL32~K02895	60.0	100	40	0	4	103	3	102	3.34e-36	124
bin.001Ωk141_555_1	UniRef100_W0RGM5~K07443	52.4	103	47	2	1	102	6	107	2.31e-31	112
bin.002Ωk141_7786_3	UniRef100_A0A1D8TMD4~K12957	45.7	94	51	0	10	103	2	95	1.91e-27	102
bin.002Ωk141_5540_6	UniRef100_A4VWK8~K02909	49.5	91	46	0	11	101	3	93	3.08e-25	96.3
bin.002Ωk141_604_3	UniRef100_A0A143PFY3~K06891	53.8	93	43	0	10	102	21	113	4.52e-31	111
bin.002Ωk141_604_2	UniRef100_A0A0X3WIZ8~K02954	57.4	101	43	0	1	101	1	101	3.56e-30	108
bin.001Ωk141_2854_1	UniRef100_G7V6V7~K02884	69.1	97	29	1	2	98	21	116	4.59e-38	129
bin.001Ωk141_1860_4	UniRef100_A0A1B2ACW9~K01724	61.8	89	33	1	3	90	5	93	7.60e-33	115
bin.002Ωk141_6030_3	UniRef100_Q6D3I6~K19092	39.4	94	56	1	3	95	1	94	2.22e-17	76.3
bin.002Ωk141_3708_1	UniRef100_D7GTV9~K02003	52.0	100	48	0	1	100	19	118	2.90e-26	99.8
bin.002Ωk141_187_3	UniRef100_A0A1I2PLY2~K07574	43.4	99	53	2	4	99	1	99	7.46e-20	82.8
bin.002Ωk141_7624_1	UniRef100_F0Y407~K14407	35.8	81	51	1	1	80	1	81	6.40e-09	54.3
bin.002Ωk141_1248_5	UniRef100_A0A0L0EUS0~K02892	53.7	95	43	1	3	97	5	98	3.22e-25	96.3
bin.001Ωk141_5920_2	UniRef100_A0A1E7YJN6~K13628	49.5	97	48	1	1	97	12	107	2.09e-29	107
bin.001Ωk141_3339_2	UniRef100_A0A174NT79~K07343	59.3	81	33	0	7	87	9	89	4.77e-27	100
bin.002Ωk141_4000_2	UniRef100_A0A089L785~K09951	57.3	96	41	0	1	96	1	96	1.54e-31	112
bin.002Ωk141_5696_2	UniRef100_D0LRR4~K04078	65.3	95	33	0	1	95	1	95	3.72e-39	131
bin.002Ωk141_5696_4	UniRef100_A0A1C7PDY8~K03530	30.3	89	60	1	8	94	1	89	2.80e-08	52.8
bin.002Ωk141_1248_3	UniRef100_E4TEQ4~K02965	83.1	83	14	0	1	83	1	83	4.20e-46	148
bin.002Ωk141_1221_2	UniRef100_Q1QTW2~K02078	61.4	83	31	1	4	86	3	84	3.90e-27	100
bin.002Ωk141_5410_2	UniRef100_H2FVW4~K09764	46.2	93	50	0	1	93	1	93	3.59e-24	93.2
bin.002Ωk141_1053_1	UniRef100_A0A0K1PEE0~K00324	74.4	90	23	0	1	90	3	92	6.74e-41	135
bin.002Ωk141_6770_1	UniRef100_A0A1P8KAT1~K03438	43.4	76	43	0	1	76	10	85	1.34e-08	53.5
bin.002Ωk141_6715_2	UniRef100_F8A946~K02110	41.5	94	45	2	6	90	8	100	1.51e-09	56.6
bin.002Ωk141_241_2	UniRef100_L1QAT2~K01512	43.4	83	47	0	10	92	7	89	1.60e-17	76.3
bin.001Ωk141_8198_4	UniRef100_A0A074ZGX5~K02433	46.5	86	43	2	6	88	4	89	1.65e-12	63.9
bin.001Ωk141_1151_4	UniRef100_A0A1D7QIK7~K02078	45.9	85	46	0	8	92	15	99	1.92e-22	89.0
bin.002Ωk141_1297_3	UniRef100_A0A165LKJ5~K02314	48.1	81	32	2	2	82	12	82	3.17e-14	67.8
bin.001Ωk141_1209_4	UniRef100_A1WUM4~K03530	60.7	89	35	0	1	89	1	89	1.06e-31	112
bin.002Ωk141_3385_3	UniRef100_A4VFY5~K06720	61.8	89	33	1	1	88	15	103	3.92e-37	126
bin.002Ωk141_4484_2	UniRef100_I3THG0~K03676	61.2	85	33	0	6	90	2	86	8.11e-33	114
bin.001Ωk141_354_1	UniRef100_A0A0P9I765~K01738	49.5	91	45	1	2	91	3	93	3.50e-22	88.6
bin.002Ωk141_1950_3	UniRef100_A0A1Y0G8Y2~K16868	38.0	92	55	2	1	90	1	92	1.60e-10	58.9
bin.002Ωk141_7810_2	UniRef100_A0A0U3TDH9~K03636	30.9	81	56	0	10	90	11	91	4.04e-07	49.7
bin.002Ωk141_3375_2	UniRef100_A0A0H3FP36~K13651	60.5	86	34	0	1	86	1	86	1.50e-30	109
bin.001Ωk141_588_2	UniRef100_Q2SH53~K03227	54.5	88	40	0	1	88	1	88	7.47e-22	87.0
bin.002Ωk141_4011_2	UniRef100_A0A143PR01~K03530	45.3	86	47	0	1	86	1	86	2.94e-19	80.5
bin.002Ωk141_3816_5	UniRef100_K8E2M3~K00831	56.3	87	38	0	1	87	1	87	3.29e-26	98.6
bin.002Ωk141_7453_3	UniRef100_B2UML9~K11189	55.2	87	39	0	1	87	1	87	3.99e-26	97.8
bin.002Ωk141_833_1	UniRef100_B7FSF3~K14407	42.5	73	42	0	4	76	1	73	1.81e-15	70.5
bin.002Ωk141_4845_2	UniRef100_E4TJP3~K02420	50.0	88	44	0	1	88	1	88	5.41e-22	87.4
bin.001Ωk141_1321_1	UniRef100_A0A1W6EEK3~K03636	45.5	77	41	1	11	87	7	82	3.01e-12	62.4
bin.002Ωk141_6715_7	UniRef100_A0A075JKH0~K01952	60.5	76	27	1	7	82	1	73	2.63e-25	95.5
bin.002Ωk141_1221_3	UniRef100_A0A1W6VC06~K02078	51.2	82	40	0	2	83	4	85	1.03e-22	89.0
bin.002Ωk141_4761_1	UniRef100_A0A1S3Y7E9~K01899	58.0	81	33	1	1	80	5	85	1.24e-25	96.7
bin.001Ωk141_1481_3	UniRef100_D6WZ84~K08762	56.1	82	36	0	1	82	1	82	8.63e-27	99.4
bin.001Ωk141_1217_1	UniRef100_A0A0K0Y7X6~K10112	41.2	68	36	2	14	81	2	65	1.88e-07	49.7
bin.001Ωk141_2417_2	UniRef100_J6I3K7~K18842	41.0	83	46	2	2	84	1	80	1.09e-14	68.6
bin.002Ωk141_3866_2	UniRef100_A0A143PSM3~K02968	53.7	82	37	1	1	81	1	82	2.49e-16	72.8
bin.001Ωk141_3921_2	UniRef100_A9GJ16~K15337	61.5	78	30	0	1	78	1	78	2.20e-27	100
bin.002Ωk141_503_4	UniRef100_W0BHT4~K03110	54.4	79	36	0	2	80	12	90	2.47e-24	93.2
bin.002Ωk141_1751_3	UniRef100_L0IJF3~K03666	48.6	70	36	0	1	70	1	70	5.27e-19	79.3
bin.002Ωk141_3186_3	UniRef100_B0SSC3~K07390	59.8	82	33	0	1	82	1	82	6.76e-30	107
bin.001Ωk141_3852_2	UniRef100_B7J948~K02959	52.6	78	37	0	1	78	1	78	1.69e-22	88.2
bin.001Ωk141_464_3	UniRef100_A0A110B0X8~K07056	43.1	72	41	0	2	73	5	76	2.49e-11	59.7
bin.002Ωk141_3816_4	UniRef100_A0A0M2EBV5~K03563	55.7	79	30	1	1	79	1	74	4.75e-20	81.6
bin.002Ωk141_2037_3	UniRef100_A6Q1R9~K02078	67.9	78	25	0	1	78	1	78	4.80e-27	99.4
bin.002Ωk141_996_2	UniRef100_A0A109QIE4~K02078	40.0	70	42	0	5	74	4	73	3.61e-10	56.6
bin.002Ωk141_992_3	UniRef100_B5ZH87~K11209	41.0	78	41	3	1	74	1	77	3.64e-10	57.0
bin.001Ωk141_5096_5	UniRef100_A0A0D1LLH9~K03602	46.2	65	35	0	12	76	6	70	2.02e-10	57.0
bin.002Ωk141_6985_2	UniRef100_G8SK10~K05375	61.9	63	24	0	11	73	6	68	4.07e-23	89.0
bin.002Ωk141_425_4	UniRef100_G2RS55~K07571	44.4	63	35	0	1	63	6	68	4.92e-11	58.5
bin.002Ωk141_7914_2	UniRef100_Q1IS99~K02518	87.5	72	9	0	1	72	1	72	4.87e-40	131
bin.002Ωk141_3547_1	UniRef100_A0A0D6JBG4~K05527	43.4	76	39	1	1	72	1	76	1.46e-12	62.8
bin.002Ωk141_575_4	UniRef100_F8A8B8~K02970	42.9	63	36	0	4	66	4	66	2.92e-08	51.2
bin.002Ωk141_4123_4	UniRef100_F4LSU4~K02961	67.1	70	23	0	1	70	15	84	3.05e-27	99.8
bin.001Ωk141_3755_1	UniRef100_A0A060B0B1~K02406	39.1	69	42	0	1	69	10	78	4.61e-06	45.8
bin.001Ωk141_5859_2	UniRef100_A0A255LNV1~K09984	53.7	54	25	0	2	55	3	56	2.40e-17	73.9
bin.002Ωk141_2774_2	UniRef100_W8T5S1~K02916	71.4	63	18	0	1	63	1	63	2.23e-24	91.7
bin.002Ωk141_8_1	UniRef100_G8NPD5~K02902	61.3	62	23	1	1	62	1	61	1.15e-21	84.7
bin.002Ωk141_7053_3	UniRef100_L0EH45~K07484	55.6	54	24	0	9	62	9	62	3.98e-13	63.2
bin.002Ωk141_2037_5	UniRef100_A5FV67~K02911	61.7	60	23	0	1	60	1	60	8.41e-19	77.4
bin.002Ωk141_3780_2	UniRef100_A0A0G4ARR7~K03073	33.3	51	34	0	2	52	3	53	6.44e-06	44.7
bin.002Ωk141_3166_10	UniRef100_G2MKK5~K05826	58.8	51	21	0	10	60	6	56	1.02e-15	69.3
bin.002Ωk141_3708_4	UniRef100_A0A0X8GRM0~K05375	42.9	56	29	3	3	57	7	60	5.15e-08	50.1
bin.002Ωk141_7601_3	UniRef100_A0A126NPY4~K02907	48.3	58	30	0	1	58	6	63	4.17e-11	57.8
bin.001Ωk141_7835_1	UniRef100_G8NB90~K02899	60.7	56	22	0	1	56	7	62	3.32e-19	78.2
bin.002Ωk141_604_1	UniRef100_A0A1W6N6I3~K02919	65.9	41	14	0	1	41	1	41	4.48e-14	64.3
bin.001Ωk141_1527_2	UniRef100_A0A0H2ZMJ3~K02021	45.5	44	24	0	3	46	2	45	4.46e-06	44.3
